# Blender 5.1.0
# www.blender.org
mtllib lightsaber.mtl
o Cylinder
v 0.000000 -1.000000 -1.000000
v 0.000000 1.000000 -1.000000
v 0.195090 -1.000000 -0.980785
v 0.195090 1.000000 -0.980785
v 0.382683 -1.000000 -0.923880
v 0.382683 1.000000 -0.923880
v 0.555570 -1.000000 -0.831470
v 0.555570 1.000000 -0.831470
v 0.707107 -1.000000 -0.707107
v 0.707107 1.000000 -0.707107
v 0.831470 -1.000000 -0.555570
v 0.831470 1.000000 -0.555570
v 0.923880 -1.000000 -0.382683
v 0.923880 1.000000 -0.382683
v 0.980785 -1.000000 -0.195090
v 0.980785 1.000000 -0.195090
v 1.000000 -1.000000 -0.000000
v 1.000000 1.000000 -0.000000
v 0.980785 -1.000000 0.195090
v 0.980785 1.000000 0.195090
v 0.923880 -1.000000 0.382683
v 0.923880 1.000000 0.382683
v 0.831470 -1.000000 0.555570
v 0.831470 1.000000 0.555570
v 0.707107 -1.000000 0.707107
v 0.707107 1.000000 0.707107
v 0.555570 -1.000000 0.831470
v 0.555570 1.000000 0.831470
v 0.382683 -1.000000 0.923880
v 0.382683 1.000000 0.923880
v 0.195090 -1.000000 0.980785
v 0.195090 1.000000 0.980785
v -0.000000 -1.000000 1.000000
v -0.000000 1.000000 1.000000
v -0.195091 -1.000000 0.980785
v -0.195091 1.000000 0.980785
v -0.382684 -1.000000 0.923879
v -0.382684 1.000000 0.923879
v -0.555571 -1.000000 0.831469
v -0.555571 1.000000 0.831469
v -0.707107 -1.000000 0.707106
v -0.707107 1.000000 0.707106
v -0.831470 -1.000000 0.555570
v -0.831470 1.000000 0.555570
v -0.923880 -1.000000 0.382683
v -0.923880 1.000000 0.382683
v -0.980785 -1.000000 0.195089
v -0.980785 1.000000 0.195089
v -1.000000 -1.000000 -0.000001
v -1.000000 1.000000 -0.000001
v -0.980785 -1.000000 -0.195091
v -0.980785 1.000000 -0.195091
v -0.923879 -1.000000 -0.382684
v -0.923879 1.000000 -0.382684
v -0.831469 -1.000000 -0.555571
v -0.831469 1.000000 -0.555571
v -0.707106 -1.000000 -0.707108
v -0.707106 1.000000 -0.707108
v -0.555569 -1.000000 -0.831470
v -0.555569 1.000000 -0.831470
v -0.382682 -1.000000 -0.923880
v -0.382682 1.000000 -0.923880
v -0.195089 -1.000000 -0.980786
v -0.195089 1.000000 -0.980786
v 0.234108 1.500000 -1.176942
v -0.000000 1.500000 -1.200000
v 0.459220 1.500000 -1.108655
v 0.666684 1.500000 -0.997764
v 0.848528 1.500000 -0.848528
v 0.997764 1.500000 -0.666684
v 1.108655 1.500000 -0.459220
v 1.176942 1.500000 -0.234108
v 1.200000 1.500000 -0.000000
v 1.176942 1.500000 0.234108
v 1.108655 1.500000 0.459220
v 0.997764 1.500000 0.666684
v 0.848528 1.500000 0.848528
v 0.666684 1.500000 0.997764
v 0.459220 1.500000 1.108656
v 0.234108 1.500000 1.176943
v -0.000000 1.500000 1.200000
v -0.234109 1.500000 1.176942
v -0.459221 1.500000 1.108655
v -0.666685 1.500000 0.997763
v -0.848529 1.500000 0.848528
v -0.997764 1.500000 0.666684
v -1.108656 1.500000 0.459219
v -1.176943 1.500000 0.234107
v -1.200000 1.500000 -0.000001
v -1.176942 1.500000 -0.234110
v -1.108655 1.500000 -0.459221
v -0.997763 1.500000 -0.666685
v -0.848527 1.500000 -0.848529
v -0.666683 1.500000 -0.997764
v -0.459219 1.500000 -1.108656
v -0.234107 1.500000 -1.176943
v 0.234108 1.500000 -1.176942
v -0.000000 1.500000 -1.200000
v 0.459220 1.500000 -1.108655
v 0.666684 1.500000 -0.997764
v 0.848528 1.500000 -0.848528
v 0.997764 1.500000 -0.666684
v 1.108655 1.500000 -0.459220
v 1.176942 1.500000 -0.234108
v 1.200000 1.500000 -0.000000
v 1.176942 1.500000 0.234108
v 1.108655 1.500000 0.459220
v 0.997764 1.500000 0.666684
v 0.848528 1.500000 0.848528
v 0.666684 1.500000 0.997764
v 0.459220 1.500000 1.108656
v 0.234108 1.500000 1.176943
v -0.000000 1.500000 1.200000
v -0.234109 1.500000 1.176942
v -0.459221 1.500000 1.108655
v -0.666685 1.500000 0.997763
v -0.848529 1.500000 0.848528
v -0.997764 1.500000 0.666684
v -1.108656 1.500000 0.459219
v -1.176943 1.500000 0.234107
v -1.200000 1.500000 -0.000001
v -1.176942 1.500000 -0.234110
v -1.108655 1.500000 -0.459221
v -0.997763 1.500000 -0.666685
v -0.848527 1.500000 -0.848529
v -0.666683 1.500000 -0.997764
v -0.459219 1.500000 -1.108656
v -0.234107 1.500000 -1.176943
v 0.234108 5.000000 -1.176942
v -0.000000 5.000000 -1.200000
v 0.459220 5.000000 -1.108655
v 0.666684 5.000000 -0.997764
v 0.848528 5.000000 -0.848528
v 0.997764 5.000000 -0.666684
v 1.108655 5.000000 -0.459220
v 1.176942 5.000000 -0.234108
v 1.200000 5.000000 -0.000000
v 1.176942 5.000000 0.234108
v 1.108655 5.000000 0.459220
v 0.997764 5.000000 0.666684
v 0.848528 5.000000 0.848528
v 0.666684 5.000000 0.997764
v 0.459220 5.000000 1.108656
v 0.234108 5.000000 1.176943
v -0.000000 5.000000 1.200000
v -0.234109 5.000000 1.176942
v -0.459221 5.000000 1.108655
v -0.666685 5.000000 0.997763
v -0.848529 5.000000 0.848528
v -0.997764 5.000000 0.666684
v -1.108656 5.000000 0.459219
v -1.176943 5.000000 0.234107
v -1.200000 5.000000 -0.000001
v -1.176942 5.000000 -0.234110
v -1.108655 5.000000 -0.459221
v -0.997763 5.000000 -0.666685
v -0.848527 5.000000 -0.848529
v -0.666683 5.000000 -0.997764
v -0.459219 5.000000 -1.108656
v -0.234107 5.000000 -1.176943
v 0.000000 -1.200000 -0.900000
v 0.175581 -1.200000 -0.882707
v 0.344415 -1.200000 -0.831492
v 0.500013 -1.200000 -0.748323
v 0.636396 -1.200000 -0.636396
v 0.748323 -1.200000 -0.500013
v 0.831492 -1.200000 -0.344415
v 0.882707 -1.200000 -0.175581
v 0.900000 -1.200000 -0.000000
v 0.882707 -1.200000 0.175581
v 0.831492 -1.200000 0.344415
v 0.748323 -1.200000 0.500013
v 0.636396 -1.200000 0.636396
v 0.500013 -1.200000 0.748323
v 0.344415 -1.200000 0.831492
v 0.175581 -1.200000 0.882707
v -0.000000 -1.200000 0.900000
v -0.175582 -1.200000 0.882707
v -0.344415 -1.200000 0.831491
v -0.500014 -1.200000 0.748322
v -0.636397 -1.200000 0.636396
v -0.748323 -1.200000 0.500013
v -0.831492 -1.200000 0.344414
v -0.882707 -1.200000 0.175580
v -0.900000 -1.200000 -0.000001
v -0.882707 -1.200000 -0.175582
v -0.831491 -1.200000 -0.344416
v -0.748322 -1.200000 -0.500014
v -0.636395 -1.200000 -0.636397
v -0.500012 -1.200000 -0.748323
v -0.344414 -1.200000 -0.831492
v -0.175580 -1.200000 -0.882707
v 0.000000 -1.200000 -0.900000
v 0.175581 -1.200000 -0.882707
v 0.344415 -1.200000 -0.831492
v 0.500013 -1.200000 -0.748323
v 0.636396 -1.200000 -0.636396
v 0.748323 -1.200000 -0.500013
v 0.831492 -1.200000 -0.344415
v 0.882707 -1.200000 -0.175581
v 0.900000 -1.200000 -0.000000
v 0.882707 -1.200000 0.175581
v 0.831492 -1.200000 0.344415
v 0.748323 -1.200000 0.500013
v 0.636396 -1.200000 0.636396
v 0.500013 -1.200000 0.748323
v 0.344415 -1.200000 0.831492
v 0.175581 -1.200000 0.882707
v -0.000000 -1.200000 0.900000
v -0.175582 -1.200000 0.882707
v -0.344415 -1.200000 0.831491
v -0.500014 -1.200000 0.748322
v -0.636397 -1.200000 0.636396
v -0.748323 -1.200000 0.500013
v -0.831492 -1.200000 0.344414
v -0.882707 -1.200000 0.175580
v -0.900000 -1.200000 -0.000001
v -0.882707 -1.200000 -0.175582
v -0.831491 -1.200000 -0.344416
v -0.748322 -1.200000 -0.500014
v -0.636395 -1.200000 -0.636397
v -0.500012 -1.200000 -0.748323
v -0.344414 -1.200000 -0.831492
v -0.175580 -1.200000 -0.882707
v 0.000000 -3.000000 -0.900000
v 0.175581 -3.000000 -0.882707
v 0.344415 -3.000000 -0.831492
v 0.500013 -3.000000 -0.748323
v 0.636396 -3.000000 -0.636396
v 0.748323 -3.000000 -0.500013
v 0.831492 -3.000000 -0.344415
v 0.882707 -3.000000 -0.175581
v 0.900000 -3.000000 -0.000000
v 0.882707 -3.000000 0.175581
v 0.831492 -3.000000 0.344415
v 0.748323 -3.000000 0.500013
v 0.636396 -3.000000 0.636396
v 0.500013 -3.000000 0.748323
v 0.344415 -3.000000 0.831492
v 0.175581 -3.000000 0.882707
v -0.000000 -3.000000 0.900000
v -0.175582 -3.000000 0.882707
v -0.344415 -3.000000 0.831491
v -0.500014 -3.000000 0.748322
v -0.636397 -3.000000 0.636396
v -0.748323 -3.000000 0.500013
v -0.831492 -3.000000 0.344414
v -0.882707 -3.000000 0.175580
v -0.900000 -3.000000 -0.000001
v -0.882707 -3.000000 -0.175582
v -0.831491 -3.000000 -0.344416
v -0.748322 -3.000000 -0.500014
v -0.636395 -3.000000 -0.636397
v -0.500012 -3.000000 -0.748323
v -0.344414 -3.000000 -0.831492
v -0.175580 -3.000000 -0.882707
v 0.137656 13.199998 -0.692042
v 0.000000 13.199998 -0.705600
v 0.270021 13.199998 -0.651890
v 0.392010 13.199998 -0.586685
v 0.498935 13.199998 -0.498935
v 0.586685 13.199998 -0.392010
v 0.651889 13.199998 -0.270022
v 0.692042 13.199998 -0.137656
v 0.705600 13.199998 -0.000000
v 0.692042 13.199998 0.137656
v 0.651889 13.199998 0.270021
v 0.586685 13.199998 0.392010
v 0.498935 13.199998 0.498934
v 0.392010 13.199998 0.586685
v 0.270021 13.199998 0.651889
v 0.137656 13.199998 0.692042
v -0.000000 13.199998 0.705600
v -0.137656 13.199998 0.692042
v -0.270022 13.199998 0.651889
v -0.392011 13.199998 0.586685
v -0.498935 13.199998 0.498934
v -0.586685 13.199998 0.392010
v -0.651890 13.199998 0.270021
v -0.692042 13.199998 0.137655
v -0.705600 13.199998 -0.000001
v -0.692042 13.199998 -0.137657
v -0.651889 13.199998 -0.270022
v -0.586685 13.199998 -0.392011
v -0.498934 13.199998 -0.498935
v -0.392010 13.199998 -0.586686
v -0.270020 13.199998 -0.651890
v -0.137655 13.199998 -0.692042
v 0.206484 13.199995 -1.038063
v -0.000000 13.199995 -1.058400
v 0.405032 13.199995 -0.977834
v 0.588016 13.199995 -0.880027
v 0.748402 13.199995 -0.748402
v 0.880027 13.199995 -0.588015
v 0.977834 13.199995 -0.405032
v 1.038063 13.199995 -0.206484
v 1.058400 13.199995 -0.000000
v 1.038063 13.199995 0.206484
v 0.977834 13.199995 0.405032
v 0.880027 13.199995 0.588016
v 0.748402 13.199995 0.748402
v 0.588015 13.199995 0.880028
v 0.405032 13.199995 0.977834
v 0.206483 13.199995 1.038063
v -0.000000 13.199995 1.058400
v -0.206484 13.199995 1.038063
v -0.405033 13.199995 0.977834
v -0.588016 13.199995 0.880027
v -0.748402 13.199995 0.748401
v -0.880028 13.199995 0.588015
v -0.977835 13.199995 0.405031
v -1.038063 13.199995 0.206483
v -1.058400 13.199995 -0.000001
v -1.038063 13.199995 -0.206485
v -0.977834 13.199995 -0.405033
v -0.880027 13.199995 -0.588017
v -0.748401 13.199995 -0.748403
v -0.588014 13.199995 -0.880028
v -0.405031 13.199995 -0.977835
v -0.206482 13.199995 -1.038064
v 0.185835 13.299995 -0.934257
v -0.000000 13.299995 -0.952560
v 0.364529 13.299995 -0.880051
v 0.529214 13.299995 -0.792025
v 0.673562 13.299995 -0.673562
v 0.792025 13.299995 -0.529214
v 0.880051 13.299995 -0.364529
v 0.934257 13.299995 -0.185835
v 0.952560 13.299995 -0.000000
v 0.934257 13.299995 0.185835
v 0.880051 13.299995 0.364529
v 0.792025 13.299995 0.529214
v 0.673562 13.299995 0.673562
v 0.529214 13.299995 0.792025
v 0.364529 13.299995 0.880051
v 0.185835 13.299995 0.934257
v -0.000000 13.299995 0.952560
v -0.185836 13.299995 0.934257
v -0.364529 13.299995 0.880050
v -0.529215 13.299995 0.792024
v -0.673562 13.299995 0.673561
v -0.792025 13.299995 0.529213
v -0.880051 13.299995 0.364528
v -0.934257 13.299995 0.185834
v -0.952560 13.299995 -0.000001
v -0.934257 13.299995 -0.185836
v -0.880050 13.299995 -0.364530
v -0.792024 13.299995 -0.529215
v -0.673561 13.299995 -0.673562
v -0.529213 13.299995 -0.792026
v -0.364528 13.299995 -0.880051
v -0.185834 13.299995 -0.934257
v 0.120793 15.299995 -0.607267
v 0.000000 15.299995 -0.619164
v 0.236944 15.299995 -0.572033
v 0.343989 15.299995 -0.514816
v 0.437815 15.299995 -0.437815
v 0.514816 15.299995 -0.343989
v 0.572033 15.299995 -0.236944
v 0.607267 15.299995 -0.120793
v 0.619164 15.299995 -0.000000
v 0.607267 15.299995 0.120793
v 0.572033 15.299995 0.236944
v 0.514816 15.299995 0.343989
v 0.437815 15.299995 0.437815
v 0.343989 15.299995 0.514816
v 0.236944 15.299995 0.572033
v 0.120793 15.299995 0.607267
v -0.000000 15.299995 0.619164
v -0.120793 15.299995 0.607267
v -0.236944 15.299995 0.572033
v -0.343989 15.299995 0.514816
v -0.437815 15.299995 0.437815
v -0.514816 15.299995 0.343989
v -0.572033 15.299995 0.236943
v -0.607267 15.299995 0.120792
v -0.619164 15.299995 -0.000001
v -0.607267 15.299995 -0.120794
v -0.572033 15.299995 -0.236945
v -0.514816 15.299995 -0.343990
v -0.437815 15.299995 -0.437816
v -0.343988 15.299995 -0.514817
v -0.236943 15.299995 -0.572034
v -0.120792 15.299995 -0.607267
v 0.181189 15.299998 -0.910901
v 0.000000 15.299998 -0.928746
v 0.355416 15.299998 -0.858050
v 0.515984 15.299998 -0.772224
v 0.656723 15.299998 -0.656723
v 0.772224 15.299998 -0.515984
v 0.858049 15.299998 -0.355416
v 0.910901 15.299998 -0.181189
v 0.928746 15.299998 -0.000000
v 0.910901 15.299998 0.181189
v 0.858049 15.299998 0.355416
v 0.772224 15.299998 0.515984
v 0.656723 15.299998 0.656723
v 0.515984 15.299998 0.772224
v 0.355416 15.299998 0.858050
v 0.181189 15.299998 0.910901
v -0.000000 15.299998 0.928746
v -0.181190 15.299998 0.910900
v -0.355416 15.299998 0.858049
v -0.515984 15.299998 0.772224
v -0.656723 15.299998 0.656722
v -0.772225 15.299998 0.515983
v -0.858050 15.299998 0.355415
v -0.910901 15.299998 0.181189
v -0.928746 15.299998 -0.000001
v -0.910900 15.299998 -0.181190
v -0.858049 15.299998 -0.355417
v -0.772224 15.299998 -0.515985
v -0.656722 15.299998 -0.656723
v -0.515983 15.299998 -0.772225
v -0.355414 15.299998 -0.858050
v -0.181188 15.299998 -0.910901
v 0.181189 15.299998 -0.910901
v 0.000000 15.299998 -0.928746
v 0.355416 15.299998 -0.858050
v 0.515984 15.299998 -0.772224
v 0.656723 15.299998 -0.656723
v 0.772224 15.299998 -0.515984
v 0.858049 15.299998 -0.355416
v 0.910901 15.299998 -0.181189
v 0.928746 15.299998 -0.000000
v 0.910901 15.299998 0.181189
v 0.858049 15.299998 0.355416
v 0.772224 15.299998 0.515984
v 0.656723 15.299998 0.656723
v 0.515984 15.299998 0.772224
v 0.355416 15.299998 0.858050
v 0.181189 15.299998 0.910901
v -0.000000 15.299998 0.928746
v -0.181190 15.299998 0.910900
v -0.355416 15.299998 0.858049
v -0.515984 15.299998 0.772224
v -0.656723 15.299998 0.656722
v -0.772225 15.299998 0.515983
v -0.858050 15.299998 0.355415
v -0.910901 15.299998 0.181189
v -0.928746 15.299998 -0.000001
v -0.910900 15.299998 -0.181190
v -0.858049 15.299998 -0.355417
v -0.772224 15.299998 -0.515985
v -0.656722 15.299998 -0.656723
v -0.515983 15.299998 -0.772225
v -0.355414 15.299998 -0.858050
v -0.181188 15.299998 -0.910901
v 0.181189 15.999998 -0.910901
v 0.000000 15.999998 -0.928746
v 0.355416 15.999998 -0.858050
v 0.515984 15.999998 -0.772224
v 0.656723 15.999998 -0.656723
v 0.772224 15.999998 -0.515984
v 0.858049 15.999998 -0.355416
v 0.910901 15.999998 -0.181189
v 0.928746 15.999998 -0.000000
v 0.910901 15.999998 0.181189
v 0.858049 15.999998 0.355416
v 0.772224 15.999998 0.515984
v 0.656723 15.999998 0.656723
v 0.515984 15.999998 0.772224
v 0.355416 15.999998 0.858050
v 0.181189 15.999998 0.910901
v -0.000000 15.999998 0.928746
v -0.181190 15.999998 0.910900
v -0.355416 15.999998 0.858049
v -0.515984 15.999998 0.772224
v -0.656723 15.999998 0.656722
v -0.772225 15.999998 0.515983
v -0.858050 15.999998 0.355415
v -0.910901 15.999998 0.181189
v -0.928746 15.999998 -0.000001
v -0.910900 15.999998 -0.181190
v -0.858049 15.999998 -0.355417
v -0.772224 15.999998 -0.515985
v -0.656722 15.999998 -0.656723
v -0.515983 15.999998 -0.772225
v -0.355414 15.999998 -0.858050
v -0.181188 15.999998 -0.910901
v 0.217427 15.999998 -1.093081
v -0.000000 15.999998 -1.114495
v 0.426499 15.999998 -1.029660
v 0.619181 15.999998 -0.926669
v 0.788067 15.999998 -0.788067
v 0.926669 15.999998 -0.619180
v 1.029659 15.999998 -0.426499
v 1.093081 15.999998 -0.217427
v 1.114495 15.999998 -0.000000
v 1.093081 15.999998 0.217427
v 1.029659 15.999998 0.426499
v 0.926669 15.999998 0.619181
v 0.788067 15.999998 0.788067
v 0.619180 15.999998 0.926669
v 0.426499 15.999998 1.029660
v 0.217427 15.999998 1.093081
v -0.000000 15.999998 1.114495
v -0.217428 15.999998 1.093081
v -0.426499 15.999998 1.029659
v -0.619181 15.999998 0.926669
v -0.788068 15.999998 0.788067
v -0.926670 15.999998 0.619180
v -1.029660 15.999998 0.426498
v -1.093081 15.999998 0.217426
v -1.114496 15.999998 -0.000001
v -1.093081 15.999998 -0.217428
v -1.029659 15.999998 -0.426500
v -0.926668 15.999998 -0.619181
v -0.788066 15.999998 -0.788068
v -0.619179 15.999998 -0.926670
v -0.426497 15.999998 -1.029660
v -0.217426 15.999998 -1.093081
v 0.217427 16.299997 -1.093081
v -0.000000 16.299997 -1.114495
v 0.426499 16.299997 -1.029660
v 0.619181 16.299997 -0.926669
v 0.788067 16.299997 -0.788067
v 0.926669 16.299997 -0.619180
v 1.029659 16.299997 -0.426499
v 1.093081 16.299997 -0.217427
v 1.114495 16.299997 -0.000000
v 1.093081 16.299997 0.217427
v 1.029659 16.299997 0.426499
v 0.926669 16.299997 0.619181
v 0.788067 16.299997 0.788067
v 0.619180 16.299997 0.926669
v 0.426499 16.299997 1.029660
v 0.217427 16.299997 1.093081
v -0.000000 16.299997 1.114495
v -0.217428 16.299997 1.093081
v -0.426499 16.299997 1.029659
v -0.619181 16.299997 0.926669
v -0.788068 16.299997 0.788067
v -0.926670 16.299997 0.619180
v -1.029660 16.299997 0.426498
v -1.093081 16.299997 0.217426
v -1.114496 16.299997 -0.000001
v -1.093081 16.299997 -0.217428
v -1.029659 16.299997 -0.426500
v -0.926668 16.299997 -0.619181
v -0.788066 16.299997 -0.788068
v -0.619179 16.299997 -0.926670
v -0.426497 16.299997 -1.029660
v -0.217426 16.299997 -1.093081
v 0.239170 16.299997 -1.202389
v -0.000000 16.299997 -1.225945
v 0.469149 16.299997 -1.132625
v 0.681099 16.299997 -1.019336
v 0.866874 16.299997 -0.866874
v 1.019336 16.299997 -0.681098
v 1.132625 16.299997 -0.469149
v 1.202389 16.299997 -0.239170
v 1.225945 16.299997 -0.000000
v 1.202389 16.299997 0.239170
v 1.132625 16.299997 0.469149
v 1.019336 16.299997 0.681099
v 0.866874 16.299997 0.866874
v 0.681098 16.299997 1.019336
v 0.469149 16.299997 1.132626
v 0.239170 16.299997 1.202389
v -0.000000 16.299997 1.225945
v -0.239171 16.299997 1.202389
v -0.469149 16.299997 1.132625
v -0.681099 16.299997 1.019336
v -0.866875 16.299997 0.866874
v -1.019337 16.299997 0.681098
v -1.132626 16.299997 0.469148
v -1.202389 16.299997 0.239169
v -1.225945 16.299997 -0.000001
v -1.202389 16.299997 -0.239171
v -1.132625 16.299997 -0.469150
v -1.019335 16.299997 -0.681100
v -0.866873 16.299997 -0.866875
v -0.681097 16.299997 -1.019337
v -0.469147 16.299997 -1.132626
v -0.239168 16.299997 -1.202389
v 0.215253 16.399998 -1.082150
v -0.000000 16.399998 -1.103350
v 0.422234 16.399998 -1.019363
v 0.612989 16.399998 -0.917402
v 0.780187 16.399998 -0.780186
v 0.917402 16.399998 -0.612989
v 1.019363 16.399998 -0.422234
v 1.082150 16.399998 -0.215253
v 1.103350 16.399998 -0.000000
v 1.082150 16.399998 0.215253
v 1.019363 16.399998 0.422234
v 0.917402 16.399998 0.612989
v 0.780187 16.399998 0.780187
v 0.612989 16.399998 0.917403
v 0.422234 16.399998 1.019363
v 0.215253 16.399998 1.082150
v -0.000000 16.399998 1.103350
v -0.215253 16.399998 1.082150
v -0.422234 16.399998 1.019363
v -0.612989 16.399998 0.917402
v -0.780187 16.399998 0.780186
v -0.917403 16.399998 0.612988
v -1.019363 16.399998 0.422233
v -1.082150 16.399998 0.215252
v -1.103351 16.399998 -0.000001
v -1.082150 16.399998 -0.215254
v -1.019363 16.399998 -0.422235
v -0.917402 16.399998 -0.612990
v -0.780186 16.399998 -0.780187
v -0.612987 16.399998 -0.917403
v -0.422232 16.399998 -1.019364
v -0.215251 16.399998 -1.082150
v 0.215253 16.399998 -1.082150
v -0.000000 16.399998 -1.103350
v 0.422234 16.399998 -1.019363
v 0.612989 16.399998 -0.917402
v 0.780187 16.399998 -0.780186
v 0.917402 16.399998 -0.612989
v 1.019363 16.399998 -0.422234
v 1.082150 16.399998 -0.215253
v 1.103350 16.399998 -0.000000
v 1.082150 16.399998 0.215253
v 1.019363 16.399998 0.422234
v 0.917402 16.399998 0.612989
v 0.780187 16.399998 0.780187
v 0.612989 16.399998 0.917403
v 0.422234 16.399998 1.019363
v 0.215253 16.399998 1.082150
v -0.000000 16.399998 1.103350
v -0.215253 16.399998 1.082150
v -0.422234 16.399998 1.019363
v -0.612989 16.399998 0.917402
v -0.780187 16.399998 0.780186
v -0.917403 16.399998 0.612988
v -1.019363 16.399998 0.422233
v -1.082150 16.399998 0.215252
v -1.103351 16.399998 -0.000001
v -1.082150 16.399998 -0.215254
v -1.019363 16.399998 -0.422235
v -0.917402 16.399998 -0.612990
v -0.780186 16.399998 -0.780187
v -0.612987 16.399998 -0.917403
v -0.422232 16.399998 -1.019364
v -0.215251 16.399998 -1.082150
v 0.107627 16.399998 -0.541075
v 0.000000 16.399998 -0.551675
v 0.211117 16.399998 -0.509682
v 0.306494 16.399998 -0.458701
v 0.390093 16.399998 -0.390093
v 0.458701 16.399998 -0.306494
v 0.509681 16.399998 -0.211117
v 0.541075 16.399998 -0.107627
v 0.551675 16.399998 -0.000000
v 0.541075 16.399998 0.107626
v 0.509681 16.399998 0.211117
v 0.458701 16.399998 0.306494
v 0.390093 16.399998 0.390093
v 0.306494 16.399998 0.458701
v 0.211117 16.399998 0.509681
v 0.107626 16.399998 0.541075
v -0.000000 16.399998 0.551675
v -0.107627 16.399998 0.541075
v -0.211117 16.399998 0.509681
v -0.306495 16.399998 0.458701
v -0.390094 16.399998 0.390093
v -0.458702 16.399998 0.306494
v -0.509682 16.399998 0.211116
v -0.541075 16.399998 0.107626
v -0.551675 16.399998 -0.000001
v -0.541075 16.399998 -0.107627
v -0.509681 16.399998 -0.211118
v -0.458701 16.399998 -0.306495
v -0.390093 16.399998 -0.390094
v -0.306494 16.399998 -0.458702
v -0.211116 16.399998 -0.509682
v -0.107626 16.399998 -0.541075
v 0.107627 16.899998 -0.541075
v 0.000000 16.899998 -0.551675
v 0.211117 16.899998 -0.509682
v 0.306494 16.899998 -0.458701
v 0.390093 16.899998 -0.390093
v 0.458701 16.899998 -0.306494
v 0.509681 16.899998 -0.211117
v 0.541075 16.899998 -0.107627
v 0.551675 16.899998 -0.000000
v 0.541075 16.899998 0.107626
v 0.509681 16.899998 0.211117
v 0.458701 16.899998 0.306494
v 0.390093 16.899998 0.390093
v 0.306494 16.899998 0.458701
v 0.211117 16.899998 0.509681
v 0.107626 16.899998 0.541075
v -0.000000 16.899998 0.551675
v -0.107627 16.899998 0.541075
v -0.211117 16.899998 0.509681
v -0.306495 16.899998 0.458701
v -0.390094 16.899998 0.390093
v -0.458702 16.899998 0.306494
v -0.509682 16.899998 0.211116
v -0.541075 16.899998 0.107626
v -0.551675 16.899998 -0.000001
v -0.541075 16.899998 -0.107627
v -0.509681 16.899998 -0.211118
v -0.458701 16.899998 -0.306495
v -0.390093 16.899998 -0.390094
v -0.306494 16.899998 -0.458702
v -0.211116 16.899998 -0.509682
v -0.107626 16.899998 -0.541075
v 0.102245 16.899998 -0.514021
v 0.000000 16.899998 -0.524092
v 0.200561 16.899998 -0.484197
v 0.291170 16.899998 -0.435766
v 0.370589 16.899998 -0.370589
v 0.435766 16.899998 -0.291170
v 0.484197 16.899998 -0.200561
v 0.514021 16.899998 -0.102245
v 0.524091 16.899998 -0.000000
v 0.514021 16.899998 0.102245
v 0.484197 16.899998 0.200561
v 0.435766 16.899998 0.291169
v 0.370589 16.899998 0.370589
v 0.291170 16.899998 0.435766
v 0.200561 16.899998 0.484197
v 0.102245 16.899998 0.514021
v -0.000000 16.899998 0.524091
v -0.102245 16.899998 0.514021
v -0.200561 16.899998 0.484197
v -0.291170 16.899998 0.435766
v -0.370589 16.899998 0.370588
v -0.435766 16.899998 0.291169
v -0.484198 16.899998 0.200561
v -0.514021 16.899998 0.102245
v -0.524091 16.899998 -0.000001
v -0.514021 16.899998 -0.102246
v -0.484197 16.899998 -0.200562
v -0.435766 16.899998 -0.291170
v -0.370588 16.899998 -0.370589
v -0.291169 16.899998 -0.435767
v -0.200560 16.899998 -0.484198
v -0.102244 16.899998 -0.514021
v 0.102245 16.399998 -0.514021
v 0.000000 16.399998 -0.524092
v 0.200561 16.399998 -0.484197
v 0.291170 16.399998 -0.435766
v 0.370589 16.399998 -0.370589
v 0.435766 16.399998 -0.291170
v 0.484197 16.399998 -0.200561
v 0.514021 16.399998 -0.102245
v 0.524091 16.399998 -0.000000
v 0.514021 16.399998 0.102245
v 0.484197 16.399998 0.200561
v 0.435766 16.399998 0.291169
v 0.370589 16.399998 0.370589
v 0.291170 16.399998 0.435766
v 0.200561 16.399998 0.484197
v 0.102245 16.399998 0.514021
v -0.000000 16.399998 0.524091
v -0.102245 16.399998 0.514021
v -0.200561 16.399998 0.484197
v -0.291170 16.399998 0.435766
v -0.370589 16.399998 0.370588
v -0.435766 16.399998 0.291169
v -0.484198 16.399998 0.200561
v -0.514021 16.399998 0.102245
v -0.524091 16.399998 -0.000001
v -0.514021 16.399998 -0.102246
v -0.484197 16.399998 -0.200562
v -0.435766 16.399998 -0.291170
v -0.370588 16.399998 -0.370589
v -0.291169 16.399998 -0.435767
v -0.200560 16.399998 -0.484198
v -0.102244 16.399998 -0.514021
v 0.879231 -2.580000 0.877128
v 0.879231 -1.620000 0.877128
v 1.199231 -2.580000 0.322872
v 1.199231 -1.620000 0.322872
v 0.894570 -1.500685 0.055128
v 0.894570 -2.699314 0.055128
v 0.882707 -2.684329 0.175581
v 0.882707 -1.515671 0.175581
v 0.831492 -2.672310 0.344415
v 0.831492 -1.527690 0.344415
v 0.748323 -2.670578 0.500013
v 0.748323 -1.529422 0.500013
v 0.636396 -2.679200 0.636396
v 0.636396 -1.520800 0.636396
v 0.500013 -2.697844 0.748323
v 0.500013 -1.502156 0.748323
v 0.499417 -2.697951 0.748642
v 0.499417 -1.502048 0.748642
v -0.320000 -2.580000 1.200000
v -0.320000 -1.620000 1.200000
v 0.320000 -2.580000 1.200000
v 0.320000 -1.620000 1.200000
v 0.399543 -1.500685 0.802285
v 0.399543 -2.699314 0.802285
v 0.289296 -2.684329 0.852237
v 0.289296 -1.515671 0.852237
v 0.117474 -2.672310 0.892300
v 0.117474 -1.527690 0.892300
v -0.058863 -2.670578 0.898073
v -0.058863 -1.529422 0.898073
v -0.232937 -2.679200 0.869333
v -0.232937 -1.520800 0.869333
v -0.398060 -2.697844 0.807185
v -0.398060 -1.502156 0.807185
v -0.398634 -2.697951 0.806828
v -0.398634 -1.502048 0.806828
v -1.199231 -2.580000 0.322872
v -1.199231 -1.620000 0.322872
v -0.879231 -2.580000 0.877128
v -0.879231 -1.620000 0.877128
v -0.495027 -1.500685 0.747157
v -0.495027 -2.699314 0.747157
v -0.593411 -2.684329 0.676656
v -0.593411 -1.515671 0.676656
v -0.714018 -2.672310 0.547885
v -0.714018 -1.527690 0.547885
v -0.807186 -2.670578 0.398060
v -0.807186 -1.529422 0.398060
v -0.869333 -2.679200 0.232937
v -0.869333 -1.520800 0.232937
v -0.898073 -2.697844 0.058863
v -0.898073 -1.502156 0.058863
v -0.898051 -2.697951 0.058187
v -0.898051 -1.502048 0.058187
v -0.879230 -2.580000 -0.877128
v -0.879230 -1.620000 -0.877128
v -1.199230 -2.580000 -0.322872
v -1.199230 -1.620000 -0.322872
v -0.894570 -1.500685 -0.055128
v -0.894570 -2.699314 -0.055128
v -0.882707 -2.684329 -0.175581
v -0.882707 -1.515671 -0.175581
v -0.831492 -2.672310 -0.344415
v -0.831492 -1.527690 -0.344415
v -0.748323 -2.670578 -0.500013
v -0.748323 -1.529422 -0.500013
v -0.636396 -2.679200 -0.636396
v -0.636396 -1.520800 -0.636396
v -0.500013 -2.697844 -0.748323
v -0.500013 -1.502156 -0.748323
v -0.499416 -2.697951 -0.748642
v -0.499416 -1.502048 -0.748642
v 0.320000 -2.580000 -1.200000
v 0.320000 -1.620000 -1.200000
v -0.320000 -2.580000 -1.200000
v -0.320000 -1.620000 -1.200000
v -0.399543 -1.500685 -0.802285
v -0.399543 -2.699314 -0.802285
v -0.289296 -2.684329 -0.852237
v -0.289296 -1.515671 -0.852237
v -0.117474 -2.672310 -0.892300
v -0.117474 -1.527690 -0.892300
v 0.058863 -2.670578 -0.898073
v 0.058863 -1.529422 -0.898073
v 0.232937 -2.679200 -0.869333
v 0.232937 -1.520800 -0.869333
v 0.398060 -2.697844 -0.807185
v 0.398060 -1.502156 -0.807185
v 0.398634 -2.697951 -0.806828
v 0.398634 -1.502048 -0.806828
v 1.199231 -2.580000 -0.322872
v 1.199231 -1.620000 -0.322872
v 0.879231 -2.580000 -0.877128
v 0.879231 -1.620000 -0.877128
v 0.495028 -1.500685 -0.747157
v 0.495028 -2.699314 -0.747157
v 0.593411 -2.684329 -0.676656
v 0.593411 -1.515671 -0.676656
v 0.714018 -2.672310 -0.547885
v 0.714018 -1.527690 -0.547885
v 0.807186 -2.670578 -0.398060
v 0.807186 -1.529422 -0.398060
v 0.869333 -2.679200 -0.232937
v 0.869333 -1.520800 -0.232937
v 0.898073 -2.697844 -0.058863
v 0.898073 -1.502156 -0.058863
v 0.898051 -2.697951 -0.058186
v 0.898051 -1.502048 -0.058186
v -0.500000 2.000000 -1.100000
v -0.500000 5.000000 -1.100000
v 0.500000 2.000000 -1.100000
v 0.500000 5.000000 -1.100000
v -0.500000 2.000000 -1.950000
v -0.500000 5.000000 -1.950000
v 0.500000 2.000000 -1.950000
v 0.500000 5.000000 -1.950000
v 0.350000 2.000000 -1.100000
v 0.350000 5.000000 -1.100000
v 0.350000 5.000000 -1.950000
v 0.350000 2.000000 -1.950000
v -0.330000 5.000000 -1.100000
v -0.330000 2.000000 -1.950000
v -0.330000 2.000000 -1.100000
v -0.330000 5.000000 -1.950000
v -0.500000 2.120000 -1.100000
v -0.500000 2.240000 -1.100000
v -0.500000 2.360000 -1.100000
v -0.500000 2.480000 -1.100000
v -0.500000 2.600000 -1.100000
v -0.500000 2.720000 -1.100000
v -0.500000 2.840000 -1.100000
v -0.500000 2.960000 -1.100000
v -0.500000 3.080000 -1.100000
v -0.500000 3.200000 -1.100000
v -0.500000 3.320000 -1.100000
v -0.500000 3.440000 -1.100000
v -0.500000 3.560000 -1.100000
v -0.500000 3.680000 -1.100000
v -0.500000 3.800000 -1.100000
v -0.500000 3.920000 -1.100000
v -0.500000 4.040000 -1.100000
v -0.500000 4.160000 -1.100000
v -0.500000 4.280000 -1.100000
v -0.500000 4.400000 -1.100000
v -0.500000 4.520000 -1.100000
v -0.500000 4.640000 -1.100000
v -0.500000 4.760000 -1.100000
v -0.500000 4.880000 -1.100000
v 0.500000 4.880000 -1.100000
v 0.500000 4.760000 -1.100000
v 0.500000 4.640000 -1.100000
v 0.500000 4.520000 -1.100000
v 0.500000 4.400000 -1.100000
v 0.500000 4.280000 -1.100000
v 0.500000 4.160000 -1.100000
v 0.500000 4.040000 -1.100000
v 0.500000 3.920000 -1.100000
v 0.500000 3.800000 -1.100000
v 0.500000 3.680000 -1.100000
v 0.500000 3.560000 -1.100000
v 0.500000 3.440000 -1.100000
v 0.500000 3.320000 -1.100000
v 0.500000 3.200000 -1.100000
v 0.500000 3.080000 -1.100000
v 0.500000 2.960000 -1.100000
v 0.500000 2.840000 -1.100000
v 0.500000 2.720000 -1.100000
v 0.500000 2.600000 -1.100000
v 0.500000 2.480000 -1.100000
v 0.500000 2.360000 -1.100000
v 0.500000 2.240000 -1.100000
v 0.500000 2.120000 -1.100000
v 0.500000 4.880000 -1.950000
v 0.500000 4.760000 -1.950000
v 0.500000 4.640000 -1.950000
v 0.500000 4.520000 -1.950000
v 0.500000 4.400000 -1.950000
v 0.500000 4.280000 -1.950000
v 0.500000 4.160000 -1.950000
v 0.500000 4.040000 -1.950000
v 0.500000 3.920000 -1.950000
v 0.500000 3.800000 -1.950000
v 0.500000 3.680000 -1.950000
v 0.500000 3.560000 -1.950000
v 0.500000 3.440000 -1.950000
v 0.500000 3.320000 -1.950000
v 0.500000 3.200000 -1.950000
v 0.500000 3.080000 -1.950000
v 0.500000 2.960000 -1.950000
v 0.500000 2.840000 -1.950000
v 0.500000 2.720000 -1.950000
v 0.500000 2.600000 -1.950000
v 0.500000 2.480000 -1.950000
v 0.500000 2.360000 -1.950000
v 0.500000 2.240000 -1.950000
v 0.500000 2.120000 -1.950000
v -0.500000 4.880000 -1.950000
v -0.500000 4.760000 -1.950000
v -0.500000 4.640000 -1.950000
v -0.500000 4.520000 -1.950000
v -0.500000 4.400000 -1.950000
v -0.500000 4.280000 -1.950000
v -0.500000 4.160000 -1.950000
v -0.500000 4.040000 -1.950000
v -0.500000 3.920000 -1.950000
v -0.500000 3.800000 -1.950000
v -0.500000 3.680000 -1.950000
v -0.500000 3.560000 -1.950000
v -0.500000 3.440000 -1.950000
v -0.500000 3.320000 -1.950000
v -0.500000 3.200000 -1.950000
v -0.500000 3.080000 -1.950000
v -0.500000 2.960000 -1.950000
v -0.500000 2.840000 -1.950000
v -0.500000 2.720000 -1.950000
v -0.500000 2.600000 -1.950000
v -0.500000 2.480000 -1.950000
v -0.500000 2.360000 -1.950000
v -0.500000 2.240000 -1.950000
v -0.500000 2.120000 -1.950000
v 0.350000 4.880000 -1.100000
v 0.350000 4.760000 -1.100000
v 0.350000 4.640000 -1.100000
v 0.350000 4.520000 -1.100000
v 0.350000 4.400000 -1.100000
v 0.350000 4.280000 -1.100000
v 0.350000 4.160000 -1.100000
v 0.350000 4.040000 -1.100000
v 0.350000 3.920000 -1.100000
v 0.350000 3.800000 -1.100000
v 0.350000 3.680000 -1.100000
v 0.350000 3.560000 -1.100000
v 0.350000 3.440000 -1.100000
v 0.350000 3.320000 -1.100000
v 0.350000 3.200000 -1.100000
v 0.350000 3.080000 -1.100000
v 0.350000 2.960000 -1.100000
v 0.350000 2.840000 -1.100000
v 0.350000 2.720000 -1.100000
v 0.350000 2.600000 -1.100000
v 0.350000 2.480000 -1.100000
v 0.350000 2.360000 -1.100000
v 0.350000 2.240000 -1.100000
v 0.350000 2.120000 -1.100000
v -0.330000 4.880000 -1.100000
v -0.330000 4.760000 -1.100000
v -0.330000 4.640000 -1.100000
v -0.330000 4.520000 -1.100000
v -0.330000 4.400000 -1.100000
v -0.330000 4.280000 -1.100000
v -0.330000 4.160000 -1.100000
v -0.330000 4.040000 -1.100000
v -0.330000 3.920000 -1.100000
v -0.330000 3.800000 -1.100000
v -0.330000 3.680000 -1.100000
v -0.330000 3.560000 -1.100000
v -0.330000 3.440000 -1.100000
v -0.330000 3.320000 -1.100000
v -0.330000 3.200000 -1.100000
v -0.330000 3.080000 -1.100000
v -0.330000 2.960000 -1.100000
v -0.330000 2.840000 -1.100000
v -0.330000 2.720000 -1.100000
v -0.330000 2.600000 -1.100000
v -0.330000 2.480000 -1.100000
v -0.330000 2.360000 -1.100000
v -0.330000 2.240000 -1.100000
v -0.330000 2.120000 -1.100000
v -0.610000 2.253078 -1.300000
v -0.610000 3.753078 -1.300000
v -0.610000 2.253078 -1.900000
v -0.610000 3.753078 -1.900000
v -0.500000 2.253078 -1.300000
v -0.500000 3.753078 -1.300000
v -0.500000 2.253078 -1.900000
v -0.500000 3.753078 -1.900000
v -0.610000 2.963078 -1.300000
v -0.610000 3.053078 -1.300000
v -0.610000 3.053078 -1.900000
v -0.610000 2.963078 -1.900000
v -0.500000 3.053078 -1.900000
v -0.500000 2.963078 -1.900000
v -0.500000 3.053078 -1.300000
v -0.500000 2.963078 -1.300000
v -0.710000 3.123078 -1.299995
v -0.710000 3.683078 -1.299995
v -0.710000 3.683078 -1.900005
v -0.710000 3.123078 -1.900005
v -0.710000 2.324078 -1.900006
v -0.710000 2.324078 -1.299995
v -0.710000 2.892078 -1.900006
v -0.710000 2.892078 -1.299995
v -0.610000 2.253078 -1.767999
v -0.610000 2.253078 -1.431999
v -0.610000 3.753078 -1.431999
v -0.610000 3.753078 -1.767999
v -0.500000 2.253078 -1.431999
v -0.500000 2.253078 -1.767999
v -0.500000 3.753078 -1.767999
v -0.500000 3.753078 -1.431999
v -0.500000 2.963078 -1.767999
v -0.500000 2.963078 -1.431999
v -0.500000 3.053078 -1.767999
v -0.500000 3.053078 -1.431999
v -0.610000 2.963078 -1.431999
v -0.610000 2.963078 -1.767999
v -0.610000 3.053078 -1.431999
v -0.610000 3.053078 -1.767999
v -0.710000 3.683078 -1.431996
v -0.710000 3.683078 -1.768002
v -0.710000 3.123078 -1.431996
v -0.710000 3.123078 -1.768002
v -0.710000 2.324078 -1.768002
v -0.710000 2.324078 -1.431996
v -0.710000 2.892078 -1.431996
v -0.710000 2.892078 -1.768002
v -0.660000 3.683078 -1.431996
v -0.660000 3.683078 -1.768002
v -0.660000 3.123078 -1.431996
v -0.660000 3.123078 -1.768002
v -0.660000 2.324078 -1.768002
v -0.660000 2.324078 -1.431996
v -0.660000 2.892078 -1.431996
v -0.660000 2.892078 -1.768002
v -0.610000 3.683078 -1.431996
v -0.610000 3.683078 -1.768002
v -0.610000 3.123078 -1.431996
v -0.610000 3.123078 -1.768002
v -0.610000 2.324078 -1.768002
v -0.610000 2.324078 -1.431996
v -0.610000 2.892078 -1.431996
v -0.610000 2.892078 -1.768002
v -0.560000 3.106924 -1.300000
v -0.560000 3.160770 -1.300000
v -0.560000 3.214617 -1.300000
v -0.560000 3.268463 -1.300000
v -0.560000 3.322309 -1.300000
v -0.560000 3.376155 -1.300000
v -0.560000 3.430001 -1.300000
v -0.560000 3.483847 -1.300000
v -0.560000 3.537693 -1.300000
v -0.560000 3.591539 -1.300000
v -0.560000 3.645386 -1.300000
v -0.560000 3.699232 -1.300000
v -0.560000 3.699232 -1.900000
v -0.560000 3.645386 -1.900000
v -0.560000 3.591539 -1.900000
v -0.560000 3.537694 -1.900000
v -0.560000 3.483847 -1.900000
v -0.560000 3.430001 -1.900000
v -0.560000 3.376155 -1.900000
v -0.560000 3.322309 -1.900000
v -0.560000 3.268463 -1.900000
v -0.560000 3.214617 -1.900000
v -0.560000 3.160770 -1.900000
v -0.560000 3.106924 -1.900000
v -0.500000 3.699232 -1.900000
v -0.500000 3.645386 -1.900000
v -0.500000 3.591539 -1.900000
v -0.500000 3.537694 -1.900000
v -0.500000 3.483847 -1.900000
v -0.500000 3.430001 -1.900000
v -0.500000 3.376155 -1.900000
v -0.500000 3.322309 -1.900000
v -0.500000 3.268463 -1.900000
v -0.500000 3.214617 -1.900000
v -0.500000 3.160770 -1.900000
v -0.500000 3.106924 -1.900000
v -0.500000 3.699232 -1.300000
v -0.500000 3.645386 -1.300000
v -0.500000 3.591539 -1.300000
v -0.500000 3.537694 -1.300000
v -0.500000 3.483847 -1.300000
v -0.500000 3.430001 -1.300000
v -0.500000 3.376155 -1.300000
v -0.500000 3.322309 -1.300000
v -0.500000 3.268463 -1.300000
v -0.500000 3.214617 -1.300000
v -0.500000 3.160770 -1.300000
v -0.500000 3.106924 -1.300000
v -0.710000 3.166155 -1.299995
v -0.710000 3.209232 -1.299995
v -0.710000 3.252309 -1.299995
v -0.710000 3.295386 -1.299995
v -0.710000 3.338463 -1.299995
v -0.710000 3.381540 -1.299995
v -0.710000 3.424616 -1.299995
v -0.710000 3.467693 -1.299995
v -0.710000 3.510770 -1.299995
v -0.710000 3.553847 -1.299995
v -0.710000 3.596924 -1.299995
v -0.710000 3.640001 -1.299995
v -0.710000 3.640001 -1.900005
v -0.710000 3.596924 -1.900005
v -0.710000 3.553847 -1.900005
v -0.710000 3.510770 -1.900005
v -0.710000 3.467693 -1.900005
v -0.710000 3.424616 -1.900005
v -0.710000 3.381540 -1.900005
v -0.710000 3.338463 -1.900005
v -0.710000 3.295386 -1.900005
v -0.710000 3.252309 -1.900005
v -0.710000 3.209232 -1.900005
v -0.710000 3.166155 -1.900005
v -0.710000 3.640001 -1.431996
v -0.710000 3.596924 -1.431996
v -0.710000 3.553847 -1.431996
v -0.710000 3.510770 -1.431996
v -0.710000 3.467693 -1.431996
v -0.710000 3.424616 -1.431996
v -0.710000 3.381540 -1.431996
v -0.710000 3.338463 -1.431996
v -0.710000 3.295386 -1.431996
v -0.710000 3.252309 -1.431996
v -0.710000 3.209232 -1.431996
v -0.710000 3.166155 -1.431996
v -0.710000 3.640001 -1.768002
v -0.710000 3.596924 -1.768002
v -0.710000 3.553847 -1.768002
v -0.710000 3.510770 -1.768002
v -0.710000 3.467693 -1.768002
v -0.710000 3.424616 -1.768002
v -0.710000 3.381540 -1.768002
v -0.710000 3.338463 -1.768002
v -0.710000 3.295386 -1.768002
v -0.710000 3.252309 -1.768002
v -0.710000 3.209232 -1.768002
v -0.710000 3.166155 -1.768002
v -0.500000 3.699232 -1.767999
v -0.500000 3.645386 -1.767999
v -0.500000 3.591539 -1.767999
v -0.500000 3.537694 -1.767999
v -0.500000 3.483847 -1.767999
v -0.500000 3.430001 -1.767999
v -0.500000 3.376155 -1.767999
v -0.500000 3.322309 -1.767999
v -0.500000 3.268463 -1.767999
v -0.500000 3.214617 -1.767999
v -0.500000 3.160770 -1.767999
v -0.500000 3.106924 -1.767999
v -0.500000 3.699232 -1.431999
v -0.500000 3.645386 -1.431999
v -0.500000 3.591539 -1.431999
v -0.500000 3.537694 -1.431999
v -0.500000 3.483847 -1.431999
v -0.500000 3.430001 -1.431999
v -0.500000 3.376155 -1.431999
v -0.500000 3.322309 -1.431999
v -0.500000 3.268463 -1.431999
v -0.500000 3.214617 -1.431999
v -0.500000 3.160770 -1.431999
v -0.500000 3.106924 -1.431999
v -0.660000 3.640001 -1.431996
v -0.660000 3.596924 -1.431996
v -0.660000 3.553847 -1.431996
v -0.660000 3.510770 -1.431996
v -0.660000 3.467693 -1.431996
v -0.660000 3.424616 -1.431996
v -0.660000 3.381540 -1.431996
v -0.660000 3.338463 -1.431996
v -0.660000 3.295386 -1.431996
v -0.660000 3.252309 -1.431996
v -0.660000 3.209232 -1.431996
v -0.660000 3.166155 -1.431996
v -0.660000 3.640001 -1.768002
v -0.660000 3.596924 -1.768002
v -0.660000 3.553847 -1.768002
v -0.660000 3.510770 -1.768002
v -0.660000 3.467693 -1.768002
v -0.660000 3.424616 -1.768002
v -0.660000 3.381540 -1.768002
v -0.660000 3.338463 -1.768002
v -0.660000 3.295386 -1.768002
v -0.660000 3.252309 -1.768002
v -0.660000 3.209232 -1.768002
v -0.660000 3.166155 -1.768002
v -0.610000 3.640001 -1.431996
v -0.610000 3.596924 -1.431996
v -0.610000 3.553847 -1.431996
v -0.610000 3.510770 -1.431996
v -0.610000 3.467693 -1.431996
v -0.610000 3.424616 -1.431996
v -0.610000 3.381540 -1.431996
v -0.610000 3.338463 -1.431996
v -0.610000 3.295386 -1.431996
v -0.610000 3.252309 -1.431996
v -0.610000 3.209232 -1.431996
v -0.610000 3.166155 -1.431996
v -0.610000 3.640001 -1.768002
v -0.610000 3.596924 -1.768002
v -0.610000 3.553847 -1.768002
v -0.610000 3.510770 -1.768002
v -0.610000 3.467693 -1.768002
v -0.610000 3.424616 -1.768002
v -0.610000 3.381540 -1.768002
v -0.610000 3.338463 -1.768002
v -0.610000 3.295386 -1.768002
v -0.610000 3.252309 -1.768002
v -0.610000 3.209232 -1.768002
v -0.610000 3.166155 -1.768002
v -0.560000 2.908463 -1.900000
v -0.560000 2.853847 -1.900000
v -0.560000 2.799232 -1.900000
v -0.560000 2.744617 -1.900000
v -0.560000 2.690001 -1.900000
v -0.560000 2.635386 -1.900000
v -0.560000 2.580770 -1.900000
v -0.560000 2.526155 -1.900000
v -0.560000 2.471539 -1.900000
v -0.560000 2.416924 -1.900000
v -0.560000 2.362309 -1.900000
v -0.560000 2.307693 -1.900000
v -0.500000 2.908463 -1.900000
v -0.500000 2.853847 -1.900000
v -0.500000 2.799232 -1.900000
v -0.500000 2.744617 -1.900000
v -0.500000 2.690001 -1.900000
v -0.500000 2.635386 -1.900000
v -0.500000 2.580770 -1.900000
v -0.500000 2.526155 -1.900000
v -0.500000 2.471539 -1.900000
v -0.500000 2.416924 -1.900000
v -0.500000 2.362309 -1.900000
v -0.500000 2.307693 -1.900000
v -0.500000 2.908463 -1.300000
v -0.500000 2.853847 -1.300000
v -0.500000 2.799232 -1.300000
v -0.500000 2.744617 -1.300000
v -0.500000 2.690001 -1.300000
v -0.500000 2.635386 -1.300000
v -0.500000 2.580770 -1.300000
v -0.500000 2.526155 -1.300000
v -0.500000 2.471539 -1.300000
v -0.500000 2.416924 -1.300000
v -0.500000 2.362309 -1.300000
v -0.500000 2.307693 -1.300000
v -0.560000 2.307693 -1.300000
v -0.560000 2.362309 -1.300000
v -0.560000 2.416924 -1.300000
v -0.560000 2.471539 -1.300000
v -0.560000 2.526155 -1.300000
v -0.560000 2.580770 -1.300000
v -0.560000 2.635386 -1.300000
v -0.560000 2.690001 -1.300000
v -0.560000 2.744617 -1.300000
v -0.560000 2.799232 -1.300000
v -0.560000 2.853847 -1.300000
v -0.560000 2.908463 -1.300000
v -0.710000 2.848386 -1.900006
v -0.710000 2.804693 -1.900006
v -0.710000 2.761001 -1.900006
v -0.710000 2.717309 -1.900006
v -0.710000 2.673616 -1.900006
v -0.710000 2.629924 -1.900006
v -0.710000 2.586232 -1.900006
v -0.710000 2.542540 -1.900006
v -0.710000 2.498847 -1.900006
v -0.710000 2.455155 -1.900006
v -0.710000 2.411463 -1.900006
v -0.710000 2.367770 -1.900006
v -0.710000 2.367770 -1.299995
v -0.710000 2.411463 -1.299995
v -0.710000 2.455155 -1.299995
v -0.710000 2.498847 -1.299995
v -0.710000 2.542540 -1.299995
v -0.710000 2.586232 -1.299995
v -0.710000 2.629924 -1.299995
v -0.710000 2.673616 -1.299995
v -0.710000 2.717309 -1.299995
v -0.710000 2.761001 -1.299995
v -0.710000 2.804693 -1.299995
v -0.710000 2.848386 -1.299995
v -0.710000 2.848386 -1.431996
v -0.710000 2.804693 -1.431996
v -0.710000 2.761001 -1.431996
v -0.710000 2.717309 -1.431996
v -0.710000 2.673616 -1.431996
v -0.710000 2.629924 -1.431996
v -0.710000 2.586232 -1.431996
v -0.710000 2.542540 -1.431996
v -0.710000 2.498847 -1.431996
v -0.710000 2.455155 -1.431996
v -0.710000 2.411463 -1.431996
v -0.710000 2.367770 -1.431996
v -0.710000 2.848386 -1.768002
v -0.710000 2.804693 -1.768002
v -0.710000 2.761001 -1.768002
v -0.710000 2.717309 -1.768002
v -0.710000 2.673616 -1.768002
v -0.710000 2.629924 -1.768002
v -0.710000 2.586232 -1.768002
v -0.710000 2.542540 -1.768002
v -0.710000 2.498847 -1.768002
v -0.710000 2.455155 -1.768002
v -0.710000 2.411463 -1.768002
v -0.710000 2.367770 -1.768002
v -0.500000 2.908463 -1.767999
v -0.500000 2.853847 -1.767999
v -0.500000 2.799232 -1.767999
v -0.500000 2.744617 -1.767999
v -0.500000 2.690001 -1.767999
v -0.500000 2.635386 -1.767999
v -0.500000 2.580770 -1.767999
v -0.500000 2.526155 -1.767999
v -0.500000 2.471539 -1.767999
v -0.500000 2.416924 -1.767999
v -0.500000 2.362309 -1.767999
v -0.500000 2.307693 -1.767999
v -0.500000 2.908463 -1.431999
v -0.500000 2.853847 -1.431999
v -0.500000 2.799232 -1.431999
v -0.500000 2.744617 -1.431999
v -0.500000 2.690001 -1.431999
v -0.500000 2.635386 -1.431999
v -0.500000 2.580770 -1.431999
v -0.500000 2.526155 -1.431999
v -0.500000 2.471539 -1.431999
v -0.500000 2.416924 -1.431999
v -0.500000 2.362309 -1.431999
v -0.500000 2.307693 -1.431999
v -0.660000 2.848386 -1.431996
v -0.660000 2.804693 -1.431996
v -0.660000 2.761001 -1.431996
v -0.660000 2.717309 -1.431996
v -0.660000 2.673616 -1.431996
v -0.660000 2.629924 -1.431996
v -0.660000 2.586232 -1.431996
v -0.660000 2.542540 -1.431996
v -0.660000 2.498847 -1.431996
v -0.660000 2.455155 -1.431996
v -0.660000 2.411463 -1.431996
v -0.660000 2.367770 -1.431996
v -0.660000 2.848386 -1.768002
v -0.660000 2.804693 -1.768002
v -0.660000 2.761001 -1.768002
v -0.660000 2.717309 -1.768002
v -0.660000 2.673616 -1.768002
v -0.660000 2.629924 -1.768002
v -0.660000 2.586232 -1.768002
v -0.660000 2.542540 -1.768002
v -0.660000 2.498847 -1.768002
v -0.660000 2.455155 -1.768002
v -0.660000 2.411463 -1.768002
v -0.660000 2.367770 -1.768002
v -0.610000 2.848386 -1.431996
v -0.610000 2.804693 -1.431996
v -0.610000 2.761001 -1.431996
v -0.610000 2.717309 -1.431996
v -0.610000 2.673616 -1.431996
v -0.610000 2.629924 -1.431996
v -0.610000 2.586232 -1.431996
v -0.610000 2.542540 -1.431996
v -0.610000 2.498847 -1.431996
v -0.610000 2.455155 -1.431996
v -0.610000 2.411463 -1.431996
v -0.610000 2.367770 -1.431996
v -0.610000 2.848386 -1.768002
v -0.610000 2.804693 -1.768002
v -0.610000 2.761001 -1.768002
v -0.610000 2.717309 -1.768002
v -0.610000 2.673616 -1.768002
v -0.610000 2.629924 -1.768002
v -0.610000 2.586232 -1.768002
v -0.610000 2.542540 -1.768002
v -0.610000 2.498847 -1.768002
v -0.610000 2.455155 -1.768002
v -0.610000 2.411463 -1.768002
v -0.610000 2.367770 -1.768002
v -0.660000 3.640001 -1.431996
v -0.660000 3.596924 -1.431996
v -0.660000 3.553847 -1.431996
v -0.660000 3.510770 -1.431996
v -0.660000 3.467693 -1.431996
v -0.660000 3.424616 -1.431996
v -0.660000 3.381540 -1.431996
v -0.660000 3.338463 -1.431996
v -0.660000 3.295386 -1.431996
v -0.660000 3.252309 -1.431996
v -0.660000 3.209232 -1.431996
v -0.660000 3.166155 -1.431996
v -0.660000 3.640001 -1.768002
v -0.660000 3.596924 -1.768002
v -0.660000 3.553847 -1.768002
v -0.660000 3.510770 -1.768002
v -0.660000 3.467693 -1.768002
v -0.660000 3.424616 -1.768002
v -0.660000 3.381540 -1.768002
v -0.660000 3.338463 -1.768002
v -0.660000 3.295386 -1.768002
v -0.660000 3.252309 -1.768002
v -0.660000 3.209232 -1.768002
v -0.660000 3.166155 -1.768002
v -0.660000 2.848386 -1.431996
v -0.660000 2.804693 -1.431996
v -0.660000 2.761001 -1.431996
v -0.660000 2.717309 -1.431996
v -0.660000 2.673616 -1.431996
v -0.660000 2.629924 -1.431996
v -0.660000 2.586232 -1.431996
v -0.660000 2.542540 -1.431996
v -0.660000 2.498847 -1.431996
v -0.660000 2.455155 -1.431996
v -0.660000 2.411463 -1.431996
v -0.660000 2.367770 -1.431996
v -0.660000 2.848386 -1.768002
v -0.660000 2.804693 -1.768002
v -0.660000 2.761001 -1.768002
v -0.660000 2.717309 -1.768002
v -0.660000 2.673616 -1.768002
v -0.660000 2.629924 -1.768002
v -0.660000 2.586232 -1.768002
v -0.660000 2.542540 -1.768002
v -0.660000 2.498847 -1.768002
v -0.660000 2.455155 -1.768002
v -0.660000 2.411463 -1.768002
v -0.660000 2.367770 -1.768002
v 0.234108 5.000000 -1.176942
v -0.000000 5.000000 -1.200000
v 0.459220 5.000000 -1.108655
v 0.666684 5.000000 -0.997764
v 0.848528 5.000000 -0.848528
v 0.997764 5.000000 -0.666684
v 1.108655 5.000000 -0.459220
v 1.176942 5.000000 -0.234108
v 1.200000 5.000000 -0.000000
v 1.176942 5.000000 0.234108
v 1.108655 5.000000 0.459220
v 0.997764 5.000000 0.666684
v 0.848528 5.000000 0.848528
v 0.666684 5.000000 0.997764
v 0.459220 5.000000 1.108656
v 0.234108 5.000000 1.176943
v -0.000000 5.000000 1.200000
v -0.234109 5.000000 1.176942
v -0.459221 5.000000 1.108655
v -0.666685 5.000000 0.997763
v -0.848529 5.000000 0.848528
v -0.997764 5.000000 0.666684
v -1.108656 5.000000 0.459219
v -1.176943 5.000000 0.234107
v -1.200000 5.000000 -0.000001
v -1.176942 5.000000 -0.234110
v -1.108655 5.000000 -0.459221
v -0.997763 5.000000 -0.666685
v -0.848527 5.000000 -0.848529
v -0.666683 5.000000 -0.997764
v -0.459219 5.000000 -1.108656
v -0.234107 5.000000 -1.176943
v 0.280930 11.399999 -1.412331
v -0.000000 11.399999 -1.440000
v 0.551064 11.399999 -1.330386
v 0.800021 11.399999 -1.197316
v 1.018234 11.399999 -1.018234
v 1.197316 11.399999 -0.800021
v 1.330387 11.399999 -0.551064
v 1.412331 11.399999 -0.280930
v 1.440000 11.399999 0.000000
v 1.412331 11.399999 0.280930
v 1.330387 11.399999 0.551064
v 1.197316 11.399999 0.800021
v 1.018234 11.399999 1.018234
v 0.800021 11.399999 1.197317
v 0.551064 11.399999 1.330387
v 0.280930 11.399999 1.412331
v -0.000001 11.399999 1.440000
v -0.280931 11.399999 1.412331
v -0.551065 11.399999 1.330387
v -0.800022 11.399999 1.197316
v -1.018234 11.399999 1.018233
v -1.197317 11.399999 0.800021
v -1.330387 11.399999 0.551063
v -1.412331 11.399999 0.280929
v -1.440000 11.399999 -0.000001
v -1.412331 11.399999 -0.280931
v -1.330386 11.399999 -0.551066
v -1.197315 11.399999 -0.800023
v -1.018233 11.399999 -1.018235
v -0.800020 11.399999 -1.197317
v -0.551062 11.399999 -1.330387
v -0.280928 11.399999 -1.412331
v 0.551064 5.633333 -1.330386
v 0.551064 6.466666 -1.330386
v 0.551064 7.199999 -1.330386
v 0.551064 8.033333 -1.330386
v 0.551064 8.766665 -1.330386
v 0.551064 9.599999 -1.330386
v 0.551064 10.333332 -1.330386
v 0.551064 11.166665 -1.330386
v 0.800021 11.166666 -1.197316
v 0.800021 10.333334 -1.197316
v 0.800021 9.600000 -1.197316
v 0.800021 8.766666 -1.197316
v 0.800021 8.033334 -1.197316
v 0.800021 7.200001 -1.197316
v 0.800021 6.466667 -1.197316
v 0.800021 5.633333 -1.197316
v -0.800020 5.633333 -1.197317
v -0.800020 6.466666 -1.197317
v -0.800020 7.199999 -1.197317
v -0.800020 8.033333 -1.197317
v -0.800020 8.766665 -1.197317
v -0.800020 9.599999 -1.197317
v -0.800020 10.333332 -1.197317
v -0.800020 11.166665 -1.197317
v -0.551062 11.166666 -1.330387
v -0.551062 10.333334 -1.330387
v -0.551062 9.600000 -1.330387
v -0.551062 8.766666 -1.330387
v -0.551062 8.033334 -1.330387
v -0.551062 7.200001 -1.330387
v -0.551062 6.466667 -1.330387
v -0.551062 5.633333 -1.330387
v -0.000001 5.633333 1.440000
v -0.000001 6.466666 1.440000
v -0.000001 7.199999 1.440000
v -0.000001 8.033333 1.440000
v -0.000001 8.766665 1.440000
v -0.000001 9.599999 1.440000
v -0.000001 10.333332 1.440000
v -0.000001 11.166665 1.440000
v -0.280931 11.166666 1.412331
v -0.280931 10.333334 1.412331
v -0.280931 9.600000 1.412331
v -0.280931 8.766666 1.412331
v -0.280931 8.033334 1.412331
v -0.280931 7.200001 1.412331
v -0.280931 6.466667 1.412331
v -0.280931 5.633333 1.412331
v 1.018234 11.166666 -1.018234
v 1.018234 10.333334 -1.018234
v 1.018234 9.600000 -1.018234
v 1.018234 8.766666 -1.018234
v 1.018234 8.033334 -1.018234
v 1.018234 7.200001 -1.018234
v 1.018234 6.466667 -1.018234
v 1.018234 5.633333 -1.018234
v -0.280928 11.166666 -1.412331
v -0.280928 10.333334 -1.412331
v -0.280928 9.600000 -1.412331
v -0.280928 8.766666 -1.412331
v -0.280928 8.033334 -1.412331
v -0.280928 7.200001 -1.412331
v -0.280928 6.466667 -1.412331
v -0.280928 5.633333 -1.412331
v -0.551065 11.166666 1.330387
v -0.551065 10.333334 1.330387
v -0.551065 9.600000 1.330387
v -0.551065 8.766666 1.330387
v -0.551065 8.033334 1.330387
v -0.551065 7.200001 1.330387
v -0.551065 6.466667 1.330387
v -0.551065 5.633333 1.330387
v 1.197316 11.166666 -0.800021
v 1.197316 10.333334 -0.800021
v 1.197316 9.600000 -0.800021
v 1.197316 8.766666 -0.800021
v 1.197316 8.033334 -0.800021
v 1.197316 7.200001 -0.800021
v 1.197316 6.466667 -0.800021
v 1.197316 5.633333 -0.800021
v -0.000000 11.166666 -1.440000
v -0.000000 10.333334 -1.440000
v -0.000000 9.600000 -1.440000
v -0.000000 8.766666 -1.440000
v -0.000000 8.033334 -1.440000
v -0.000000 7.200001 -1.440000
v -0.000000 6.466667 -1.440000
v -0.000000 5.633333 -1.440000
v -0.800022 11.166666 1.197316
v -0.800022 10.333334 1.197316
v -0.800022 9.600000 1.197316
v -0.800022 8.766666 1.197316
v -0.800022 8.033334 1.197316
v -0.800022 7.200001 1.197316
v -0.800022 6.466667 1.197316
v -0.800022 5.633333 1.197316
v 1.330387 11.166666 -0.551064
v 1.330387 10.333334 -0.551064
v 1.330387 9.600000 -0.551064
v 1.330387 8.766666 -0.551064
v 1.330387 8.033334 -0.551064
v 1.330387 7.200001 -0.551064
v 1.330387 6.466667 -0.551064
v 1.330387 5.633333 -0.551064
v -1.018235 11.166666 1.018233
v -1.018235 10.333334 1.018233
v -1.018235 9.600000 1.018233
v -1.018235 8.766666 1.018233
v -1.018235 8.033334 1.018233
v -1.018235 7.200001 1.018233
v -1.018235 6.466667 1.018233
v -1.018235 5.633333 1.018233
v 1.412331 11.166666 -0.280930
v 1.412331 10.333334 -0.280930
v 1.412331 9.600000 -0.280930
v 1.412331 8.766666 -0.280930
v 1.412331 8.033334 -0.280930
v 1.412331 7.200001 -0.280930
v 1.412331 6.466667 -0.280930
v 1.412331 5.633333 -0.280930
v -1.197317 11.166666 0.800021
v -1.197317 10.333334 0.800021
v -1.197317 9.600000 0.800021
v -1.197317 8.766666 0.800021
v -1.197317 8.033334 0.800021
v -1.197317 7.200001 0.800021
v -1.197317 6.466667 0.800021
v -1.197317 5.633333 0.800021
v 1.440000 11.166666 0.000000
v 1.440000 10.333334 0.000000
v 1.440000 9.600000 0.000000
v 1.440000 8.766666 0.000000
v 1.440000 8.033334 0.000000
v 1.440000 7.200001 0.000000
v 1.440000 6.466667 0.000000
v 1.440000 5.633333 0.000000
v -1.330387 11.166666 0.551063
v -1.330387 10.333334 0.551063
v -1.330387 9.600000 0.551063
v -1.330387 8.766666 0.551063
v -1.330387 8.033334 0.551063
v -1.330387 7.200001 0.551063
v -1.330387 6.466667 0.551063
v -1.330387 5.633333 0.551063
v 1.412331 11.166666 0.280930
v 1.412331 10.333334 0.280930
v 1.412331 9.600000 0.280930
v 1.412331 8.766666 0.280930
v 1.412331 8.033334 0.280930
v 1.412331 7.200001 0.280930
v 1.412331 6.466667 0.280930
v 1.412331 5.633333 0.280930
v -1.412331 11.166666 0.280929
v -1.412331 10.333334 0.280929
v -1.412331 9.600000 0.280929
v -1.412331 8.766666 0.280929
v -1.412331 8.033334 0.280929
v -1.412331 7.200001 0.280929
v -1.412331 6.466667 0.280929
v -1.412331 5.633333 0.280929
v 1.330387 11.166666 0.551064
v 1.330387 10.333334 0.551064
v 1.330387 9.600000 0.551064
v 1.330387 8.766666 0.551064
v 1.330387 8.033334 0.551064
v 1.330387 7.200001 0.551064
v 1.330387 6.466667 0.551064
v 1.330387 5.633333 0.551064
v -1.440000 11.166666 -0.000001
v -1.440000 10.333334 -0.000001
v -1.440000 9.600000 -0.000001
v -1.440000 8.766666 -0.000001
v -1.440000 8.033334 -0.000001
v -1.440000 7.200001 -0.000001
v -1.440000 6.466667 -0.000001
v -1.440000 5.633333 -0.000001
v 1.197316 11.166666 0.800021
v 1.197316 10.333334 0.800021
v 1.197316 9.600000 0.800021
v 1.197316 8.766666 0.800021
v 1.197316 8.033334 0.800021
v 1.197316 7.200001 0.800021
v 1.197316 6.466667 0.800021
v 1.197316 5.633333 0.800021
v -1.412331 11.166666 -0.280931
v -1.412331 10.333334 -0.280931
v -1.412331 9.600000 -0.280931
v -1.412331 8.766666 -0.280931
v -1.412331 8.033334 -0.280931
v -1.412331 7.200001 -0.280931
v -1.412331 6.466667 -0.280931
v -1.412331 5.633333 -0.280931
v 1.018234 11.166666 1.018234
v 1.018234 10.333334 1.018234
v 1.018234 9.600000 1.018234
v 1.018234 8.766666 1.018234
v 1.018234 8.033334 1.018234
v 1.018234 7.200001 1.018234
v 1.018234 6.466667 1.018234
v 1.018234 5.633333 1.018234
v -1.330386 11.166666 -0.551066
v -1.330386 10.333334 -0.551066
v -1.330386 9.600000 -0.551066
v -1.330386 8.766666 -0.551066
v -1.330386 8.033334 -0.551066
v -1.330386 7.200001 -0.551066
v -1.330386 6.466667 -0.551066
v -1.330386 5.633333 -0.551066
v 0.800021 11.166666 1.197317
v 0.800021 10.333334 1.197317
v 0.800021 9.600000 1.197317
v 0.800021 8.766666 1.197317
v 0.800021 8.033334 1.197317
v 0.800021 7.200001 1.197317
v 0.800021 6.466667 1.197317
v 0.800021 5.633333 1.197317
v -1.197315 11.166666 -0.800023
v -1.197315 10.333334 -0.800023
v -1.197315 9.600000 -0.800023
v -1.197315 8.766666 -0.800023
v -1.197315 8.033334 -0.800023
v -1.197315 7.200001 -0.800023
v -1.197315 6.466667 -0.800023
v -1.197315 5.633333 -0.800023
v 0.551064 11.166666 1.330387
v 0.551064 10.333334 1.330387
v 0.551064 9.600000 1.330387
v 0.551064 8.766666 1.330387
v 0.551064 8.033334 1.330387
v 0.551064 7.200001 1.330387
v 0.551064 6.466667 1.330387
v 0.551064 5.633333 1.330387
v 0.280930 11.166666 -1.412331
v 0.280930 10.333334 -1.412331
v 0.280930 9.600000 -1.412331
v 0.280930 8.766666 -1.412331
v 0.280930 8.033334 -1.412331
v 0.280930 7.200001 -1.412331
v 0.280930 6.466667 -1.412331
v 0.280930 5.633333 -1.412331
v -1.018233 11.166666 -1.018235
v -1.018233 10.333334 -1.018235
v -1.018233 9.600000 -1.018235
v -1.018233 8.766666 -1.018235
v -1.018233 8.033334 -1.018235
v -1.018233 7.200001 -1.018235
v -1.018233 6.466667 -1.018235
v -1.018233 5.633333 -1.018235
v 0.280930 11.166666 1.412331
v 0.280930 10.333334 1.412331
v 0.280930 9.600000 1.412331
v 0.280930 8.766666 1.412331
v 0.280930 8.033334 1.412331
v 0.280930 7.200001 1.412331
v 0.280930 6.466667 1.412331
v 0.280930 5.633333 1.412331
v 0.163876 11.799999 -0.823860
v 0.000000 11.799999 -0.840000
v 0.321454 11.799999 -0.776059
v 0.466679 11.799999 -0.698435
v 0.593970 11.799999 -0.593970
v 0.698435 11.799999 -0.466679
v 0.776059 11.799999 -0.321454
v 0.823860 11.799999 -0.163876
v 0.840000 11.799999 -0.000000
v 0.823860 11.799999 0.163876
v 0.776059 11.799999 0.321454
v 0.698435 11.799999 0.466679
v 0.593970 11.799999 0.593970
v 0.466679 11.799999 0.698434
v 0.321454 11.799999 0.776059
v 0.163876 11.799999 0.823860
v -0.000000 11.799999 0.840000
v -0.163876 11.799999 0.823860
v -0.321454 11.799999 0.776059
v -0.466679 11.799999 0.698434
v -0.593970 11.799999 0.593969
v -0.698435 11.799999 0.466679
v -0.776059 11.799999 0.321453
v -0.823860 11.799999 0.163875
v -0.840000 11.799999 -0.000001
v -0.823860 11.799999 -0.163877
v -0.776058 11.799999 -0.321455
v -0.698434 11.799999 -0.466680
v -0.593969 11.799999 -0.593970
v -0.466678 11.799999 -0.698435
v -0.321453 11.799999 -0.776059
v -0.163875 11.799999 -0.823860
v 0.459220 10.833332 -1.108655
v 0.666684 10.833334 -0.997764
v -0.666683 10.833332 -0.997764
v -0.459219 10.833334 -1.108656
v -0.000000 10.833332 1.200000
v -0.234109 10.833334 1.176942
v 0.848528 10.833334 -0.848528
v -0.234107 10.833334 -1.176943
v -0.459221 10.833334 1.108655
v 0.997764 10.833334 -0.666684
v -0.000000 10.833334 -1.200000
v -0.666685 10.833334 0.997763
v 1.108655 10.833334 -0.459220
v -0.848529 10.833334 0.848528
v 1.176942 10.833334 -0.234108
v -0.997764 10.833334 0.666684
v 1.200000 10.833334 -0.000000
v -1.108656 10.833334 0.459219
v 1.176942 10.833334 0.234108
v -1.176943 10.833334 0.234107
v 1.108655 10.833334 0.459220
v -1.200000 10.833334 -0.000001
v 0.997764 10.833334 0.666684
v -1.176942 10.833334 -0.234110
v 0.848528 10.833334 0.848528
v -1.108655 10.833334 -0.459221
v 0.666684 10.833334 0.997764
v -0.997763 10.833334 -0.666685
v 0.459220 10.833334 1.108656
v 0.234108 10.833334 -1.176942
v -0.848527 10.833334 -0.848529
v 0.234108 10.833334 1.176943
v 0.459220 10.055555 -1.108655
v 0.666684 10.055555 -0.997764
v -0.666683 10.055555 -0.997764
v -0.459219 10.055555 -1.108656
v -0.000000 10.055555 1.200000
v -0.234109 10.055555 1.176942
v 0.848528 10.055555 -0.848528
v -0.234107 10.055555 -1.176943
v -0.459221 10.055555 1.108655
v 0.997764 10.055555 -0.666684
v -0.000000 10.055555 -1.200000
v -0.666685 10.055555 0.997763
v 1.108655 10.055555 -0.459220
v -0.848529 10.055555 0.848528
v 1.176942 10.055555 -0.234108
v -0.997764 10.055555 0.666684
v 1.200000 10.055555 -0.000000
v -1.108656 10.055555 0.459219
v 1.176942 10.055555 0.234108
v -1.176943 10.055555 0.234107
v 1.108655 10.055555 0.459220
v -1.200000 10.055555 -0.000001
v 0.997764 10.055555 0.666684
v -1.176942 10.055555 -0.234110
v 0.848528 10.055555 0.848528
v -1.108655 10.055555 -0.459221
v 0.666684 10.055555 0.997764
v -0.997763 10.055555 -0.666685
v 0.459220 10.055555 1.108656
v 0.234108 10.055555 -1.176942
v -0.848527 10.055555 -0.848529
v 0.234108 10.055555 1.176943
v 0.459220 9.277777 -1.108655
v 0.666684 9.277779 -0.997764
v -0.666683 9.277777 -0.997764
v -0.459219 9.277779 -1.108656
v -0.000000 9.277777 1.200000
v -0.234109 9.277779 1.176942
v 0.848528 9.277779 -0.848528
v -0.234107 9.277779 -1.176943
v -0.459221 9.277779 1.108655
v 0.997764 9.277779 -0.666684
v -0.000000 9.277779 -1.200000
v -0.666685 9.277779 0.997763
v 1.108655 9.277779 -0.459220
v -0.848529 9.277779 0.848528
v 1.176942 9.277779 -0.234108
v -0.997764 9.277779 0.666684
v 1.200000 9.277779 -0.000000
v -1.108656 9.277779 0.459219
v 1.176942 9.277779 0.234108
v -1.176943 9.277779 0.234107
v 1.108655 9.277779 0.459220
v -1.200000 9.277779 -0.000001
v 0.997764 9.277779 0.666684
v -1.176942 9.277779 -0.234110
v 0.848528 9.277779 0.848528
v -1.108655 9.277779 -0.459221
v 0.666684 9.277779 0.997764
v -0.997763 9.277779 -0.666685
v 0.459220 9.277779 1.108656
v 0.234108 9.277779 -1.176942
v -0.848527 9.277779 -0.848529
v 0.234108 9.277779 1.176943
v 0.459220 8.500000 -1.108655
v 0.666684 8.500000 -0.997764
v -0.666683 8.500000 -0.997764
v -0.459219 8.500000 -1.108656
v -0.000000 8.500000 1.200000
v -0.234109 8.500000 1.176942
v 0.848528 8.500000 -0.848528
v -0.234107 8.500000 -1.176943
v -0.459221 8.500000 1.108655
v 0.997764 8.500000 -0.666684
v -0.000000 8.500000 -1.200000
v -0.666685 8.500000 0.997763
v 1.108655 8.500000 -0.459220
v -0.848529 8.500000 0.848528
v 1.176942 8.500000 -0.234108
v -0.997764 8.500000 0.666684
v 1.200000 8.500000 -0.000000
v -1.108656 8.500000 0.459219
v 1.176942 8.500000 0.234108
v -1.176943 8.500000 0.234107
v 1.108655 8.500000 0.459220
v -1.200000 8.500000 -0.000001
v 0.997764 8.500000 0.666684
v -1.176942 8.500000 -0.234110
v 0.848528 8.500000 0.848528
v -1.108655 8.500000 -0.459221
v 0.666684 8.500000 0.997764
v -0.997763 8.500000 -0.666685
v 0.459220 8.500000 1.108656
v 0.234108 8.500000 -1.176942
v -0.848527 8.500000 -0.848529
v 0.234108 8.500000 1.176943
v 0.459220 7.722222 -1.108655
v 0.666684 7.722223 -0.997764
v -0.666683 7.722222 -0.997764
v -0.459219 7.722223 -1.108656
v -0.000000 7.722222 1.200000
v -0.234109 7.722223 1.176942
v 0.848528 7.722223 -0.848528
v -0.234107 7.722223 -1.176943
v -0.459221 7.722223 1.108655
v 0.997764 7.722223 -0.666684
v -0.000000 7.722223 -1.200000
v -0.666685 7.722223 0.997763
v 1.108655 7.722223 -0.459220
v -0.848529 7.722223 0.848528
v 1.176942 7.722223 -0.234108
v -0.997764 7.722223 0.666684
v 1.200000 7.722223 -0.000000
v -1.108656 7.722223 0.459219
v 1.176942 7.722223 0.234108
v -1.176943 7.722223 0.234107
v 1.108655 7.722223 0.459220
v -1.200000 7.722223 -0.000001
v 0.997764 7.722223 0.666684
v -1.176942 7.722223 -0.234110
v 0.848528 7.722223 0.848528
v -1.108655 7.722223 -0.459221
v 0.666684 7.722223 0.997764
v -0.997763 7.722223 -0.666685
v 0.459220 7.722223 1.108656
v 0.234108 7.722223 -1.176942
v -0.848527 7.722223 -0.848529
v 0.234108 7.722223 1.176943
v 0.459220 6.944444 -1.108655
v 0.666684 6.944445 -0.997764
v -0.666683 6.944444 -0.997764
v -0.459219 6.944445 -1.108656
v -0.000000 6.944444 1.200000
v -0.234109 6.944445 1.176942
v 0.848528 6.944445 -0.848528
v -0.234107 6.944445 -1.176943
v -0.459221 6.944445 1.108655
v 0.997764 6.944445 -0.666684
v -0.000000 6.944445 -1.200000
v -0.666685 6.944445 0.997763
v 1.108655 6.944445 -0.459220
v -0.848529 6.944445 0.848528
v 1.176942 6.944445 -0.234108
v -0.997764 6.944445 0.666684
v 1.200000 6.944445 -0.000000
v -1.108656 6.944445 0.459219
v 1.176942 6.944445 0.234108
v -1.176943 6.944445 0.234107
v 1.108655 6.944445 0.459220
v -1.200000 6.944445 -0.000001
v 0.997764 6.944445 0.666684
v -1.176942 6.944445 -0.234110
v 0.848528 6.944445 0.848528
v -1.108655 6.944445 -0.459221
v 0.666684 6.944445 0.997764
v -0.997763 6.944445 -0.666685
v 0.459220 6.944445 1.108656
v 0.234108 6.944445 -1.176942
v -0.848527 6.944445 -0.848529
v 0.234108 6.944445 1.176943
v 0.459220 6.166667 -1.108655
v 0.666684 6.166667 -0.997764
v -0.666683 6.166667 -0.997764
v -0.459219 6.166667 -1.108656
v -0.000000 6.166667 1.200000
v -0.234109 6.166667 1.176942
v 0.848528 6.166667 -0.848528
v -0.234107 6.166667 -1.176943
v -0.459221 6.166667 1.108655
v 0.997764 6.166667 -0.666684
v -0.000000 6.166667 -1.200000
v -0.666685 6.166667 0.997763
v 1.108655 6.166667 -0.459220
v -0.848529 6.166667 0.848528
v 1.176942 6.166667 -0.234108
v -0.997764 6.166667 0.666684
v 1.200000 6.166667 -0.000000
v -1.108656 6.166667 0.459219
v 1.176942 6.166667 0.234108
v -1.176943 6.166667 0.234107
v 1.108655 6.166667 0.459220
v -1.200000 6.166667 -0.000001
v 0.997764 6.166667 0.666684
v -1.176942 6.166667 -0.234110
v 0.848528 6.166667 0.848528
v -1.108655 6.166667 -0.459221
v 0.666684 6.166667 0.997764
v -0.997763 6.166667 -0.666685
v 0.459220 6.166667 1.108656
v 0.234108 6.166667 -1.176942
v -0.848527 6.166667 -0.848529
v 0.234108 6.166667 1.176943
v 0.666684 5.388889 -0.997764
v -0.459219 5.388889 -1.108656
v -0.234109 5.388889 1.176942
v 0.848528 5.388889 -0.848528
v -0.234107 5.388889 -1.176943
v -0.459221 5.388889 1.108655
v 0.997764 5.388889 -0.666684
v -0.000000 5.388889 -1.200000
v -0.666685 5.388889 0.997763
v 1.108655 5.388889 -0.459220
v -0.848529 5.388889 0.848528
v 1.176942 5.388889 -0.234108
v -0.997764 5.388889 0.666684
v 1.200000 5.388889 -0.000000
v -1.108656 5.388889 0.459219
v 1.176942 5.388889 0.234108
v -1.176943 5.388889 0.234107
v 1.108655 5.388889 0.459220
v -1.200000 5.388889 -0.000001
v 0.997764 5.388889 0.666684
v -1.176942 5.388889 -0.234110
v 0.848528 5.388889 0.848528
v -1.108655 5.388889 -0.459221
v 0.666684 5.388889 0.997764
v -0.997763 5.388889 -0.666685
v 0.459220 5.388889 1.108656
v 0.234108 5.388889 -1.176942
v -0.848527 5.388889 -0.848529
v 0.234108 5.388889 1.176943
v 0.459220 5.388889 -1.108655
v -0.666683 5.388889 -0.997764
v -0.000000 5.388889 1.200000
v 0.806688 5.850000 -1.207294
v -0.555654 5.850000 -1.341474
v -0.283272 5.850000 1.424100
v 1.026719 5.850000 -1.026719
v -0.283269 5.850000 -1.424101
v -0.555657 5.850000 1.341473
v 1.207294 5.850000 -0.806688
v -0.000000 5.850000 -1.452000
v -0.806689 5.850000 1.207294
v 1.341473 5.850000 -0.555656
v -1.026720 5.850000 1.026719
v 1.424100 5.850000 -0.283271
v -1.207295 5.850000 0.806687
v 1.452000 5.850000 0.000000
v -1.341474 5.850000 0.555655
v 1.424100 5.850000 0.283271
v -1.424101 5.850000 0.283270
v 1.341473 5.850000 0.555656
v -1.452000 5.850000 -0.000001
v 1.207294 5.850000 0.806688
v -1.424100 5.850000 -0.283273
v 1.026719 5.850000 1.026719
v -1.341473 5.850000 -0.555658
v 0.806688 5.850000 1.207294
v -1.207293 5.850000 -0.806689
v 0.555656 5.850000 1.341473
v 0.283271 5.850000 -1.424100
v -1.026718 5.850000 -1.026720
v 0.283271 5.850000 1.424101
v 0.555656 5.850000 -1.341473
v -0.806686 5.850000 -1.207295
v -0.000001 5.850000 1.452000
v 0.806688 6.655556 -1.207294
v -0.555654 6.655556 -1.341474
v -0.283272 6.655556 1.424100
v 1.026719 6.655556 -1.026719
v -0.283269 6.655556 -1.424101
v -0.555657 6.655556 1.341473
v 1.207294 6.655556 -0.806688
v -0.000000 6.655556 -1.452000
v -0.806689 6.655556 1.207294
v 1.341473 6.655556 -0.555656
v -1.026720 6.655556 1.026719
v 1.424100 6.655556 -0.283271
v -1.207295 6.655556 0.806687
v 1.452000 6.655556 0.000000
v -1.341474 6.655556 0.555655
v 1.424100 6.655556 0.283271
v -1.424101 6.655556 0.283270
v 1.341473 6.655556 0.555656
v -1.452000 6.655556 -0.000001
v 1.207294 6.655556 0.806688
v -1.424100 6.655556 -0.283273
v 1.026719 6.655556 1.026719
v -1.341473 6.655556 -0.555658
v 0.806688 6.655556 1.207294
v -1.207293 6.655556 -0.806689
v 0.555656 6.655556 1.341473
v 0.283271 6.655556 -1.424100
v -1.026718 6.655556 -1.026720
v 0.283271 6.655556 1.424101
v 0.555656 6.655555 -1.341473
v -0.806686 6.655555 -1.207295
v -0.000001 6.655555 1.452000
v 0.806688 7.411112 -1.207294
v -0.555654 7.411112 -1.341474
v -0.283272 7.411112 1.424100
v 1.026719 7.411112 -1.026719
v -0.283269 7.411112 -1.424101
v -0.555657 7.411112 1.341473
v 1.207294 7.411112 -0.806688
v -0.000000 7.411112 -1.452000
v -0.806689 7.411112 1.207294
v 1.341473 7.411112 -0.555656
v -1.026720 7.411112 1.026719
v 1.424100 7.411112 -0.283271
v -1.207295 7.411112 0.806687
v 1.452000 7.411112 0.000000
v -1.341474 7.411112 0.555655
v 1.424100 7.411112 0.283271
v -1.424101 7.411112 0.283270
v 1.341473 7.411112 0.555656
v -1.452000 7.411112 -0.000001
v 1.207294 7.411112 0.806688
v -1.424100 7.411112 -0.283273
v 1.026719 7.411112 1.026719
v -1.341473 7.411112 -0.555658
v 0.806688 7.411112 1.207294
v -1.207293 7.411112 -0.806689
v 0.555656 7.411112 1.341473
v 0.283271 7.411112 -1.424100
v -1.026718 7.411112 -1.026720
v 0.283271 7.411112 1.424101
v 0.555656 7.411110 -1.341473
v -0.806686 7.411110 -1.207295
v -0.000001 7.411110 1.452000
v 0.806688 8.216667 -1.207294
v -0.555654 8.216667 -1.341474
v -0.283272 8.216667 1.424100
v 1.026719 8.216667 -1.026719
v -0.283269 8.216667 -1.424101
v -0.555657 8.216667 1.341473
v 1.207294 8.216667 -0.806688
v -0.000000 8.216667 -1.452000
v -0.806689 8.216667 1.207294
v 1.341473 8.216667 -0.555656
v -1.026720 8.216667 1.026719
v 1.424100 8.216667 -0.283271
v -1.207295 8.216667 0.806687
v 1.452000 8.216667 0.000000
v -1.341474 8.216667 0.555655
v 1.424100 8.216667 0.283271
v -1.424101 8.216667 0.283270
v 1.341473 8.216667 0.555656
v -1.452000 8.216667 -0.000001
v 1.207294 8.216667 0.806688
v -1.424100 8.216667 -0.283273
v 1.026719 8.216667 1.026719
v -1.341473 8.216667 -0.555658
v 0.806688 8.216667 1.207294
v -1.207293 8.216667 -0.806689
v 0.555656 8.216667 1.341473
v 0.283271 8.216667 -1.424100
v -1.026718 8.216667 -1.026720
v 0.283271 8.216667 1.424101
v 0.555656 8.216666 -1.341473
v -0.806686 8.216666 -1.207295
v -0.000001 8.216666 1.452000
v 0.806688 8.972222 -1.207294
v -0.555654 8.972222 -1.341474
v -0.283272 8.972222 1.424100
v 1.026719 8.972222 -1.026719
v -0.283269 8.972222 -1.424101
v -0.555657 8.972222 1.341473
v 1.207294 8.972222 -0.806688
v -0.000000 8.972222 -1.452000
v -0.806689 8.972222 1.207294
v 1.341473 8.972222 -0.555656
v -1.026720 8.972222 1.026719
v 1.424100 8.972222 -0.283271
v -1.207295 8.972222 0.806687
v 1.452000 8.972222 0.000000
v -1.341474 8.972222 0.555655
v 1.424100 8.972222 0.283271
v -1.424101 8.972222 0.283270
v 1.341473 8.972222 0.555656
v -1.452000 8.972222 -0.000001
v 1.207294 8.972222 0.806688
v -1.424100 8.972222 -0.283273
v 1.026719 8.972222 1.026719
v -1.341473 8.972222 -0.555658
v 0.806688 8.972222 1.207294
v -1.207293 8.972222 -0.806689
v 0.555656 8.972222 1.341473
v 0.283271 8.972222 -1.424100
v -1.026718 8.972222 -1.026720
v 0.283271 8.972222 1.424101
v 0.555656 8.972221 -1.341473
v -0.806686 8.972221 -1.207295
v -0.000001 8.972221 1.452000
v 0.806688 9.777778 -1.207294
v -0.555654 9.777778 -1.341474
v -0.283272 9.777778 1.424100
v 1.026719 9.777778 -1.026719
v -0.283269 9.777778 -1.424101
v -0.555657 9.777778 1.341473
v 1.207294 9.777778 -0.806688
v -0.000000 9.777778 -1.452000
v -0.806689 9.777778 1.207294
v 1.341473 9.777778 -0.555656
v -1.026720 9.777778 1.026719
v 1.424100 9.777778 -0.283271
v -1.207295 9.777778 0.806687
v 1.452000 9.777778 0.000000
v -1.341474 9.777778 0.555655
v 1.424100 9.777778 0.283271
v -1.424101 9.777778 0.283270
v 1.341473 9.777778 0.555656
v -1.452000 9.777778 -0.000001
v 1.207294 9.777778 0.806688
v -1.424100 9.777778 -0.283273
v 1.026719 9.777778 1.026719
v -1.341473 9.777778 -0.555658
v 0.806688 9.777778 1.207294
v -1.207293 9.777778 -0.806689
v 0.555656 9.777778 1.341473
v 0.283271 9.777778 -1.424100
v -1.026718 9.777778 -1.026720
v 0.283271 9.777778 1.424101
v 0.555656 9.777777 -1.341473
v -0.806686 9.777777 -1.207295
v -0.000001 9.777777 1.452000
v 0.806688 10.533334 -1.207294
v -0.555654 10.533334 -1.341474
v -0.283272 10.533334 1.424100
v 1.026719 10.533334 -1.026719
v -0.283269 10.533334 -1.424101
v -0.555657 10.533334 1.341473
v 1.207294 10.533334 -0.806688
v -0.000000 10.533334 -1.452000
v -0.806689 10.533334 1.207294
v 1.341473 10.533334 -0.555656
v -1.026720 10.533334 1.026719
v 1.424100 10.533334 -0.283271
v -1.207295 10.533334 0.806687
v 1.452000 10.533334 0.000000
v -1.341474 10.533334 0.555655
v 1.424100 10.533334 0.283271
v -1.424101 10.533334 0.283270
v 1.341473 10.533334 0.555656
v -1.452000 10.533334 -0.000001
v 1.207294 10.533334 0.806688
v -1.424100 10.533334 -0.283273
v 1.026719 10.533334 1.026719
v -1.341473 10.533334 -0.555658
v 0.806688 10.533334 1.207294
v -1.207293 10.533334 -0.806689
v 0.555656 10.533334 1.341473
v 0.283271 10.533334 -1.424100
v -1.026718 10.533334 -1.026720
v 0.283271 10.533334 1.424101
v 0.555656 10.533332 -1.341473
v -0.806686 10.533332 -1.207295
v -0.000001 10.533332 1.452000
v 0.114713 11.799998 -0.576702
v 0.000000 11.799998 -0.588000
v 0.225018 11.799998 -0.543241
v 0.326675 11.799998 -0.488904
v 0.415779 11.799998 -0.415779
v 0.488904 11.799998 -0.326675
v 0.543241 11.799998 -0.225018
v 0.576702 11.799998 -0.114713
v 0.588000 11.799998 -0.000000
v 0.576702 11.799998 0.114713
v 0.543241 11.799998 0.225018
v 0.488904 11.799998 0.326675
v 0.415779 11.799998 0.415779
v 0.326675 11.799998 0.488904
v 0.225018 11.799998 0.543241
v 0.114713 11.799998 0.576702
v -0.000000 11.799998 0.588000
v -0.114713 11.799998 0.576702
v -0.225018 11.799998 0.543241
v -0.326676 11.799998 0.488904
v -0.415779 11.799998 0.415778
v -0.488904 11.799998 0.326675
v -0.543241 11.799998 0.225017
v -0.576702 11.799998 0.114712
v -0.588000 11.799998 -0.000001
v -0.576702 11.799998 -0.114714
v -0.543241 11.799998 -0.225019
v -0.488904 11.799998 -0.326676
v -0.415778 11.799998 -0.415779
v -0.326675 11.799998 -0.488905
v -0.225017 11.799998 -0.543242
v -0.114712 11.799998 -0.576702
v 0.114713 13.099998 -0.576702
v 0.000000 13.099998 -0.588000
v 0.225018 13.099998 -0.543241
v 0.326675 13.099998 -0.488904
v 0.415779 13.099998 -0.415779
v 0.488904 13.099998 -0.326675
v 0.543241 13.099998 -0.225018
v 0.576702 13.099998 -0.114713
v 0.588000 13.099998 -0.000000
v 0.576702 13.099998 0.114713
v 0.543241 13.099998 0.225018
v 0.488904 13.099998 0.326675
v 0.415779 13.099998 0.415779
v 0.326675 13.099998 0.488904
v 0.225018 13.099998 0.543241
v 0.114713 13.099998 0.576702
v -0.000000 13.099998 0.588000
v -0.114713 13.099998 0.576702
v -0.225018 13.099998 0.543241
v -0.326676 13.099998 0.488904
v -0.415779 13.099998 0.415778
v -0.488904 13.099998 0.326675
v -0.543241 13.099998 0.225017
v -0.576702 13.099998 0.114712
v -0.588000 13.099998 -0.000001
v -0.576702 13.099998 -0.114714
v -0.543241 13.099998 -0.225019
v -0.488904 13.099998 -0.326676
v -0.415778 13.099998 -0.415779
v -0.326675 13.099998 -0.488905
v -0.225017 13.099998 -0.543242
v -0.114712 13.099998 -0.576702
v 0.137656 13.099998 -0.692042
v 0.000000 13.099998 -0.705600
v 0.270021 13.099998 -0.651890
v 0.392010 13.099998 -0.586685
v 0.498935 13.099998 -0.498935
v 0.586685 13.099998 -0.392010
v 0.651889 13.099998 -0.270022
v 0.692042 13.099998 -0.137656
v 0.705600 13.099998 -0.000000
v 0.692042 13.099998 0.137656
v 0.651889 13.099998 0.270021
v 0.586685 13.099998 0.392010
v 0.498935 13.099998 0.498934
v 0.392010 13.099998 0.586685
v 0.270021 13.099998 0.651889
v 0.137656 13.099998 0.692042
v -0.000000 13.099998 0.705600
v -0.137656 13.099998 0.692042
v -0.270022 13.099998 0.651889
v -0.392011 13.099998 0.586685
v -0.498935 13.099998 0.498934
v -0.586685 13.099998 0.392010
v -0.651890 13.099998 0.270021
v -0.692042 13.099998 0.137655
v -0.705600 13.099998 -0.000001
v -0.692042 13.099998 -0.137657
v -0.651889 13.099998 -0.270022
v -0.586685 13.099998 -0.392011
v -0.498934 13.099998 -0.498935
v -0.392010 13.099998 -0.586686
v -0.270020 13.099998 -0.651890
v -0.137655 13.099998 -0.692042
v 0.137656 13.199998 -0.692042
v 0.000000 13.199998 -0.705600
v 0.270021 13.199998 -0.651890
v 0.392010 13.199998 -0.586685
v 0.498935 13.199998 -0.498935
v 0.586685 13.199998 -0.392010
v 0.651889 13.199998 -0.270022
v 0.692042 13.199998 -0.137656
v 0.705600 13.199998 -0.000000
v 0.692042 13.199998 0.137656
v 0.651889 13.199998 0.270021
v 0.586685 13.199998 0.392010
v 0.498935 13.199998 0.498934
v 0.392010 13.199998 0.586685
v 0.270021 13.199998 0.651889
v 0.137656 13.199998 0.692042
v -0.000000 13.199998 0.705600
v -0.137656 13.199998 0.692042
v -0.270022 13.199998 0.651889
v -0.392011 13.199998 0.586685
v -0.498935 13.199998 0.498934
v -0.586685 13.199998 0.392010
v -0.651890 13.199998 0.270021
v -0.692042 13.199998 0.137655
v -0.705600 13.199998 -0.000001
v -0.692042 13.199998 -0.137657
v -0.651889 13.199998 -0.270022
v -0.586685 13.199998 -0.392011
v -0.498934 13.199998 -0.498935
v -0.392010 13.199998 -0.586686
v -0.270020 13.199998 -0.651890
v -0.137655 13.199998 -0.692042
v 0.185835 13.299995 -0.934257
v -0.000000 13.299995 -0.952560
v 0.364529 13.299995 -0.880051
v 0.529214 13.299995 -0.792025
v 0.673562 13.299995 -0.673562
v 0.792025 13.299995 -0.529214
v 0.880051 13.299995 -0.364529
v 0.934257 13.299995 -0.185835
v 0.952560 13.299995 -0.000000
v 0.934257 13.299995 0.185835
v 0.880051 13.299995 0.364529
v 0.792025 13.299995 0.529214
v 0.673562 13.299995 0.673562
v 0.529214 13.299995 0.792025
v 0.364529 13.299995 0.880051
v 0.185835 13.299995 0.934257
v -0.000000 13.299995 0.952560
v -0.185836 13.299995 0.934257
v -0.364529 13.299995 0.880050
v -0.529215 13.299995 0.792024
v -0.673562 13.299995 0.673561
v -0.792025 13.299995 0.529213
v -0.880051 13.299995 0.364528
v -0.934257 13.299995 0.185834
v -0.952560 13.299995 -0.000001
v -0.934257 13.299995 -0.185836
v -0.880050 13.299995 -0.364530
v -0.792024 13.299995 -0.529215
v -0.673561 13.299995 -0.673562
v -0.529213 13.299995 -0.792026
v -0.364528 13.299995 -0.880051
v -0.185834 13.299995 -0.934257
v 0.185835 13.999995 -0.934257
v -0.000000 13.999995 -0.952560
v 0.364529 13.999995 -0.880051
v 0.529214 13.999995 -0.792025
v 0.673562 13.999995 -0.673562
v 0.792025 13.999995 -0.529214
v 0.880051 13.999995 -0.364529
v 0.934257 13.999995 -0.185835
v 0.952560 13.999995 -0.000000
v 0.934257 13.999995 0.185835
v 0.880051 13.999995 0.364529
v 0.792025 13.999995 0.529214
v 0.673562 13.999995 0.673562
v 0.529214 13.999995 0.792025
v 0.364529 13.999995 0.880051
v 0.185835 13.999995 0.934257
v -0.000000 13.999995 0.952560
v -0.185836 13.999995 0.934257
v -0.364529 13.999995 0.880050
v -0.529215 13.999995 0.792024
v -0.673562 13.999995 0.673561
v -0.792025 13.999995 0.529213
v -0.880051 13.999995 0.364528
v -0.934257 13.999995 0.185834
v -0.952560 13.999995 -0.000001
v -0.934257 13.999995 -0.185836
v -0.880050 13.999995 -0.364530
v -0.792024 13.999995 -0.529215
v -0.673561 13.999995 -0.673562
v -0.529213 13.999995 -0.792026
v -0.364528 13.999995 -0.880051
v -0.185834 13.999995 -0.934257
v 0.092918 13.999996 -0.467129
v 0.000000 13.999996 -0.476280
v 0.182265 13.999996 -0.440026
v 0.264607 13.999996 -0.396013
v 0.336781 13.999996 -0.336781
v 0.396012 13.999996 -0.264607
v 0.440025 13.999996 -0.182265
v 0.467128 13.999996 -0.092918
v 0.476280 13.999996 -0.000000
v 0.467128 13.999996 0.092917
v 0.440025 13.999996 0.182264
v 0.396012 13.999996 0.264607
v 0.336781 13.999996 0.336781
v 0.264607 13.999996 0.396012
v 0.182264 13.999996 0.440025
v 0.092918 13.999996 0.467128
v -0.000000 13.999996 0.476280
v -0.092918 13.999996 0.467128
v -0.182265 13.999996 0.440025
v -0.264607 13.999996 0.396012
v -0.336781 13.999996 0.336780
v -0.396013 13.999996 0.264607
v -0.440026 13.999996 0.182264
v -0.467128 13.999996 0.092917
v -0.476280 13.999996 -0.000001
v -0.467128 13.999996 -0.092918
v -0.440025 13.999996 -0.182265
v -0.396012 13.999996 -0.264608
v -0.336780 13.999996 -0.336781
v -0.264606 13.999996 -0.396013
v -0.182264 13.999996 -0.440026
v -0.092917 13.999996 -0.467129
v 0.092918 14.999996 -0.467129
v 0.000000 14.999996 -0.476280
v 0.182265 14.999996 -0.440026
v 0.264607 14.999996 -0.396013
v 0.336781 14.999996 -0.336781
v 0.396012 14.999996 -0.264607
v 0.440025 14.999996 -0.182265
v 0.467128 14.999996 -0.092918
v 0.476280 14.999996 -0.000000
v 0.467128 14.999996 0.092917
v 0.440025 14.999996 0.182264
v 0.396012 14.999996 0.264607
v 0.336781 14.999996 0.336781
v 0.264607 14.999996 0.396012
v 0.182264 14.999996 0.440025
v 0.092918 14.999996 0.467128
v -0.000000 14.999996 0.476280
v -0.092918 14.999996 0.467128
v -0.182265 14.999996 0.440025
v -0.264607 14.999996 0.396012
v -0.336781 14.999996 0.336780
v -0.396013 14.999996 0.264607
v -0.440026 14.999996 0.182264
v -0.467128 14.999996 0.092917
v -0.476280 14.999996 -0.000001
v -0.467128 14.999996 -0.092918
v -0.440025 14.999996 -0.182265
v -0.396012 14.999996 -0.264608
v -0.336780 14.999996 -0.336781
v -0.264606 14.999996 -0.396013
v -0.182264 14.999996 -0.440026
v -0.092917 14.999996 -0.467129
v 0.120793 14.999995 -0.607267
v 0.000000 14.999995 -0.619164
v 0.236944 14.999995 -0.572033
v 0.343989 14.999995 -0.514816
v 0.437815 14.999995 -0.437815
v 0.514816 14.999995 -0.343989
v 0.572033 14.999995 -0.236944
v 0.607267 14.999995 -0.120793
v 0.619164 14.999995 -0.000000
v 0.607267 14.999995 0.120793
v 0.572033 14.999995 0.236944
v 0.514816 14.999995 0.343989
v 0.437815 14.999995 0.437815
v 0.343989 14.999995 0.514816
v 0.236944 14.999995 0.572033
v 0.120793 14.999995 0.607267
v -0.000000 14.999995 0.619164
v -0.120793 14.999995 0.607267
v -0.236944 14.999995 0.572033
v -0.343989 14.999995 0.514816
v -0.437815 14.999995 0.437815
v -0.514816 14.999995 0.343989
v -0.572033 14.999995 0.236943
v -0.607267 14.999995 0.120792
v -0.619164 14.999995 -0.000001
v -0.607267 14.999995 -0.120794
v -0.572033 14.999995 -0.236945
v -0.514816 14.999995 -0.343990
v -0.437815 14.999995 -0.437816
v -0.343988 14.999995 -0.514817
v -0.236943 14.999995 -0.572034
v -0.120792 14.999995 -0.607267
v 0.120793 15.299995 -0.607267
v 0.000000 15.299995 -0.619164
v 0.236944 15.299995 -0.572033
v 0.343989 15.299995 -0.514816
v 0.437815 15.299995 -0.437815
v 0.514816 15.299995 -0.343989
v 0.572033 15.299995 -0.236944
v 0.607267 15.299995 -0.120793
v 0.619164 15.299995 -0.000000
v 0.607267 15.299995 0.120793
v 0.572033 15.299995 0.236944
v 0.514816 15.299995 0.343989
v 0.437815 15.299995 0.437815
v 0.343989 15.299995 0.514816
v 0.236944 15.299995 0.572033
v 0.120793 15.299995 0.607267
v -0.000000 15.299995 0.619164
v -0.120793 15.299995 0.607267
v -0.236944 15.299995 0.572033
v -0.343989 15.299995 0.514816
v -0.437815 15.299995 0.437815
v -0.514816 15.299995 0.343989
v -0.572033 15.299995 0.236943
v -0.607267 15.299995 0.120792
v -0.619164 15.299995 -0.000001
v -0.607267 15.299995 -0.120794
v -0.572033 15.299995 -0.236945
v -0.514816 15.299995 -0.343990
v -0.437815 15.299995 -0.437816
v -0.343988 15.299995 -0.514817
v -0.236943 15.299995 -0.572034
v -0.120792 15.299995 -0.607267
v 0.280930 11.399999 -1.412331
v -0.000000 11.399999 -1.440000
v 0.551064 11.399999 -1.330386
v 0.800021 11.399999 -1.197316
v 1.018234 11.399999 -1.018234
v 1.197316 11.399999 -0.800021
v 1.330387 11.399999 -0.551064
v 1.412331 11.399999 -0.280930
v 1.440000 11.399999 0.000000
v 1.412331 11.399999 0.280930
v 1.330387 11.399999 0.551064
v 1.197316 11.399999 0.800021
v 1.018234 11.399999 1.018234
v 0.800021 11.399999 1.197317
v 0.551064 11.399999 1.330387
v 0.280930 11.399999 1.412331
v -0.000001 11.399999 1.440000
v -0.280931 11.399999 1.412331
v -0.551065 11.399999 1.330387
v -0.800022 11.399999 1.197316
v -1.018234 11.399999 1.018233
v -1.197317 11.399999 0.800021
v -1.330387 11.399999 0.551063
v -1.412331 11.399999 0.280929
v -1.440000 11.399999 -0.000001
v -1.412331 11.399999 -0.280931
v -1.330386 11.399999 -0.551066
v -1.197315 11.399999 -0.800023
v -1.018233 11.399999 -1.018235
v -0.800020 11.399999 -1.197317
v -0.551062 11.399999 -1.330387
v -0.280928 11.399999 -1.412331
v 0.551064 5.633333 -1.330386
v 0.551064 6.466666 -1.330386
v 0.551064 7.199999 -1.330386
v 0.551064 8.033333 -1.330386
v 0.551064 8.766665 -1.330386
v 0.551064 9.599999 -1.330386
v 0.551064 10.333332 -1.330386
v 0.551064 11.166665 -1.330386
v 0.800021 11.166666 -1.197316
v 0.800021 10.333334 -1.197316
v 0.800021 9.600000 -1.197316
v 0.800021 8.766666 -1.197316
v 0.800021 8.033334 -1.197316
v 0.800021 7.200001 -1.197316
v 0.800021 6.466667 -1.197316
v 0.800021 5.633333 -1.197316
v -0.800020 5.633333 -1.197317
v -0.800020 6.466666 -1.197317
v -0.800020 7.199999 -1.197317
v -0.800020 8.033333 -1.197317
v -0.800020 8.766665 -1.197317
v -0.800020 9.599999 -1.197317
v -0.800020 10.333332 -1.197317
v -0.800020 11.166665 -1.197317
v -0.551062 11.166666 -1.330387
v -0.551062 10.333334 -1.330387
v -0.551062 9.600000 -1.330387
v -0.551062 8.766666 -1.330387
v -0.551062 8.033334 -1.330387
v -0.551062 7.200001 -1.330387
v -0.551062 6.466667 -1.330387
v -0.551062 5.633333 -1.330387
v -0.000001 5.633333 1.440000
v -0.000001 6.466666 1.440000
v -0.000001 7.199999 1.440000
v -0.000001 8.033333 1.440000
v -0.000001 8.766665 1.440000
v -0.000001 9.599999 1.440000
v -0.000001 10.333332 1.440000
v -0.000001 11.166665 1.440000
v -0.280931 11.166666 1.412331
v -0.280931 10.333334 1.412331
v -0.280931 9.600000 1.412331
v -0.280931 8.766666 1.412331
v -0.280931 8.033334 1.412331
v -0.280931 7.200001 1.412331
v -0.280931 6.466667 1.412331
v -0.280931 5.633333 1.412331
v 1.018234 11.166666 -1.018234
v 1.018234 10.333334 -1.018234
v 1.018234 9.600000 -1.018234
v 1.018234 8.766666 -1.018234
v 1.018234 8.033334 -1.018234
v 1.018234 7.200001 -1.018234
v 1.018234 6.466667 -1.018234
v 1.018234 5.633333 -1.018234
v -0.280928 11.166666 -1.412331
v -0.280928 10.333334 -1.412331
v -0.280928 9.600000 -1.412331
v -0.280928 8.766666 -1.412331
v -0.280928 8.033334 -1.412331
v -0.280928 7.200001 -1.412331
v -0.280928 6.466667 -1.412331
v -0.280928 5.633333 -1.412331
v -0.551065 11.166666 1.330387
v -0.551065 10.333334 1.330387
v -0.551065 9.600000 1.330387
v -0.551065 8.766666 1.330387
v -0.551065 8.033334 1.330387
v -0.551065 7.200001 1.330387
v -0.551065 6.466667 1.330387
v -0.551065 5.633333 1.330387
v 1.197316 11.166666 -0.800021
v 1.197316 10.333334 -0.800021
v 1.197316 9.600000 -0.800021
v 1.197316 8.766666 -0.800021
v 1.197316 8.033334 -0.800021
v 1.197316 7.200001 -0.800021
v 1.197316 6.466667 -0.800021
v 1.197316 5.633333 -0.800021
v -0.000000 11.166666 -1.440000
v -0.000000 10.333334 -1.440000
v -0.000000 9.600000 -1.440000
v -0.000000 8.766666 -1.440000
v -0.000000 8.033334 -1.440000
v -0.000000 7.200001 -1.440000
v -0.000000 6.466667 -1.440000
v -0.000000 5.633333 -1.440000
v -0.800022 11.166666 1.197316
v -0.800022 10.333334 1.197316
v -0.800022 9.600000 1.197316
v -0.800022 8.766666 1.197316
v -0.800022 8.033334 1.197316
v -0.800022 7.200001 1.197316
v -0.800022 6.466667 1.197316
v -0.800022 5.633333 1.197316
v 1.330387 11.166666 -0.551064
v 1.330387 10.333334 -0.551064
v 1.330387 9.600000 -0.551064
v 1.330387 8.766666 -0.551064
v 1.330387 8.033334 -0.551064
v 1.330387 7.200001 -0.551064
v 1.330387 6.466667 -0.551064
v 1.330387 5.633333 -0.551064
v -1.018235 11.166666 1.018233
v -1.018235 10.333334 1.018233
v -1.018235 9.600000 1.018233
v -1.018235 8.766666 1.018233
v -1.018235 8.033334 1.018233
v -1.018235 7.200001 1.018233
v -1.018235 6.466667 1.018233
v -1.018235 5.633333 1.018233
v 1.412331 11.166666 -0.280930
v 1.412331 10.333334 -0.280930
v 1.412331 9.600000 -0.280930
v 1.412331 8.766666 -0.280930
v 1.412331 8.033334 -0.280930
v 1.412331 7.200001 -0.280930
v 1.412331 6.466667 -0.280930
v 1.412331 5.633333 -0.280930
v -1.197317 11.166666 0.800021
v -1.197317 10.333334 0.800021
v -1.197317 9.600000 0.800021
v -1.197317 8.766666 0.800021
v -1.197317 8.033334 0.800021
v -1.197317 7.200001 0.800021
v -1.197317 6.466667 0.800021
v -1.197317 5.633333 0.800021
v 1.440000 11.166666 0.000000
v 1.440000 10.333334 0.000000
v 1.440000 9.600000 0.000000
v 1.440000 8.766666 0.000000
v 1.440000 8.033334 0.000000
v 1.440000 7.200001 0.000000
v 1.440000 6.466667 0.000000
v 1.440000 5.633333 0.000000
v -1.330387 11.166666 0.551063
v -1.330387 10.333334 0.551063
v -1.330387 9.600000 0.551063
v -1.330387 8.766666 0.551063
v -1.330387 8.033334 0.551063
v -1.330387 7.200001 0.551063
v -1.330387 6.466667 0.551063
v -1.330387 5.633333 0.551063
v 1.412331 11.166666 0.280930
v 1.412331 10.333334 0.280930
v 1.412331 9.600000 0.280930
v 1.412331 8.766666 0.280930
v 1.412331 8.033334 0.280930
v 1.412331 7.200001 0.280930
v 1.412331 6.466667 0.280930
v 1.412331 5.633333 0.280930
v -1.412331 11.166666 0.280929
v -1.412331 10.333334 0.280929
v -1.412331 9.600000 0.280929
v -1.412331 8.766666 0.280929
v -1.412331 8.033334 0.280929
v -1.412331 7.200001 0.280929
v -1.412331 6.466667 0.280929
v -1.412331 5.633333 0.280929
v 1.330387 11.166666 0.551064
v 1.330387 10.333334 0.551064
v 1.330387 9.600000 0.551064
v 1.330387 8.766666 0.551064
v 1.330387 8.033334 0.551064
v 1.330387 7.200001 0.551064
v 1.330387 6.466667 0.551064
v 1.330387 5.633333 0.551064
v -1.440000 11.166666 -0.000001
v -1.440000 10.333334 -0.000001
v -1.440000 9.600000 -0.000001
v -1.440000 8.766666 -0.000001
v -1.440000 8.033334 -0.000001
v -1.440000 7.200001 -0.000001
v -1.440000 6.466667 -0.000001
v -1.440000 5.633333 -0.000001
v 1.197316 11.166666 0.800021
v 1.197316 10.333334 0.800021
v 1.197316 9.600000 0.800021
v 1.197316 8.766666 0.800021
v 1.197316 8.033334 0.800021
v 1.197316 7.200001 0.800021
v 1.197316 6.466667 0.800021
v 1.197316 5.633333 0.800021
v -1.412331 11.166666 -0.280931
v -1.412331 10.333334 -0.280931
v -1.412331 9.600000 -0.280931
v -1.412331 8.766666 -0.280931
v -1.412331 8.033334 -0.280931
v -1.412331 7.200001 -0.280931
v -1.412331 6.466667 -0.280931
v -1.412331 5.633333 -0.280931
v 1.018234 11.166666 1.018234
v 1.018234 10.333334 1.018234
v 1.018234 9.600000 1.018234
v 1.018234 8.766666 1.018234
v 1.018234 8.033334 1.018234
v 1.018234 7.200001 1.018234
v 1.018234 6.466667 1.018234
v 1.018234 5.633333 1.018234
v -1.330386 11.166666 -0.551066
v -1.330386 10.333334 -0.551066
v -1.330386 9.600000 -0.551066
v -1.330386 8.766666 -0.551066
v -1.330386 8.033334 -0.551066
v -1.330386 7.200001 -0.551066
v -1.330386 6.466667 -0.551066
v -1.330386 5.633333 -0.551066
v 0.800021 11.166666 1.197317
v 0.800021 10.333334 1.197317
v 0.800021 9.600000 1.197317
v 0.800021 8.766666 1.197317
v 0.800021 8.033334 1.197317
v 0.800021 7.200001 1.197317
v 0.800021 6.466667 1.197317
v 0.800021 5.633333 1.197317
v -1.197315 11.166666 -0.800023
v -1.197315 10.333334 -0.800023
v -1.197315 9.600000 -0.800023
v -1.197315 8.766666 -0.800023
v -1.197315 8.033334 -0.800023
v -1.197315 7.200001 -0.800023
v -1.197315 6.466667 -0.800023
v -1.197315 5.633333 -0.800023
v 0.551064 11.166666 1.330387
v 0.551064 10.333334 1.330387
v 0.551064 9.600000 1.330387
v 0.551064 8.766666 1.330387
v 0.551064 8.033334 1.330387
v 0.551064 7.200001 1.330387
v 0.551064 6.466667 1.330387
v 0.551064 5.633333 1.330387
v 0.280930 11.166666 -1.412331
v 0.280930 10.333334 -1.412331
v 0.280930 9.600000 -1.412331
v 0.280930 8.766666 -1.412331
v 0.280930 8.033334 -1.412331
v 0.280930 7.200001 -1.412331
v 0.280930 6.466667 -1.412331
v 0.280930 5.633333 -1.412331
v -1.018233 11.166666 -1.018235
v -1.018233 10.333334 -1.018235
v -1.018233 9.600000 -1.018235
v -1.018233 8.766666 -1.018235
v -1.018233 8.033334 -1.018235
v -1.018233 7.200001 -1.018235
v -1.018233 6.466667 -1.018235
v -1.018233 5.633333 -1.018235
v 0.280930 11.166666 1.412331
v 0.280930 10.333334 1.412331
v 0.280930 9.600000 1.412331
v 0.280930 8.766666 1.412331
v 0.280930 8.033334 1.412331
v 0.280930 7.200001 1.412331
v 0.280930 6.466667 1.412331
v 0.280930 5.633333 1.412331
v 0.806688 5.850000 -1.207294
v -0.555654 5.850000 -1.341474
v -0.283272 5.850000 1.424100
v 1.026719 5.850000 -1.026719
v -0.283269 5.850000 -1.424101
v -0.555657 5.850000 1.341473
v 1.207294 5.850000 -0.806688
v -0.000000 5.850000 -1.452000
v -0.806689 5.850000 1.207294
v 1.341473 5.850000 -0.555656
v -1.026720 5.850000 1.026719
v 1.424100 5.850000 -0.283271
v -1.207295 5.850000 0.806687
v 1.452000 5.850000 0.000000
v -1.341474 5.850000 0.555655
v 1.424100 5.850000 0.283271
v -1.424101 5.850000 0.283270
v 1.341473 5.850000 0.555656
v -1.452000 5.850000 -0.000001
v 1.207294 5.850000 0.806688
v -1.424100 5.850000 -0.283273
v 1.026719 5.850000 1.026719
v -1.341473 5.850000 -0.555658
v 0.806688 5.850000 1.207294
v -1.207293 5.850000 -0.806689
v 0.555656 5.850000 1.341473
v 0.283271 5.850000 -1.424100
v -1.026718 5.850000 -1.026720
v 0.283271 5.850000 1.424101
v 0.555656 5.850000 -1.341473
v -0.806686 5.850000 -1.207295
v -0.000001 5.850000 1.452000
v 0.806688 6.655556 -1.207294
v -0.555654 6.655556 -1.341474
v -0.283272 6.655556 1.424100
v 1.026719 6.655556 -1.026719
v -0.283269 6.655556 -1.424101
v -0.555657 6.655556 1.341473
v 1.207294 6.655556 -0.806688
v -0.000000 6.655556 -1.452000
v -0.806689 6.655556 1.207294
v 1.341473 6.655556 -0.555656
v -1.026720 6.655556 1.026719
v 1.424100 6.655556 -0.283271
v -1.207295 6.655556 0.806687
v 1.452000 6.655556 0.000000
v -1.341474 6.655556 0.555655
v 1.424100 6.655556 0.283271
v -1.424101 6.655556 0.283270
v 1.341473 6.655556 0.555656
v -1.452000 6.655556 -0.000001
v 1.207294 6.655556 0.806688
v -1.424100 6.655556 -0.283273
v 1.026719 6.655556 1.026719
v -1.341473 6.655556 -0.555658
v 0.806688 6.655556 1.207294
v -1.207293 6.655556 -0.806689
v 0.555656 6.655556 1.341473
v 0.283271 6.655556 -1.424100
v -1.026718 6.655556 -1.026720
v 0.283271 6.655556 1.424101
v 0.555656 6.655555 -1.341473
v -0.806686 6.655555 -1.207295
v -0.000001 6.655555 1.452000
v 0.806688 7.411112 -1.207294
v -0.555654 7.411112 -1.341474
v -0.283272 7.411112 1.424100
v 1.026719 7.411112 -1.026719
v -0.283269 7.411112 -1.424101
v -0.555657 7.411112 1.341473
v 1.207294 7.411112 -0.806688
v -0.000000 7.411112 -1.452000
v -0.806689 7.411112 1.207294
v 1.341473 7.411112 -0.555656
v -1.026720 7.411112 1.026719
v 1.424100 7.411112 -0.283271
v -1.207295 7.411112 0.806687
v 1.452000 7.411112 0.000000
v -1.341474 7.411112 0.555655
v 1.424100 7.411112 0.283271
v -1.424101 7.411112 0.283270
v 1.341473 7.411112 0.555656
v -1.452000 7.411112 -0.000001
v 1.207294 7.411112 0.806688
v -1.424100 7.411112 -0.283273
v 1.026719 7.411112 1.026719
v -1.341473 7.411112 -0.555658
v 0.806688 7.411112 1.207294
v -1.207293 7.411112 -0.806689
v 0.555656 7.411112 1.341473
v 0.283271 7.411112 -1.424100
v -1.026718 7.411112 -1.026720
v 0.283271 7.411112 1.424101
v 0.555656 7.411110 -1.341473
v -0.806686 7.411110 -1.207295
v -0.000001 7.411110 1.452000
v 0.806688 8.216667 -1.207294
v -0.555654 8.216667 -1.341474
v -0.283272 8.216667 1.424100
v 1.026719 8.216667 -1.026719
v -0.283269 8.216667 -1.424101
v -0.555657 8.216667 1.341473
v 1.207294 8.216667 -0.806688
v -0.000000 8.216667 -1.452000
v -0.806689 8.216667 1.207294
v 1.341473 8.216667 -0.555656
v -1.026720 8.216667 1.026719
v 1.424100 8.216667 -0.283271
v -1.207295 8.216667 0.806687
v 1.452000 8.216667 0.000000
v -1.341474 8.216667 0.555655
v 1.424100 8.216667 0.283271
v -1.424101 8.216667 0.283270
v 1.341473 8.216667 0.555656
v -1.452000 8.216667 -0.000001
v 1.207294 8.216667 0.806688
v -1.424100 8.216667 -0.283273
v 1.026719 8.216667 1.026719
v -1.341473 8.216667 -0.555658
v 0.806688 8.216667 1.207294
v -1.207293 8.216667 -0.806689
v 0.555656 8.216667 1.341473
v 0.283271 8.216667 -1.424100
v -1.026718 8.216667 -1.026720
v 0.283271 8.216667 1.424101
v 0.555656 8.216666 -1.341473
v -0.806686 8.216666 -1.207295
v -0.000001 8.216666 1.452000
v 0.806688 8.972222 -1.207294
v -0.555654 8.972222 -1.341474
v -0.283272 8.972222 1.424100
v 1.026719 8.972222 -1.026719
v -0.283269 8.972222 -1.424101
v -0.555657 8.972222 1.341473
v 1.207294 8.972222 -0.806688
v -0.000000 8.972222 -1.452000
v -0.806689 8.972222 1.207294
v 1.341473 8.972222 -0.555656
v -1.026720 8.972222 1.026719
v 1.424100 8.972222 -0.283271
v -1.207295 8.972222 0.806687
v 1.452000 8.972222 0.000000
v -1.341474 8.972222 0.555655
v 1.424100 8.972222 0.283271
v -1.424101 8.972222 0.283270
v 1.341473 8.972222 0.555656
v -1.452000 8.972222 -0.000001
v 1.207294 8.972222 0.806688
v -1.424100 8.972222 -0.283273
v 1.026719 8.972222 1.026719
v -1.341473 8.972222 -0.555658
v 0.806688 8.972222 1.207294
v -1.207293 8.972222 -0.806689
v 0.555656 8.972222 1.341473
v 0.283271 8.972222 -1.424100
v -1.026718 8.972222 -1.026720
v 0.283271 8.972222 1.424101
v 0.555656 8.972221 -1.341473
v -0.806686 8.972221 -1.207295
v -0.000001 8.972221 1.452000
v 0.806688 9.777778 -1.207294
v -0.555654 9.777778 -1.341474
v -0.283272 9.777778 1.424100
v 1.026719 9.777778 -1.026719
v -0.283269 9.777778 -1.424101
v -0.555657 9.777778 1.341473
v 1.207294 9.777778 -0.806688
v -0.000000 9.777778 -1.452000
v -0.806689 9.777778 1.207294
v 1.341473 9.777778 -0.555656
v -1.026720 9.777778 1.026719
v 1.424100 9.777778 -0.283271
v -1.207295 9.777778 0.806687
v 1.452000 9.777778 0.000000
v -1.341474 9.777778 0.555655
v 1.424100 9.777778 0.283271
v -1.424101 9.777778 0.283270
v 1.341473 9.777778 0.555656
v -1.452000 9.777778 -0.000001
v 1.207294 9.777778 0.806688
v -1.424100 9.777778 -0.283273
v 1.026719 9.777778 1.026719
v -1.341473 9.777778 -0.555658
v 0.806688 9.777778 1.207294
v -1.207293 9.777778 -0.806689
v 0.555656 9.777778 1.341473
v 0.283271 9.777778 -1.424100
v -1.026718 9.777778 -1.026720
v 0.283271 9.777778 1.424101
v 0.555656 9.777777 -1.341473
v -0.806686 9.777777 -1.207295
v -0.000001 9.777777 1.452000
v 0.806688 10.533334 -1.207294
v -0.555654 10.533334 -1.341474
v -0.283272 10.533334 1.424100
v 1.026719 10.533334 -1.026719
v -0.283269 10.533334 -1.424101
v -0.555657 10.533334 1.341473
v 1.207294 10.533334 -0.806688
v -0.000000 10.533334 -1.452000
v -0.806689 10.533334 1.207294
v 1.341473 10.533334 -0.555656
v -1.026720 10.533334 1.026719
v 1.424100 10.533334 -0.283271
v -1.207295 10.533334 0.806687
v 1.452000 10.533334 0.000000
v -1.341474 10.533334 0.555655
v 1.424100 10.533334 0.283271
v -1.424101 10.533334 0.283270
v 1.341473 10.533334 0.555656
v -1.452000 10.533334 -0.000001
v 1.207294 10.533334 0.806688
v -1.424100 10.533334 -0.283273
v 1.026719 10.533334 1.026719
v -1.341473 10.533334 -0.555658
v 0.806688 10.533334 1.207294
v -1.207293 10.533334 -0.806689
v 0.555656 10.533334 1.341473
v 0.283271 10.533334 -1.424100
v -1.026718 10.533334 -1.026720
v 0.283271 10.533334 1.424101
v 0.555656 10.533332 -1.341473
v -0.806686 10.533332 -1.207295
v -0.000001 10.533332 1.452000
v -0.500000 2.000000 -2.100000
v -0.500000 5.000000 -2.100000
v 0.500000 2.000000 -2.100000
v 0.500000 5.000000 -2.100000
v -0.500000 2.000000 -1.950000
v -0.500000 5.000000 -1.950000
v 0.500000 2.000000 -1.950000
v 0.500000 5.000000 -1.950000
v 0.350000 2.000000 -2.100000
v 0.350000 5.000000 -2.100000
v 0.350000 5.000000 -1.950000
v 0.350000 2.000000 -1.950000
v -0.330000 2.000000 -2.100000
v -0.330000 2.000000 -1.950000
v -0.330000 5.000000 -2.100000
v -0.330000 5.000000 -1.950000
v -0.500000 4.880000 -2.100000
v -0.500000 4.760000 -2.100000
v -0.500000 4.640000 -2.100000
v -0.500000 4.520000 -2.100000
v -0.500000 4.400000 -2.100000
v -0.500000 4.280000 -2.100000
v -0.500000 4.160000 -2.100000
v -0.500000 4.040000 -2.100000
v -0.500000 3.920000 -2.100000
v -0.500000 3.800000 -2.100000
v -0.500000 3.680000 -2.100000
v -0.500000 3.560000 -2.100000
v -0.500000 3.440000 -2.100000
v -0.500000 3.320000 -2.100000
v -0.500000 3.200000 -2.100000
v -0.500000 3.080000 -2.100000
v -0.500000 2.960000 -2.100000
v -0.500000 2.840000 -2.100000
v -0.500000 2.720000 -2.100000
v -0.500000 2.600000 -2.100000
v -0.500000 2.480000 -2.100000
v -0.500000 2.360000 -2.100000
v -0.500000 2.240000 -2.100000
v -0.500000 2.120000 -2.100000
v 0.500000 4.880000 -2.100000
v 0.500000 4.760000 -2.100000
v 0.500000 4.640000 -2.100000
v 0.500000 4.520000 -2.100000
v 0.500000 4.400000 -2.100000
v 0.500000 4.280000 -2.100000
v 0.500000 4.160000 -2.100000
v 0.500000 4.040000 -2.100000
v 0.500000 3.920000 -2.100000
v 0.500000 3.800000 -2.100000
v 0.500000 3.680000 -2.100000
v 0.500000 3.560000 -2.100000
v 0.500000 3.440000 -2.100000
v 0.500000 3.320000 -2.100000
v 0.500000 3.200000 -2.100000
v 0.500000 3.080000 -2.100000
v 0.500000 2.960000 -2.100000
v 0.500000 2.840000 -2.100000
v 0.500000 2.720000 -2.100000
v 0.500000 2.600000 -2.100000
v 0.500000 2.480000 -2.100000
v 0.500000 2.360000 -2.100000
v 0.500000 2.240000 -2.100000
v 0.500000 2.120000 -2.100000
v 0.500000 4.880000 -1.950000
v 0.500000 4.760000 -1.950000
v 0.500000 4.640000 -1.950000
v 0.500000 4.520000 -1.950000
v 0.500000 4.400000 -1.950000
v 0.500000 4.280000 -1.950000
v 0.500000 4.160000 -1.950000
v 0.500000 4.040000 -1.950000
v 0.500000 3.920000 -1.950000
v 0.500000 3.800000 -1.950000
v 0.500000 3.680000 -1.950000
v 0.500000 3.560000 -1.950000
v 0.500000 3.440000 -1.950000
v 0.500000 3.320000 -1.950000
v 0.500000 3.200000 -1.950000
v 0.500000 3.080000 -1.950000
v 0.500000 2.960000 -1.950000
v 0.500000 2.840000 -1.950000
v 0.500000 2.720000 -1.950000
v 0.500000 2.600000 -1.950000
v 0.500000 2.480000 -1.950000
v 0.500000 2.360000 -1.950000
v 0.500000 2.240000 -1.950000
v 0.500000 2.120000 -1.950000
v -0.500000 4.880000 -1.950000
v -0.500000 4.760000 -1.950000
v -0.500000 4.640000 -1.950000
v -0.500000 4.520000 -1.950000
v -0.500000 4.400000 -1.950000
v -0.500000 4.280000 -1.950000
v -0.500000 4.160000 -1.950000
v -0.500000 4.040000 -1.950000
v -0.500000 3.920000 -1.950000
v -0.500000 3.800000 -1.950000
v -0.500000 3.680000 -1.950000
v -0.500000 3.560000 -1.950000
v -0.500000 3.440000 -1.950000
v -0.500000 3.320000 -1.950000
v -0.500000 3.200000 -1.950000
v -0.500000 3.080000 -1.950000
v -0.500000 2.960000 -1.950000
v -0.500000 2.840000 -1.950000
v -0.500000 2.720000 -1.950000
v -0.500000 2.600000 -1.950000
v -0.500000 2.480000 -1.950000
v -0.500000 2.360000 -1.950000
v -0.500000 2.240000 -1.950000
v -0.500000 2.120000 -1.950000
v 0.350000 4.880000 -2.100000
v 0.350000 4.760000 -2.100000
v 0.350000 4.640000 -2.100000
v 0.350000 4.520000 -2.100000
v 0.350000 4.400000 -2.100000
v 0.350000 4.280000 -2.100000
v 0.350000 4.160000 -2.100000
v 0.350000 4.040000 -2.100000
v 0.350000 3.920000 -2.100000
v 0.350000 3.800000 -2.100000
v 0.350000 3.680000 -2.100000
v 0.350000 3.560000 -2.100000
v 0.350000 3.440000 -2.100000
v 0.350000 3.320000 -2.100000
v 0.350000 3.200000 -2.100000
v 0.350000 3.080000 -2.100000
v 0.350000 2.960000 -2.100000
v 0.350000 2.840000 -2.100000
v 0.350000 2.720000 -2.100000
v 0.350000 2.600000 -2.100000
v 0.350000 2.480000 -2.100000
v 0.350000 2.360000 -2.100000
v 0.350000 2.240000 -2.100000
v 0.350000 2.120000 -2.100000
v -0.330000 4.880000 -2.100000
v -0.330000 4.760000 -2.100000
v -0.330000 4.640000 -2.100000
v -0.330000 4.520000 -2.100000
v -0.330000 4.400000 -2.100000
v -0.330000 4.280000 -2.100000
v -0.330000 4.160000 -2.100000
v -0.330000 4.040000 -2.100000
v -0.330000 3.920000 -2.100000
v -0.330000 3.800000 -2.100000
v -0.330000 3.680000 -2.100000
v -0.330000 3.560000 -2.100000
v -0.330000 3.440000 -2.100000
v -0.330000 3.320000 -2.100000
v -0.330000 3.200000 -2.100000
v -0.330000 3.080000 -2.100000
v -0.330000 2.960000 -2.100000
v -0.330000 2.840000 -2.100000
v -0.330000 2.720000 -2.100000
v -0.330000 2.600000 -2.100000
v -0.330000 2.480000 -2.100000
v -0.330000 2.360000 -2.100000
v -0.330000 2.240000 -2.100000
v -0.330000 2.120000 -2.100000
v 0.350000 4.880000 -2.100000
v 0.350000 4.760000 -2.100000
v 0.350000 4.640000 -2.100000
v 0.350000 4.520000 -2.100000
v 0.350000 4.400000 -2.100000
v 0.350000 4.280000 -2.100000
v 0.350000 4.160000 -2.100000
v 0.350000 4.040000 -2.100000
v 0.350000 3.920000 -2.100000
v 0.350000 3.800000 -2.100000
v 0.350000 3.680000 -2.100000
v 0.350000 3.560000 -2.100000
v 0.350000 3.440000 -2.100000
v 0.350000 3.320000 -2.100000
v 0.350000 3.200000 -2.100000
v 0.350000 3.080000 -2.100000
v 0.350000 2.960000 -2.100000
v 0.350000 2.840000 -2.100000
v 0.350000 2.720000 -2.100000
v 0.350000 2.600000 -2.100000
v 0.350000 2.480000 -2.100000
v 0.350000 2.360000 -2.100000
v 0.350000 2.240000 -2.100000
v 0.350000 2.120000 -2.100000
v -0.330000 4.880000 -2.100000
v -0.330000 4.760000 -2.100000
v -0.330000 4.640000 -2.100000
v -0.330000 4.520000 -2.100000
v -0.330000 4.400000 -2.100000
v -0.330000 4.280000 -2.100000
v -0.330000 4.160000 -2.100000
v -0.330000 4.040000 -2.100000
v -0.330000 3.920000 -2.100000
v -0.330000 3.800000 -2.100000
v -0.330000 3.680000 -2.100000
v -0.330000 3.560000 -2.100000
v -0.330000 3.440000 -2.100000
v -0.330000 3.320000 -2.100000
v -0.330000 3.200000 -2.100000
v -0.330000 3.080000 -2.100000
v -0.330000 2.960000 -2.100000
v -0.330000 2.840000 -2.100000
v -0.330000 2.720000 -2.100000
v -0.330000 2.600000 -2.100000
v -0.330000 2.480000 -2.100000
v -0.330000 2.360000 -2.100000
v -0.330000 2.240000 -2.100000
v -0.330000 2.120000 -2.100000
v 0.350000 4.880000 -2.070000
v 0.350000 4.760000 -2.070000
v 0.350000 4.640000 -2.070000
v 0.350000 4.520000 -2.070000
v 0.350000 4.400000 -2.070000
v 0.350000 4.280000 -2.070000
v 0.350000 4.160000 -2.070000
v 0.350000 4.040000 -2.070000
v 0.350000 3.920000 -2.070000
v 0.350000 3.800000 -2.070000
v 0.350000 3.680000 -2.070000
v 0.350000 3.560000 -2.070000
v 0.350000 3.440000 -2.070000
v 0.350000 3.320000 -2.070000
v 0.350000 3.200000 -2.070000
v 0.350000 3.080000 -2.070000
v 0.350000 2.960000 -2.070000
v 0.350000 2.840000 -2.070000
v 0.350000 2.720000 -2.070000
v 0.350000 2.600000 -2.070000
v 0.350000 2.480000 -2.070000
v 0.350000 2.360000 -2.070000
v 0.350000 2.240000 -2.070000
v 0.350000 2.120000 -2.070000
v -0.330000 4.880000 -2.070000
v -0.330000 4.760000 -2.070000
v -0.330000 4.640000 -2.070000
v -0.330000 4.520000 -2.070000
v -0.330000 4.400000 -2.070000
v -0.330000 4.280000 -2.070000
v -0.330000 4.160000 -2.070000
v -0.330000 4.040000 -2.070000
v -0.330000 3.920000 -2.070000
v -0.330000 3.800000 -2.070000
v -0.330000 3.680000 -2.070000
v -0.330000 3.560000 -2.070000
v -0.330000 3.440000 -2.070000
v -0.330000 3.320000 -2.070000
v -0.330000 3.200000 -2.070000
v -0.330000 3.080000 -2.070000
v -0.330000 2.960000 -2.070000
v -0.330000 2.840000 -2.070000
v -0.330000 2.720000 -2.070000
v -0.330000 2.600000 -2.070000
v -0.330000 2.480000 -2.070000
v -0.330000 2.360000 -2.070000
v -0.330000 2.240000 -2.070000
v -0.330000 2.120000 -2.070000
v 0.350000 4.880000 -2.070000
v 0.350000 4.760000 -2.070000
v 0.350000 4.640000 -2.070000
v 0.350000 4.520000 -2.070000
v 0.350000 4.400000 -2.070000
v 0.350000 4.280000 -2.070000
v 0.350000 4.160000 -2.070000
v 0.350000 4.040000 -2.070000
v 0.350000 3.920000 -2.070000
v 0.350000 3.800000 -2.070000
v 0.350000 3.680000 -2.070000
v 0.350000 3.560000 -2.070000
v 0.350000 3.440000 -2.070000
v 0.350000 3.320000 -2.070000
v 0.350000 3.200000 -2.070000
v 0.350000 3.080000 -2.070000
v 0.350000 2.960000 -2.070000
v 0.350000 2.840000 -2.070000
v 0.350000 2.720000 -2.070000
v 0.350000 2.600000 -2.070000
v 0.350000 2.480000 -2.070000
v 0.350000 2.360000 -2.070000
v 0.350000 2.240000 -2.070000
v 0.350000 2.120000 -2.070000
v -0.330000 4.880000 -2.070000
v -0.330000 4.760000 -2.070000
v -0.330000 4.640000 -2.070000
v -0.330000 4.520000 -2.070000
v -0.330000 4.400000 -2.070000
v -0.330000 4.280000 -2.070000
v -0.330000 4.160000 -2.070000
v -0.330000 4.040000 -2.070000
v -0.330000 3.920000 -2.070000
v -0.330000 3.800000 -2.070000
v -0.330000 3.680000 -2.070000
v -0.330000 3.560000 -2.070000
v -0.330000 3.440000 -2.070000
v -0.330000 3.320000 -2.070000
v -0.330000 3.200000 -2.070000
v -0.330000 3.080000 -2.070000
v -0.330000 2.960000 -2.070000
v -0.330000 2.840000 -2.070000
v -0.330000 2.720000 -2.070000
v -0.330000 2.600000 -2.070000
v -0.330000 2.480000 -2.070000
v -0.330000 2.360000 -2.070000
v -0.330000 2.240000 -2.070000
v -0.330000 2.120000 -2.070000
v -0.545000 4.400000 -1.350000
v -0.545000 4.650000 -1.600000
v -0.545000 4.400000 -1.850000
v -0.495000 4.400000 -1.350000
v -0.495000 4.650000 -1.600000
v -0.495000 4.400000 -1.850000
v -0.545000 4.150000 -1.850000
v -0.545000 3.900000 -1.600000
v -0.545000 4.150000 -1.350000
v -0.495000 4.150000 -1.850000
v -0.495000 3.900000 -1.600000
v -0.495000 4.150000 -1.350000
vn -0.0000 -0.2266 -0.9740
vn -0.0000 -0.1913 -0.9815
vn 0.1915 -0.1913 -0.9627
vn 0.1900 -0.2266 -0.9553
vn 0.3756 -0.1913 -0.9068
vn 0.3727 -0.2266 -0.8998
vn 0.5453 -0.1913 -0.8161
vn 0.5411 -0.2266 -0.8098
vn 0.6940 -0.1913 -0.6940
vn 0.6887 -0.2266 -0.6887
vn 0.8161 -0.1913 -0.5453
vn 0.8098 -0.2266 -0.5411
vn 0.9068 -0.1913 -0.3756
vn 0.8998 -0.2266 -0.3727
vn 0.9627 -0.1913 -0.1915
vn 0.9553 -0.2266 -0.1900
vn 0.9815 -0.1913 -0.0000
vn 0.9740 -0.2266 -0.0000
vn 0.9627 -0.1913 0.1915
vn 0.9553 -0.2266 0.1900
vn 0.9068 -0.1913 0.3756
vn 0.8998 -0.2266 0.3727
vn 0.8161 -0.1913 0.5453
vn 0.8098 -0.2266 0.5411
vn 0.6940 -0.1913 0.6940
vn 0.6887 -0.2266 0.6887
vn 0.5453 -0.1913 0.8161
vn 0.5411 -0.2266 0.8098
vn 0.3756 -0.1913 0.9068
vn 0.3727 -0.2266 0.8998
vn 0.1915 -0.1913 0.9627
vn 0.1900 -0.2266 0.9553
vn -0.0000 -0.1913 0.9815
vn -0.0000 -0.2266 0.9740
vn -0.1915 -0.1913 0.9627
vn -0.1900 -0.2266 0.9553
vn -0.3756 -0.1913 0.9068
vn -0.3727 -0.2266 0.8998
vn -0.5453 -0.1913 0.8161
vn -0.5411 -0.2266 0.8098
vn -0.6940 -0.1913 0.6940
vn -0.6887 -0.2266 0.6887
vn -0.8161 -0.1913 0.5453
vn -0.8098 -0.2266 0.5411
vn -0.9068 -0.1913 0.3756
vn -0.8998 -0.2266 0.3727
vn -0.9627 -0.1913 0.1915
vn -0.9553 -0.2266 0.1900
vn -0.9815 -0.1913 -0.0000
vn -0.9740 -0.2266 -0.0000
vn -0.9627 -0.1913 -0.1915
vn -0.9553 -0.2266 -0.1900
vn -0.9068 -0.1913 -0.3756
vn -0.8998 -0.2266 -0.3727
vn -0.8161 -0.1913 -0.5453
vn -0.8098 -0.2266 -0.5411
vn -0.6940 -0.1913 -0.6940
vn -0.6887 -0.2266 -0.6887
vn -0.5453 -0.1913 -0.8161
vn -0.5411 -0.2266 -0.8098
vn -0.3756 -0.1913 -0.9068
vn -0.3727 -0.2266 -0.8998
vn -0.1915 -0.1913 -0.9627
vn -0.3124 0.5774 -0.7543
vn -0.1593 0.5774 -0.8008
vn -0.1900 -0.2266 -0.9553
vn 0.8440 0.5094 0.1679
vn 0.8605 0.5094 -0.0000
vn -0.8165 0.5774 -0.0000
vn -0.8008 0.5774 0.1593
vn -0.6918 0.7088 0.1376
vn -0.7054 0.7088 -0.0000
vn 0.8165 0.5774 -0.0000
vn 0.8008 0.5774 0.1593
vn -0.1593 0.5774 0.8008
vn -0.3125 0.5774 0.7543
vn -0.7543 0.5774 -0.3125
vn -0.6789 0.5774 -0.4536
vn 0.5773 0.5774 -0.5773
vn 0.6789 0.5774 -0.4536
vn 0.4536 0.5774 0.6789
vn 0.3125 0.5774 0.7543
vn -0.7543 0.5774 0.3125
vn -0.0000 0.5774 -0.8165
vn 0.1593 0.5774 -0.8008
vn 0.7543 0.5774 0.3125
vn -0.4536 0.5774 0.6789
vn -0.5773 0.5774 -0.5773
vn 0.7543 0.5774 -0.3125
vn 0.1593 0.5774 0.8008
vn 0.3125 0.5774 -0.7543
vn 0.6789 0.5774 0.4536
vn -0.5773 0.5774 0.5773
vn -0.4536 0.5774 -0.6789
vn 0.8008 0.5774 -0.1593
vn -0.0000 0.5774 0.8165
vn -0.8008 0.5774 -0.1593
vn 0.4536 0.5774 -0.6789
vn 0.5773 0.5774 0.5773
vn -0.6789 0.5774 0.4536
vn -0.5865 0.7088 -0.3919
vn -0.6517 0.7088 -0.2699
vn -0.9239 -0.0000 -0.3827
vn -0.8315 -0.0000 -0.5556
vn 0.6517 0.7088 0.2699
vn 0.5865 0.7088 0.3919
vn -0.6918 0.7088 -0.1376
vn 0.4988 0.7088 0.4988
vn 0.3919 0.7088 0.5865
vn 0.2699 0.7088 0.6517
vn -0.0000 0.7088 -0.7054
vn 0.1376 0.7088 -0.6918
vn -0.4988 0.7088 -0.4988
vn 0.1376 0.7088 0.6918
vn 0.2699 0.7088 -0.6517
vn -0.3919 0.7088 -0.5865
vn -0.0000 0.7088 0.7054
vn 0.3919 0.7088 -0.5865
vn -0.2699 0.7088 -0.6517
vn -0.1376 0.7088 0.6918
vn 0.4988 0.7088 -0.4988
vn -0.1376 0.7088 -0.6918
vn -0.2699 0.7088 0.6517
vn 0.5865 0.7088 -0.3919
vn -0.3919 0.7088 0.5865
vn 0.6517 0.7088 -0.2699
vn -0.4988 0.7088 0.4988
vn 0.6918 0.7088 -0.1376
vn -0.5865 0.7088 0.3919
vn 0.7054 0.7088 -0.0000
vn -0.6517 0.7088 0.2699
vn 0.6918 0.7088 0.1376
vn 0.5556 -0.0000 0.8315
vn 0.3827 -0.0000 0.9239
vn -0.0000 -0.0000 -1.0000
vn 0.1951 -0.0000 -0.9808
vn -0.7071 -0.0000 -0.7071
vn 0.1951 -0.0000 0.9808
vn 0.3827 -0.0000 -0.9239
vn -0.5556 -0.0000 -0.8315
vn -0.0000 -0.0000 1.0000
vn 0.5556 -0.0000 -0.8315
vn -0.3827 -0.0000 -0.9239
vn -0.1951 -0.0000 0.9808
vn 0.7071 -0.0000 -0.7071
vn -0.1951 -0.0000 -0.9808
vn -0.3827 -0.0000 0.9239
vn 0.8315 -0.0000 -0.5556
vn -0.5556 -0.0000 0.8315
vn 0.9239 -0.0000 -0.3827
vn -0.7071 -0.0000 0.7071
vn 0.9808 -0.0000 -0.1951
vn -0.8315 -0.0000 0.5556
vn 1.0000 -0.0000 -0.0000
vn -0.9239 -0.0000 0.3827
vn 0.9808 -0.0000 0.1951
vn -0.9808 -0.0000 0.1951
vn 0.9239 -0.0000 0.3827
vn -1.0000 -0.0000 -0.0000
vn 0.8315 -0.0000 0.5556
vn -0.9808 -0.0000 -0.1951
vn 0.7071 -0.0000 0.7071
vn 0.7155 0.5094 -0.4781
vn 0.7950 0.5094 -0.3293
vn -0.3293 0.5094 0.7950
vn -0.1679 0.5094 0.8440
vn -0.7155 0.5094 -0.4781
vn -0.7950 0.5094 -0.3293
vn 0.6085 0.5094 -0.6085
vn 0.3293 0.5094 0.7950
vn 0.4781 0.5094 0.7155
vn -0.8440 0.5094 0.1679
vn -0.7950 0.5094 0.3293
vn 0.1679 0.5094 -0.8440
vn -0.0000 0.5094 -0.8605
vn -0.1679 0.5094 -0.8440
vn 0.7950 0.5094 0.3293
vn -0.4781 0.5094 0.7155
vn -0.6085 0.5094 -0.6085
vn 0.1679 0.5094 0.8440
vn -0.8605 0.5094 -0.0000
vn 0.3293 0.5094 -0.7950
vn 0.7155 0.5094 0.4781
vn -0.6085 0.5094 0.6085
vn -0.4781 0.5094 -0.7155
vn 0.8440 0.5094 -0.1679
vn -0.0000 0.5094 0.8605
vn -0.8440 0.5094 -0.1679
vn 0.4781 0.5094 -0.7155
vn 0.6085 0.5094 0.6085
vn -0.7155 0.5094 0.4781
vn -0.3293 0.5094 -0.7950
vn 0.7139 -0.6857 0.1420
vn 0.7279 -0.6857 -0.0000
vn -0.0000 -0.6857 -0.7279
vn 0.1420 -0.6857 -0.7139
vn 0.2785 -0.6857 -0.6725
vn 0.4044 -0.6857 -0.6052
vn 0.5147 -0.6857 -0.5147
vn 0.6052 -0.6857 -0.4044
vn 0.6725 -0.6857 -0.2785
vn 0.7139 -0.6857 -0.1420
vn 0.6725 -0.6857 0.2785
vn 0.6052 -0.6857 0.4044
vn 0.5147 -0.6857 0.5147
vn 0.4044 -0.6857 0.6052
vn 0.2785 -0.6857 0.6725
vn 0.1420 -0.6857 0.7139
vn -0.0000 -0.6857 0.7279
vn -0.1420 -0.6857 0.7139
vn -0.2785 -0.6857 0.6725
vn -0.4044 -0.6857 0.6052
vn -0.5147 -0.6857 0.5147
vn -0.6052 -0.6857 0.4044
vn -0.6725 -0.6857 0.2785
vn -0.7139 -0.6857 0.1420
vn -0.7279 -0.6857 -0.0000
vn -0.7139 -0.6857 -0.1420
vn -0.6725 -0.6857 -0.2785
vn -0.6052 -0.6857 -0.4044
vn -0.5147 -0.6857 -0.5147
vn -0.4044 -0.6857 -0.6052
vn -0.2785 -0.6857 -0.6725
vn -0.1420 -0.6857 -0.7139
vn -0.0000 -1.0000 -0.0000
vn -0.9184 -0.3510 0.1827
vn -0.9364 -0.3510 -0.0000
vn -0.7786 -0.3510 -0.5202
vn -0.8651 -0.3510 -0.3583
vn -0.6345 0.7269 -0.2628
vn -0.5710 0.7269 -0.3816
vn 0.8651 -0.3510 0.3583
vn 0.7786 -0.3510 0.5202
vn -0.9184 -0.3510 -0.1827
vn 0.6621 -0.3510 0.6621
vn 0.5202 -0.3510 0.7786
vn 0.3583 -0.3510 0.8651
vn -0.0000 -0.3510 -0.9364
vn 0.1827 -0.3510 -0.9184
vn -0.6621 -0.3510 -0.6621
vn 0.1827 -0.3510 0.9184
vn 0.3583 -0.3510 -0.8651
vn -0.5202 -0.3510 -0.7786
vn -0.0000 -0.3510 0.9364
vn 0.5202 -0.3510 -0.7786
vn -0.3583 -0.3510 -0.8651
vn -0.1827 -0.3510 0.9184
vn 0.6621 -0.3510 -0.6621
vn -0.1827 -0.3510 -0.9184
vn -0.3583 -0.3510 0.8651
vn 0.7786 -0.3510 -0.5202
vn -0.5202 -0.3510 0.7786
vn 0.8651 -0.3510 -0.3583
vn -0.6621 -0.3510 0.6621
vn 0.9184 -0.3510 -0.1827
vn -0.7786 -0.3510 0.5202
vn 0.9364 -0.3510 -0.0000
vn -0.8651 -0.3510 0.3583
vn 0.9184 -0.3510 0.1827
vn 0.3815 0.7269 0.5710
vn 0.2628 0.7269 0.6345
vn -0.0000 0.7269 -0.6868
vn 0.1340 0.7269 -0.6736
vn -0.4856 0.7269 -0.4856
vn 0.1340 0.7269 0.6736
vn 0.2628 0.7269 -0.6345
vn -0.3815 0.7269 -0.5710
vn -0.0000 0.7269 0.6868
vn 0.3815 0.7269 -0.5710
vn -0.2628 0.7269 -0.6345
vn -0.1340 0.7269 0.6736
vn 0.4856 0.7269 -0.4856
vn -0.1340 0.7269 -0.6736
vn -0.2628 0.7269 0.6345
vn 0.5710 0.7269 -0.3816
vn -0.3815 0.7269 0.5710
vn 0.6345 0.7269 -0.2628
vn -0.4856 0.7269 0.4856
vn 0.6736 0.7269 -0.1340
vn -0.5710 0.7269 0.3815
vn 0.6868 0.7269 -0.0000
vn -0.6345 0.7269 0.2628
vn 0.6736 0.7269 0.1340
vn -0.6736 0.7269 0.1340
vn 0.6345 0.7269 0.2628
vn -0.6868 0.7269 -0.0000
vn 0.5710 0.7269 0.3815
vn -0.6736 0.7269 -0.1340
vn 0.4856 0.7269 0.4856
vn 0.0002 1.0000 -0.0001
vn 0.0001 1.0000 -0.0000
vn -0.0000 1.0000 0.0001
vn -0.0001 1.0000 0.0001
vn -0.0002 1.0000 0.0001
vn -0.0002 1.0000 -0.0000
vn -0.0001 1.0000 -0.0000
vn -0.0001 1.0000 -0.0001
vn 0.0001 1.0000 0.0001
vn -0.0000 1.0000 -0.0001
vn 0.0001 1.0000 -0.0001
vn 0.4834 -0.7298 0.4834
vn 0.3798 -0.7298 0.5684
vn -0.0000 -0.7298 0.6836
vn 0.1334 -0.7298 0.6705
vn -0.6316 -0.7298 -0.2616
vn -0.5684 -0.7298 -0.3798
vn 0.2616 -0.7298 0.6316
vn -0.0000 -0.7298 -0.6836
vn 0.1334 -0.7298 -0.6705
vn -0.4834 -0.7298 -0.4834
vn 0.2616 -0.7298 -0.6316
vn -0.3798 -0.7298 -0.5684
vn 0.3798 -0.7298 -0.5684
vn -0.2616 -0.7298 -0.6316
vn -0.1334 -0.7298 0.6705
vn 0.4834 -0.7298 -0.4834
vn -0.1334 -0.7298 -0.6705
vn -0.2616 -0.7298 0.6316
vn 0.5684 -0.7298 -0.3798
vn -0.3798 -0.7298 0.5684
vn 0.6316 -0.7298 -0.2616
vn -0.4834 -0.7298 0.4834
vn 0.6705 -0.7298 -0.1334
vn -0.5684 -0.7298 0.3798
vn 0.6836 -0.7298 -0.0000
vn -0.6316 -0.7298 0.2616
vn 0.6705 -0.7298 0.1334
vn -0.6705 -0.7298 0.1334
vn 0.6316 -0.7298 0.2616
vn -0.6836 -0.7298 -0.0000
vn 0.5684 -0.7298 0.3798
vn -0.6705 -0.7298 -0.1334
vn -0.7882 -0.3182 0.5267
vn -0.8758 -0.3182 0.3628
vn -0.9298 -0.3182 -0.1849
vn -0.9480 -0.3182 -0.0000
vn -0.3431 0.9393 -0.0000
vn -0.3365 0.9393 -0.0669
vn 0.9480 -0.3182 -0.0000
vn 0.9298 -0.3182 0.1849
vn -0.9298 -0.3182 0.1849
vn 0.8758 -0.3182 0.3628
vn 0.7882 -0.3182 0.5267
vn 0.6703 -0.3182 0.6703
vn -0.8758 -0.3182 -0.3628
vn 0.5267 -0.3182 0.7882
vn -0.7882 -0.3182 -0.5267
vn 0.3628 -0.3182 0.8758
vn -0.0000 -0.3182 -0.9480
vn 0.1850 -0.3182 -0.9298
vn -0.6703 -0.3182 -0.6703
vn 0.1849 -0.3182 0.9298
vn 0.3628 -0.3182 -0.8758
vn -0.5267 -0.3182 -0.7882
vn -0.0000 -0.3182 0.9480
vn 0.5267 -0.3182 -0.7882
vn -0.3628 -0.3182 -0.8758
vn -0.1849 -0.3182 0.9298
vn 0.6703 -0.3182 -0.6703
vn -0.1849 -0.3182 -0.9298
vn -0.3628 -0.3182 0.8758
vn 0.7882 -0.3182 -0.5267
vn -0.5267 -0.3182 0.7882
vn 0.8758 -0.3182 -0.3628
vn -0.6703 -0.3182 0.6703
vn 0.9298 -0.3182 -0.1849
vn -0.3170 0.9393 -0.1313
vn -0.0000 1.0000 -0.0000
vn 0.2853 0.9393 0.1906
vn 0.2426 0.9393 0.2426
vn 0.1906 0.9393 0.2853
vn -0.2853 0.9393 -0.1906
vn 0.1313 0.9393 0.3170
vn -0.0000 0.9393 -0.3431
vn 0.0669 0.9393 -0.3365
vn -0.2426 0.9393 -0.2426
vn 0.0669 0.9393 0.3365
vn 0.1313 0.9393 -0.3170
vn -0.1906 0.9393 -0.2853
vn -0.0000 0.9393 0.3431
vn 0.1906 0.9393 -0.2853
vn -0.1313 0.9393 -0.3170
vn -0.0669 0.9393 0.3365
vn 0.2426 0.9393 -0.2426
vn -0.0669 0.9393 -0.3365
vn -0.1313 0.9393 0.3170
vn 0.2853 0.9393 -0.1906
vn -0.1906 0.9393 0.2853
vn 0.3170 0.9393 -0.1313
vn -0.2426 0.9393 0.2426
vn 0.3365 0.9393 -0.0669
vn -0.2853 0.9393 0.1906
vn 0.3431 0.9393 -0.0000
vn -0.3170 0.9393 0.1313
vn 0.3365 0.9393 0.0669
vn -0.3365 0.9393 0.0669
vn 0.3170 0.9393 0.1313
vn 0.1334 0.7298 -0.6705
vn 0.2616 0.7298 -0.6316
vn -0.6836 0.7298 -0.0000
vn -0.6705 0.7298 0.1334
vn -0.7139 0.6857 0.1420
vn -0.7279 0.6857 -0.0000
vn -0.4834 0.7298 -0.4834
vn -0.3798 0.7298 -0.5684
vn 0.1334 0.7298 0.6705
vn -0.0000 0.7298 0.6836
vn 0.3798 0.7298 -0.5684
vn -0.2616 0.7298 -0.6316
vn -0.1334 0.7298 0.6705
vn 0.4834 0.7298 -0.4834
vn -0.1334 0.7298 -0.6705
vn -0.2616 0.7298 0.6316
vn 0.5684 0.7298 -0.3798
vn -0.0000 0.7298 -0.6836
vn -0.3798 0.7298 0.5684
vn 0.6316 0.7298 -0.2616
vn -0.4834 0.7298 0.4834
vn 0.6705 0.7298 -0.1334
vn -0.5684 0.7298 0.3798
vn 0.6836 0.7298 -0.0000
vn -0.6316 0.7298 0.2616
vn 0.6705 0.7298 0.1334
vn 0.6316 0.7298 0.2616
vn 0.5684 0.7298 0.3798
vn -0.6705 0.7298 -0.1334
vn 0.4834 0.7298 0.4834
vn -0.6316 0.7298 -0.2616
vn 0.3798 0.7298 0.5684
vn -0.5684 0.7298 -0.3798
vn 0.2616 0.7298 0.6316
vn 0.4044 0.6857 -0.6052
vn 0.2786 0.6857 -0.6725
vn 0.6725 0.6857 0.2785
vn 0.6052 0.6857 0.4044
vn -0.7139 0.6857 -0.1420
vn 0.5147 0.6857 0.5147
vn -0.6725 0.6857 -0.2785
vn 0.4044 0.6857 0.6052
vn -0.6052 0.6857 -0.4044
vn 0.2786 0.6857 0.6725
vn -0.0000 0.6857 -0.7279
vn 0.1420 0.6857 -0.7139
vn -0.5147 0.6857 -0.5147
vn 0.1420 0.6857 0.7139
vn -0.4044 0.6857 -0.6052
vn -0.0000 0.6857 0.7279
vn -0.2785 0.6857 -0.6725
vn -0.1420 0.6857 0.7139
vn 0.5147 0.6857 -0.5147
vn -0.1420 0.6857 -0.7139
vn -0.2785 0.6857 0.6725
vn 0.6052 0.6857 -0.4044
vn -0.4044 0.6857 0.6052
vn 0.6725 0.6857 -0.2785
vn -0.5147 0.6857 0.5147
vn 0.7139 0.6857 -0.1420
vn -0.6052 0.6857 0.4044
vn 0.7279 0.6857 -0.0000
vn -0.6725 0.6857 0.2785
vn 0.7139 0.6857 0.1420
vn -0.4834 0.7299 0.4834
vn 0.6705 0.7299 -0.1334
vn 0.2785 0.6857 0.6725
vn 0.2785 0.6857 -0.6725
vn 0.8689 -0.4843 -0.1024
vn 0.8689 0.4843 -0.1024
vn 0.3457 0.4843 0.8037
vn 0.3457 -0.4843 0.8037
vn -0.2614 -0.6559 -0.7082
vn -0.6469 -0.7610 -0.0487
vn -0.6469 0.7610 -0.0487
vn -0.2614 0.6559 -0.7082
vn -0.6039 0.7674 -0.2154
vn -0.6039 -0.7674 -0.2154
vn -0.5231 0.7683 -0.3689
vn -0.5231 -0.7683 -0.3689
vn -0.4094 -0.7637 -0.4991
vn -0.4094 0.7637 -0.4991
vn -0.2711 -0.7541 -0.5982
vn -0.2711 0.7540 -0.5983
vn -0.7489 0.6586 0.0733
vn -0.7489 -0.6586 0.0732
vn 0.5231 -0.4843 0.7012
vn 0.5231 0.4843 0.7012
vn -0.5231 0.4843 0.7012
vn -0.5231 -0.4843 0.7012
vn 0.4826 -0.6559 -0.5805
vn -0.2813 -0.7610 -0.5846
vn -0.2813 0.7610 -0.5846
vn 0.4826 0.6559 -0.5805
vn -0.1154 0.7674 -0.6307
vn -0.1154 -0.7674 -0.6307
vn 0.0579 0.7683 -0.6375
vn 0.0579 -0.7683 -0.6375
vn 0.2275 -0.7637 -0.6041
vn 0.2275 0.7637 -0.6041
vn 0.3825 -0.7541 -0.5339
vn 0.3825 0.7541 -0.5339
vn -0.4379 0.6586 -0.6119
vn -0.4378 -0.6586 -0.6120
vn -0.3457 -0.4843 0.8037
vn -0.3457 0.4843 0.8037
vn -0.8689 0.4843 -0.1024
vn -0.8689 -0.4843 -0.1024
vn 0.7440 -0.6559 0.1277
vn 0.3656 -0.7610 -0.5359
vn 0.3656 0.7610 -0.5359
vn 0.7440 0.6559 0.1277
vn 0.4885 0.7674 -0.4153
vn 0.4885 -0.7674 -0.4153
vn 0.5810 0.7683 -0.2686
vn 0.5810 -0.7683 -0.2686
vn 0.6370 -0.7637 -0.1050
vn 0.6370 0.7637 -0.1050
vn 0.6536 -0.7541 0.0643
vn 0.6537 0.7540 0.0643
vn 0.3110 0.6585 -0.6853
vn 0.3111 -0.6585 -0.6853
vn -0.8689 -0.4843 0.1024
vn -0.8689 0.4843 0.1024
vn -0.3457 0.4843 -0.8037
vn -0.3457 -0.4843 -0.8037
vn 0.2614 -0.6559 0.7082
vn 0.6469 -0.7610 0.0487
vn 0.6469 0.7610 0.0487
vn 0.2614 0.6559 0.7082
vn 0.6039 0.7674 0.2154
vn 0.6039 -0.7674 0.2154
vn 0.5231 0.7683 0.3689
vn 0.5231 -0.7683 0.3689
vn 0.4094 -0.7637 0.4991
vn 0.4094 0.7637 0.4991
vn 0.2711 -0.7541 0.5982
vn 0.2711 0.7541 0.5982
vn 0.7489 0.6586 -0.0733
vn 0.7489 -0.6586 -0.0732
vn -0.5231 -0.4843 -0.7012
vn -0.5231 0.4843 -0.7012
vn 0.5231 0.4843 -0.7012
vn 0.5231 -0.4843 -0.7012
vn -0.4826 -0.6559 0.5805
vn 0.2813 -0.7610 0.5846
vn 0.2813 0.7610 0.5846
vn -0.4826 0.6559 0.5805
vn 0.1154 0.7674 0.6307
vn 0.1154 -0.7674 0.6307
vn -0.0579 0.7683 0.6375
vn -0.0579 -0.7683 0.6375
vn -0.2275 -0.7637 0.6041
vn -0.2275 0.7637 0.6041
vn -0.3826 -0.7541 0.5339
vn -0.3826 0.7540 0.5339
vn 0.4379 0.6586 0.6119
vn 0.4378 -0.6586 0.6120
vn 0.3457 -0.4843 -0.8037
vn 0.3457 0.4843 -0.8037
vn 0.8689 0.4843 0.1024
vn 0.8689 -0.4843 0.1024
vn -0.7440 -0.6559 -0.1277
vn -0.3656 -0.7610 0.5359
vn -0.3656 0.7610 0.5359
vn -0.7440 0.6559 -0.1277
vn -0.4885 0.7674 0.4153
vn -0.4885 -0.7674 0.4153
vn -0.5810 0.7683 0.2686
vn -0.5810 -0.7683 0.2686
vn -0.6370 -0.7637 0.1050
vn -0.6370 0.7637 0.1050
vn -0.6536 -0.7541 -0.0643
vn -0.6537 0.7541 -0.0643
vn -0.3109 0.6586 0.6853
vn -0.3111 -0.6586 0.6852
vn 0.7071 0.7071 -0.0000
vn 0.5774 0.5774 0.5774
vn -0.0000 0.7071 0.7071
vn -0.5774 0.5774 0.5774
vn 0.7071 -0.7071 -0.0000
vn 0.5774 -0.5774 0.5774
vn -0.0000 -0.7071 0.7071
vn -0.7071 0.7071 -0.0000
vn -0.7071 -0.7071 -0.0000
vn -0.5774 -0.5774 0.5774
vn -0.3006 0.9537 -0.0000
vn -0.2297 0.7286 -0.6453
vn -0.6984 0.3636 -0.6165
vn -0.8752 0.2603 0.4077
vn 0.5774 0.5773 0.5774
vn -0.2297 0.7286 0.6453
vn -0.3038 -0.9527 -0.0000
vn 0.5774 -0.5773 0.5774
vn -0.2322 -0.7283 0.6447
vn -0.5004 0.2585 0.8263
vn -0.4984 -0.2595 0.8272
vn -0.5004 0.2585 -0.8263
vn -0.4984 -0.2595 -0.8272
vn -0.8885 0.4588 -0.0000
vn -0.6993 0.3611 -0.6170
vn -0.8770 0.2564 0.4064
vn -0.8870 -0.4618 -0.0000
vn -0.6984 -0.3636 0.6165
vn -0.8752 -0.2603 -0.4077
vn -0.6984 -0.3636 -0.6165
vn -0.6984 0.3636 0.6165
vn -0.6993 -0.3611 0.6170
vn -0.8770 -0.2564 -0.4064
vn -0.2322 -0.7283 -0.6447
vn -0.6993 -0.3611 -0.6170
vn -0.6993 0.3611 0.6170
vn -0.8770 -0.2564 0.4064
vn -0.8770 0.2564 -0.4064
vn -0.0000 -0.7071 -0.7071
vn -0.8752 -0.2603 0.4077
vn -0.8752 0.2603 -0.4077
vn 0.5773 -0.5774 -0.5773
vn -0.5774 -0.5774 -0.5774
vn -0.0000 0.7071 -0.7071
vn -0.5774 0.5774 -0.5774
vn 0.1082 0.8321 0.5440
vn 0.2123 0.8321 0.5125
vn 0.1172 0.9520 0.2829
vn 0.0597 0.9520 0.3003
vn -0.0000 -0.3870 0.9221
vn 0.1799 -0.3870 0.9044
vn 0.1392 -0.7006 0.6999
vn -0.0000 -0.7006 0.7136
vn -0.0000 -0.0013 1.0000
vn 0.1951 -0.0013 0.9808
vn 0.1523 -0.6247 0.7659
vn -0.0000 -0.6247 0.7809
vn -0.0000 -0.0192 0.9998
vn 0.1951 -0.0192 0.9806
vn 0.1422 -0.6846 0.7149
vn -0.0000 -0.6846 0.7289
vn -0.0000 0.0124 0.9999
vn 0.1951 0.0124 0.9807
vn 0.1545 -0.6108 0.7766
vn -0.0000 -0.6108 0.7918
vn -0.0000 -0.0031 1.0000
vn 0.1951 -0.0031 0.9808
vn 0.1450 -0.6690 0.7290
vn -0.0000 -0.6690 0.7433
vn -0.0000 0.0257 0.9997
vn 0.1950 0.0257 0.9805
vn 0.1565 -0.5973 0.7866
vn -0.0000 -0.5973 0.8020
vn -0.0000 0.0126 0.9999
vn 0.1951 0.0126 0.9807
vn 0.1476 -0.6538 0.7421
vn -0.0000 -0.6538 0.7567
vn -0.0000 0.0388 0.9992
vn 0.1949 0.0388 0.9800
vn 0.1583 -0.5843 0.7959
vn -0.0000 -0.5843 0.8115
vn -0.5123 -0.3870 -0.7667
vn -0.6520 -0.3870 -0.6520
vn -0.5046 -0.7006 -0.5046
vn -0.3964 -0.7006 -0.5933
vn -0.5556 -0.0013 -0.8315
vn -0.7071 -0.0013 -0.7071
vn -0.5522 -0.6247 -0.5522
vn -0.4338 -0.6247 -0.6493
vn -0.5555 -0.0192 -0.8313
vn -0.7070 -0.0192 -0.7070
vn -0.5154 -0.6846 -0.5154
vn -0.4050 -0.6846 -0.6061
vn -0.5555 0.0124 -0.8314
vn -0.7071 0.0124 -0.7071
vn -0.5599 -0.6108 -0.5599
vn -0.4399 -0.6108 -0.6583
vn -0.5556 -0.0031 -0.8315
vn -0.7071 -0.0031 -0.7071
vn -0.5256 -0.6690 -0.5256
vn -0.4129 -0.6690 -0.6180
vn -0.5554 0.0257 -0.8312
vn -0.7069 0.0257 -0.7069
vn -0.5671 -0.5973 -0.5671
vn -0.4456 -0.5973 -0.6668
vn -0.5555 0.0126 -0.8314
vn -0.7071 0.0126 -0.7071
vn -0.5351 -0.6538 -0.5351
vn -0.4204 -0.6538 -0.6292
vn -0.5552 0.0388 -0.8308
vn -0.7066 0.0388 -0.7066
vn -0.5738 -0.5843 -0.5738
vn -0.4509 -0.5843 -0.6748
vn 0.3529 -0.3870 -0.8519
vn 0.1799 -0.3870 -0.9044
vn 0.1392 -0.7006 -0.6999
vn 0.2731 -0.7006 -0.6592
vn 0.3827 -0.0013 -0.9239
vn 0.1951 -0.0013 -0.9808
vn 0.1523 -0.6247 -0.7659
vn 0.2988 -0.6247 -0.7214
vn 0.3826 -0.0192 -0.9237
vn 0.1951 -0.0192 -0.9806
vn 0.1422 -0.6846 -0.7149
vn 0.2790 -0.6846 -0.6735
vn 0.3827 0.0124 -0.9238
vn 0.1951 0.0124 -0.9807
vn 0.1545 -0.6108 -0.7766
vn 0.3030 -0.6108 -0.7315
vn 0.3827 -0.0031 -0.9239
vn 0.1951 -0.0031 -0.9808
vn 0.1450 -0.6690 -0.7290
vn 0.2844 -0.6690 -0.6867
vn 0.3826 0.0257 -0.9236
vn 0.1950 0.0257 -0.9805
vn 0.1565 -0.5973 -0.7866
vn 0.3069 -0.5973 -0.7409
vn 0.3827 0.0126 -0.9238
vn 0.1951 0.0126 -0.9807
vn 0.1476 -0.6538 -0.7421
vn 0.2896 -0.6538 -0.6991
vn 0.3824 0.0388 -0.9232
vn 0.1949 0.0388 -0.9800
vn 0.1583 -0.5843 -0.7959
vn 0.3106 -0.5843 -0.7498
vn 0.3529 -0.3870 0.8519
vn 0.2731 -0.7006 0.6592
vn 0.3827 -0.0013 0.9239
vn 0.2988 -0.6247 0.7214
vn 0.3826 -0.0192 0.9237
vn 0.2790 -0.6846 0.6735
vn 0.3827 0.0124 0.9238
vn 0.3030 -0.6108 0.7315
vn 0.3827 -0.0031 0.9239
vn 0.2844 -0.6690 0.6867
vn 0.3826 0.0257 0.9236
vn 0.3069 -0.5973 0.7409
vn 0.3827 0.0126 0.9238
vn 0.2896 -0.6538 0.6991
vn 0.3824 0.0388 0.9232
vn 0.3106 -0.5843 0.7498
vn -0.7667 -0.3870 -0.5123
vn -0.5933 -0.7006 -0.3964
vn -0.8315 -0.0013 -0.5556
vn -0.6493 -0.6247 -0.4338
vn -0.8313 -0.0192 -0.5555
vn -0.6061 -0.6846 -0.4050
vn -0.8314 0.0124 -0.5555
vn -0.6583 -0.6108 -0.4399
vn -0.8315 -0.0031 -0.5556
vn -0.6180 -0.6690 -0.4130
vn -0.8312 0.0257 -0.5554
vn -0.6668 -0.5973 -0.4456
vn -0.8314 0.0126 -0.5555
vn -0.6292 -0.6538 -0.4204
vn -0.8308 0.0388 -0.5552
vn -0.6748 -0.5843 -0.4509
vn -0.0000 -0.3870 -0.9221
vn -0.0000 -0.7006 -0.7136
vn -0.0000 -0.0013 -1.0000
vn -0.0000 -0.6247 -0.7809
vn -0.0000 -0.0192 -0.9998
vn -0.0000 -0.6846 -0.7289
vn -0.0000 0.0124 -0.9999
vn -0.0000 -0.6108 -0.7918
vn -0.0000 -0.0031 -1.0000
vn -0.0000 -0.6690 -0.7433
vn -0.0000 0.0257 -0.9997
vn -0.0000 -0.5973 -0.8020
vn -0.0000 0.0126 -0.9999
vn -0.0000 -0.6538 -0.7567
vn -0.0000 0.0388 -0.9992
vn -0.0000 -0.5843 -0.8115
vn 0.5123 -0.3870 0.7667
vn 0.3964 -0.7006 0.5933
vn 0.5556 -0.0013 0.8315
vn 0.4338 -0.6247 0.6493
vn 0.5555 -0.0192 0.8313
vn 0.4050 -0.6846 0.6061
vn 0.5555 0.0124 0.8314
vn 0.4399 -0.6108 0.6583
vn 0.5556 -0.0031 0.8315
vn 0.4130 -0.6690 0.6180
vn 0.5554 0.0257 0.8312
vn 0.4456 -0.5973 0.6668
vn 0.5555 0.0126 0.8314
vn 0.4204 -0.6538 0.6292
vn 0.5552 0.0388 0.8308
vn 0.4509 -0.5843 0.6748
vn -0.8519 -0.3870 -0.3529
vn -0.6592 -0.7006 -0.2731
vn -0.9239 -0.0013 -0.3827
vn -0.7214 -0.6247 -0.2988
vn -0.9237 -0.0192 -0.3826
vn -0.6735 -0.6846 -0.2790
vn -0.9238 0.0124 -0.3827
vn -0.7315 -0.6108 -0.3030
vn -0.9239 -0.0031 -0.3827
vn -0.6867 -0.6690 -0.2844
vn -0.9236 0.0257 -0.3826
vn -0.7409 -0.5973 -0.3069
vn -0.9238 0.0126 -0.3827
vn -0.6991 -0.6538 -0.2896
vn -0.9232 0.0388 -0.3824
vn -0.7498 -0.5843 -0.3106
vn 0.6520 -0.3870 0.6520
vn 0.5046 -0.7006 0.5046
vn 0.7071 -0.0013 0.7071
vn 0.5522 -0.6247 0.5522
vn 0.7070 -0.0192 0.7070
vn 0.5154 -0.6846 0.5154
vn 0.7071 0.0124 0.7071
vn 0.5599 -0.6108 0.5599
vn 0.7071 -0.0031 0.7071
vn 0.5256 -0.6690 0.5256
vn 0.7069 0.0257 0.7069
vn 0.5671 -0.5973 0.5671
vn 0.7071 0.0126 0.7070
vn 0.5351 -0.6538 0.5351
vn 0.7066 0.0388 0.7066
vn 0.5738 -0.5843 0.5738
vn -0.9044 -0.3870 -0.1799
vn -0.6999 -0.7006 -0.1392
vn -0.9808 -0.0013 -0.1951
vn -0.7659 -0.6247 -0.1523
vn -0.9806 -0.0192 -0.1951
vn -0.7149 -0.6846 -0.1422
vn -0.9807 0.0124 -0.1951
vn -0.7766 -0.6108 -0.1545
vn -0.9808 -0.0031 -0.1951
vn -0.7290 -0.6690 -0.1450
vn -0.9805 0.0257 -0.1950
vn -0.7866 -0.5973 -0.1565
vn -0.9807 0.0126 -0.1951
vn -0.7421 -0.6538 -0.1476
vn -0.9800 0.0388 -0.1949
vn -0.7959 -0.5843 -0.1583
vn 0.7667 -0.3870 0.5123
vn 0.5933 -0.7006 0.3964
vn 0.8315 -0.0013 0.5556
vn 0.6493 -0.6247 0.4338
vn 0.8313 -0.0192 0.5555
vn 0.6061 -0.6846 0.4050
vn 0.8314 0.0124 0.5555
vn 0.6583 -0.6108 0.4399
vn 0.8315 -0.0031 0.5556
vn 0.6180 -0.6690 0.4130
vn 0.8312 0.0257 0.5554
vn 0.6668 -0.5973 0.4456
vn 0.8314 0.0126 0.5555
vn 0.6292 -0.6538 0.4204
vn 0.8308 0.0388 0.5552
vn 0.6748 -0.5843 0.4509
vn -0.9221 -0.3870 -0.0000
vn -0.7136 -0.7006 -0.0000
vn -1.0000 -0.0013 -0.0000
vn -0.7809 -0.6247 -0.0000
vn -0.9998 -0.0192 -0.0000
vn -0.7289 -0.6846 -0.0000
vn -0.9999 0.0124 -0.0000
vn -0.7918 -0.6108 -0.0000
vn -1.0000 -0.0031 -0.0000
vn -0.7433 -0.6690 -0.0000
vn -0.9997 0.0257 -0.0000
vn -0.8020 -0.5973 -0.0000
vn -0.9999 0.0126 -0.0000
vn -0.7567 -0.6538 -0.0000
vn -0.9992 0.0388 -0.0000
vn -0.8115 -0.5843 -0.0000
vn 0.8519 -0.3870 0.3529
vn 0.6592 -0.7006 0.2731
vn 0.9239 -0.0013 0.3827
vn 0.7214 -0.6247 0.2988
vn 0.9237 -0.0192 0.3826
vn 0.6735 -0.6846 0.2790
vn 0.9238 0.0124 0.3827
vn 0.7315 -0.6108 0.3030
vn 0.9239 -0.0031 0.3827
vn 0.6867 -0.6690 0.2844
vn 0.9236 0.0257 0.3826
vn 0.7409 -0.5973 0.3069
vn 0.9238 0.0126 0.3827
vn 0.6991 -0.6538 0.2896
vn 0.9232 0.0388 0.3824
vn 0.7498 -0.5843 0.3106
vn -0.9044 -0.3870 0.1799
vn -0.6999 -0.7006 0.1392
vn -0.9808 -0.0013 0.1951
vn -0.7659 -0.6247 0.1523
vn -0.9806 -0.0192 0.1951
vn -0.7149 -0.6846 0.1422
vn -0.9807 0.0124 0.1951
vn -0.7766 -0.6108 0.1545
vn -0.9808 -0.0031 0.1951
vn -0.7290 -0.6690 0.1450
vn -0.9805 0.0257 0.1950
vn -0.7866 -0.5973 0.1565
vn -0.9807 0.0126 0.1951
vn -0.7421 -0.6538 0.1476
vn -0.9800 0.0388 0.1949
vn -0.7959 -0.5843 0.1583
vn 0.9044 -0.3870 0.1799
vn 0.6999 -0.7006 0.1392
vn 0.9808 -0.0013 0.1951
vn 0.7659 -0.6247 0.1523
vn 0.9806 -0.0192 0.1951
vn 0.7149 -0.6846 0.1422
vn 0.9807 0.0124 0.1951
vn 0.7766 -0.6108 0.1545
vn 0.9808 -0.0031 0.1951
vn 0.7290 -0.6690 0.1450
vn 0.9805 0.0257 0.1950
vn 0.7866 -0.5973 0.1565
vn 0.9807 0.0126 0.1951
vn 0.7421 -0.6538 0.1476
vn 0.9800 0.0388 0.1949
vn 0.7959 -0.5843 0.1583
vn -0.8519 -0.3870 0.3529
vn -0.6592 -0.7006 0.2731
vn -0.9239 -0.0013 0.3827
vn -0.7214 -0.6247 0.2988
vn -0.9237 -0.0192 0.3826
vn -0.6735 -0.6846 0.2790
vn -0.9238 0.0124 0.3827
vn -0.7315 -0.6108 0.3030
vn -0.9239 -0.0031 0.3827
vn -0.6867 -0.6690 0.2844
vn -0.9236 0.0257 0.3826
vn -0.7409 -0.5973 0.3069
vn -0.9238 0.0126 0.3827
vn -0.6991 -0.6538 0.2896
vn -0.9232 0.0388 0.3824
vn -0.7498 -0.5843 0.3106
vn 0.9221 -0.3870 -0.0000
vn 0.7136 -0.7006 -0.0000
vn 1.0000 -0.0013 -0.0000
vn 0.7809 -0.6247 -0.0000
vn 0.9998 -0.0192 -0.0000
vn 0.7289 -0.6846 -0.0000
vn 0.9999 0.0124 -0.0000
vn 0.7918 -0.6108 -0.0000
vn 1.0000 -0.0031 -0.0000
vn 0.7433 -0.6690 -0.0000
vn 0.9997 0.0257 -0.0000
vn 0.8020 -0.5973 -0.0000
vn 0.9999 0.0126 -0.0000
vn 0.7567 -0.6538 -0.0000
vn 0.9992 0.0388 -0.0000
vn 0.8115 -0.5843 -0.0000
vn -0.7667 -0.3870 0.5123
vn -0.5933 -0.7006 0.3964
vn -0.8315 -0.0013 0.5556
vn -0.6493 -0.6247 0.4338
vn -0.8313 -0.0192 0.5555
vn -0.6061 -0.6846 0.4050
vn -0.8314 0.0124 0.5555
vn -0.6583 -0.6108 0.4399
vn -0.8315 -0.0031 0.5556
vn -0.6180 -0.6690 0.4130
vn -0.8312 0.0257 0.5554
vn -0.6668 -0.5973 0.4456
vn -0.8314 0.0126 0.5555
vn -0.6292 -0.6538 0.4204
vn -0.8308 0.0388 0.5552
vn -0.6748 -0.5843 0.4509
vn 0.9044 -0.3870 -0.1799
vn 0.6999 -0.7006 -0.1392
vn 0.9808 -0.0013 -0.1951
vn 0.7659 -0.6247 -0.1523
vn 0.9806 -0.0192 -0.1951
vn 0.7149 -0.6846 -0.1422
vn 0.9807 0.0124 -0.1951
vn 0.7766 -0.6108 -0.1545
vn 0.9808 -0.0031 -0.1951
vn 0.7290 -0.6690 -0.1450
vn 0.9805 0.0257 -0.1950
vn 0.7866 -0.5973 -0.1565
vn 0.9807 0.0126 -0.1951
vn 0.7421 -0.6538 -0.1476
vn 0.9800 0.0388 -0.1949
vn 0.7959 -0.5843 -0.1583
vn -0.6520 -0.3870 0.6520
vn -0.5046 -0.7006 0.5046
vn -0.7071 -0.0013 0.7071
vn -0.5522 -0.6247 0.5522
vn -0.7070 -0.0192 0.7070
vn -0.5154 -0.6846 0.5154
vn -0.7071 0.0124 0.7071
vn -0.5599 -0.6108 0.5599
vn -0.7071 -0.0031 0.7071
vn -0.5256 -0.6690 0.5256
vn -0.7069 0.0257 0.7069
vn -0.5671 -0.5973 0.5671
vn -0.7071 0.0126 0.7071
vn -0.5351 -0.6538 0.5351
vn -0.7066 0.0388 0.7066
vn -0.5738 -0.5843 0.5738
vn 0.8519 -0.3870 -0.3529
vn 0.6592 -0.7006 -0.2731
vn 0.9239 -0.0013 -0.3827
vn 0.7214 -0.6247 -0.2988
vn 0.9237 -0.0192 -0.3826
vn 0.6735 -0.6846 -0.2790
vn 0.9238 0.0124 -0.3827
vn 0.7315 -0.6108 -0.3030
vn 0.9239 -0.0031 -0.3827
vn 0.6867 -0.6690 -0.2844
vn 0.9236 0.0257 -0.3826
vn 0.7409 -0.5973 -0.3069
vn 0.9238 0.0126 -0.3827
vn 0.6991 -0.6538 -0.2896
vn 0.9232 0.0388 -0.3824
vn 0.7498 -0.5843 -0.3106
vn -0.5123 -0.3870 0.7667
vn -0.3964 -0.7006 0.5933
vn -0.5556 -0.0013 0.8315
vn -0.4338 -0.6247 0.6493
vn -0.5555 -0.0192 0.8313
vn -0.4050 -0.6846 0.6061
vn -0.5555 0.0124 0.8314
vn -0.4399 -0.6108 0.6583
vn -0.5556 -0.0031 0.8315
vn -0.4130 -0.6690 0.6180
vn -0.5554 0.0257 0.8312
vn -0.4456 -0.5973 0.6668
vn -0.5555 0.0126 0.8314
vn -0.4204 -0.6538 0.6292
vn -0.5552 0.0388 0.8308
vn -0.4509 -0.5843 0.6748
vn 0.7667 -0.3870 -0.5123
vn 0.5933 -0.7006 -0.3964
vn 0.8315 -0.0013 -0.5556
vn 0.6493 -0.6247 -0.4338
vn 0.8313 -0.0192 -0.5555
vn 0.6061 -0.6846 -0.4050
vn 0.8314 0.0124 -0.5555
vn 0.6583 -0.6108 -0.4399
vn 0.8315 -0.0031 -0.5556
vn 0.6180 -0.6690 -0.4130
vn 0.8312 0.0257 -0.5554
vn 0.6668 -0.5973 -0.4456
vn 0.8314 0.0126 -0.5555
vn 0.6292 -0.6538 -0.4204
vn 0.8308 0.0388 -0.5552
vn 0.6748 -0.5843 -0.4509
vn -0.3529 -0.3870 0.8519
vn -0.2731 -0.7006 0.6592
vn -0.3827 -0.0013 0.9239
vn -0.2988 -0.6247 0.7214
vn -0.3826 -0.0192 0.9237
vn -0.2790 -0.6846 0.6735
vn -0.3827 0.0124 0.9238
vn -0.3030 -0.6108 0.7315
vn -0.3827 -0.0031 0.9239
vn -0.2844 -0.6690 0.6867
vn -0.3826 0.0257 0.9236
vn -0.3069 -0.5973 0.7409
vn -0.3827 0.0126 0.9238
vn -0.2896 -0.6538 0.6991
vn -0.3824 0.0388 0.9232
vn -0.3106 -0.5843 0.7498
vn -0.1799 -0.3870 -0.9044
vn -0.1392 -0.7006 -0.6999
vn -0.1951 -0.0013 -0.9808
vn -0.1523 -0.6247 -0.7659
vn -0.1951 -0.0192 -0.9806
vn -0.1422 -0.6846 -0.7149
vn -0.1951 0.0124 -0.9807
vn -0.1545 -0.6108 -0.7766
vn -0.1951 -0.0031 -0.9808
vn -0.1450 -0.6690 -0.7290
vn -0.1950 0.0257 -0.9805
vn -0.1565 -0.5973 -0.7866
vn -0.1951 0.0126 -0.9807
vn -0.1476 -0.6538 -0.7421
vn -0.1949 0.0388 -0.9800
vn -0.1583 -0.5843 -0.7959
vn 0.6520 -0.3870 -0.6520
vn 0.5046 -0.7006 -0.5046
vn 0.7071 -0.0013 -0.7071
vn 0.5522 -0.6247 -0.5522
vn 0.7070 -0.0192 -0.7070
vn 0.5154 -0.6846 -0.5154
vn 0.7071 0.0124 -0.7071
vn 0.5599 -0.6108 -0.5599
vn 0.7071 -0.0031 -0.7071
vn 0.5256 -0.6690 -0.5256
vn 0.7069 0.0257 -0.7069
vn 0.5671 -0.5973 -0.5671
vn 0.7071 0.0126 -0.7071
vn 0.5351 -0.6538 -0.5351
vn 0.7066 0.0388 -0.7066
vn 0.5738 -0.5843 -0.5738
vn -0.1799 -0.3870 0.9044
vn -0.1392 -0.7006 0.6999
vn -0.1951 -0.0013 0.9808
vn -0.1523 -0.6247 0.7659
vn -0.1951 -0.0192 0.9806
vn -0.1422 -0.6846 0.7149
vn -0.1951 0.0124 0.9807
vn -0.1545 -0.6108 0.7766
vn -0.1951 -0.0031 0.9808
vn -0.1450 -0.6690 0.7290
vn -0.1950 0.0257 0.9805
vn -0.1565 -0.5973 0.7866
vn -0.1951 0.0126 0.9807
vn -0.1476 -0.6538 0.7421
vn -0.1949 0.0388 0.9800
vn -0.1583 -0.5843 0.7959
vn -0.3529 -0.3870 -0.8519
vn -0.2731 -0.7006 -0.6592
vn -0.3827 -0.0013 -0.9239
vn -0.2988 -0.6247 -0.7214
vn -0.3826 -0.0192 -0.9237
vn -0.2790 -0.6846 -0.6735
vn -0.3827 0.0124 -0.9238
vn -0.3030 -0.6108 -0.7315
vn -0.3827 -0.0031 -0.9239
vn -0.2844 -0.6690 -0.6867
vn -0.3826 0.0257 -0.9236
vn -0.3069 -0.5973 -0.7409
vn -0.3827 0.0126 -0.9238
vn -0.2896 -0.6538 -0.6991
vn -0.3824 0.0388 -0.9232
vn -0.3106 -0.5843 -0.7498
vn 0.5123 -0.3870 -0.7667
vn 0.3964 -0.7006 -0.5933
vn 0.5556 -0.0013 -0.8315
vn 0.4338 -0.6247 -0.6493
vn 0.5555 -0.0192 -0.8313
vn 0.4050 -0.6846 -0.6061
vn 0.5555 0.0124 -0.8314
vn 0.4399 -0.6108 -0.6583
vn 0.5556 -0.0031 -0.8315
vn 0.4130 -0.6690 -0.6180
vn 0.5554 0.0257 -0.8312
vn 0.4456 -0.5973 -0.6668
vn 0.5555 0.0126 -0.8314
vn 0.4204 -0.6538 -0.6292
vn 0.5552 0.0388 -0.8308
vn 0.4509 -0.5843 -0.6748
vn 0.1172 0.9520 -0.2829
vn 0.0597 0.9520 -0.3003
vn 0.2123 0.8320 -0.5125
vn 0.1082 0.8320 -0.5440
vn -0.3082 0.8320 -0.4612
vn -0.3922 0.8320 -0.3922
vn -0.2165 0.9520 -0.2165
vn -0.1701 0.9520 -0.2546
vn -0.0000 0.8321 0.5547
vn -0.0000 0.9520 0.3062
vn 0.3082 0.8320 -0.4612
vn 0.1701 0.9520 -0.2546
vn -0.2123 0.8320 -0.5125
vn -0.1172 0.9520 -0.2829
vn -0.1082 0.8321 0.5440
vn -0.0597 0.9520 0.3003
vn 0.3922 0.8320 -0.3922
vn 0.2165 0.9520 -0.2165
vn -0.1082 0.8320 -0.5440
vn -0.0597 0.9520 -0.3003
vn -0.2123 0.8320 0.5125
vn -0.1172 0.9520 0.2829
vn 0.4612 0.8320 -0.3082
vn 0.2546 0.9520 -0.1701
vn -0.0000 0.8320 -0.5547
vn -0.0000 0.9520 -0.3062
vn -0.3082 0.8320 0.4612
vn -0.1701 0.9520 0.2546
vn 0.5125 0.8321 -0.2123
vn 0.2829 0.9520 -0.1172
vn -0.3922 0.8321 0.3922
vn -0.2165 0.9520 0.2165
vn 0.5440 0.8321 -0.1082
vn 0.3003 0.9520 -0.0597
vn -0.4612 0.8320 0.3082
vn -0.2546 0.9520 0.1701
vn 0.5547 0.8321 -0.0000
vn 0.3062 0.9520 -0.0000
vn -0.5125 0.8320 0.2123
vn -0.2829 0.9520 0.1172
vn 0.5440 0.8321 0.1082
vn 0.3003 0.9520 0.0597
vn -0.5440 0.8321 0.1082
vn -0.3003 0.9520 0.0597
vn 0.5125 0.8321 0.2123
vn 0.2829 0.9520 0.1172
vn -0.5547 0.8321 -0.0000
vn -0.3062 0.9520 -0.0000
vn 0.4612 0.8321 0.3082
vn 0.2546 0.9520 0.1701
vn -0.5440 0.8321 -0.1082
vn -0.3003 0.9520 -0.0597
vn 0.3922 0.8320 0.3922
vn 0.2165 0.9520 0.2165
vn -0.5125 0.8321 -0.2123
vn -0.2829 0.9520 -0.1172
vn 0.3082 0.8320 0.4612
vn 0.1701 0.9520 0.2546
vn -0.4612 0.8321 -0.3082
vn -0.2546 0.9520 -0.1701
vn 0.4254 0.6432 -0.6367
vn 0.2930 0.6432 -0.7074
vn -0.2930 0.6432 -0.7074
vn -0.4254 0.6432 -0.6367
vn -0.1494 0.6432 0.7510
vn -0.0000 0.6432 0.7657
vn 0.5414 0.6432 -0.5414
vn -0.1494 0.6432 -0.7510
vn -0.2930 0.6432 0.7074
vn 0.6367 0.6432 -0.4254
vn -0.0000 0.6432 -0.7657
vn -0.4254 0.6432 0.6367
vn 0.7074 0.6432 -0.2930
vn -0.5414 0.6432 0.5414
vn 0.7510 0.6432 -0.1494
vn -0.6367 0.6432 0.4254
vn 0.7657 0.6432 -0.0000
vn -0.7074 0.6432 0.2930
vn 0.7510 0.6432 0.1494
vn -0.7510 0.6432 0.1494
vn 0.7074 0.6432 0.2930
vn -0.7657 0.6432 -0.0000
vn 0.6367 0.6432 0.4254
vn -0.7510 0.6432 -0.1494
vn 0.5414 0.6432 0.5414
vn -0.7074 0.6432 -0.2930
vn 0.4254 0.6432 0.6367
vn -0.6367 0.6432 -0.4254
vn 0.2930 0.6432 0.7074
vn 0.1494 0.6432 -0.7510
vn -0.5414 0.6432 -0.5414
vn 0.1494 0.6432 0.7510
vn 0.4115 0.6719 -0.6158
vn 0.2834 0.6719 -0.6843
vn -0.2834 0.6719 -0.6843
vn -0.4115 0.6719 -0.6158
vn -0.1445 0.6719 0.7264
vn -0.0000 0.6719 0.7406
vn 0.5237 0.6719 -0.5237
vn -0.1445 0.6719 -0.7264
vn -0.2834 0.6719 0.6843
vn 0.6158 0.6719 -0.4115
vn -0.0000 0.6719 -0.7406
vn -0.4115 0.6719 0.6158
vn 0.6843 0.6719 -0.2834
vn -0.5237 0.6719 0.5237
vn 0.7264 0.6719 -0.1445
vn -0.6158 0.6719 0.4115
vn 0.7406 0.6719 -0.0000
vn -0.6843 0.6719 0.2834
vn 0.7264 0.6719 0.1445
vn -0.7264 0.6719 0.1445
vn 0.6843 0.6719 0.2834
vn -0.7406 0.6719 -0.0000
vn 0.6158 0.6719 0.4115
vn -0.7264 0.6719 -0.1445
vn 0.5237 0.6719 0.5237
vn -0.6843 0.6719 -0.2834
vn 0.4115 0.6719 0.6158
vn -0.6158 0.6719 -0.4115
vn 0.2834 0.6719 0.6843
vn 0.1445 0.6719 -0.7264
vn -0.5237 0.6719 -0.5237
vn 0.1445 0.6719 0.7264
vn 0.4286 0.6363 -0.6415
vn 0.2952 0.6363 -0.7128
vn -0.2952 0.6363 -0.7128
vn -0.4286 0.6363 -0.6415
vn -0.1505 0.6363 0.7567
vn -0.0000 0.6363 0.7715
vn 0.5455 0.6363 -0.5455
vn -0.1505 0.6363 -0.7567
vn -0.2952 0.6363 0.7128
vn 0.6415 0.6363 -0.4286
vn -0.0000 0.6363 -0.7715
vn -0.4286 0.6363 0.6415
vn 0.7128 0.6363 -0.2952
vn -0.5455 0.6363 0.5455
vn 0.7567 0.6363 -0.1505
vn -0.6415 0.6363 0.4286
vn 0.7715 0.6363 -0.0000
vn -0.7128 0.6363 0.2952
vn 0.7567 0.6363 0.1505
vn -0.7567 0.6363 0.1505
vn 0.7128 0.6363 0.2952
vn -0.7715 0.6363 -0.0000
vn 0.6415 0.6363 0.4286
vn -0.7567 0.6363 -0.1505
vn 0.5455 0.6363 0.5455
vn -0.7128 0.6363 -0.2952
vn 0.4286 0.6363 0.6415
vn -0.6415 0.6363 -0.4286
vn 0.2952 0.6363 0.7128
vn 0.1505 0.6363 -0.7567
vn -0.5455 0.6363 -0.5455
vn 0.1505 0.6363 0.7567
vn 0.4151 0.6646 -0.6213
vn 0.2859 0.6646 -0.6903
vn -0.2859 0.6646 -0.6903
vn -0.4151 0.6646 -0.6213
vn -0.1458 0.6646 0.7329
vn -0.0000 0.6646 0.7472
vn 0.5284 0.6646 -0.5284
vn -0.1458 0.6646 -0.7329
vn -0.2859 0.6646 0.6903
vn 0.6213 0.6646 -0.4151
vn -0.0000 0.6646 -0.7472
vn -0.4151 0.6646 0.6213
vn 0.6903 0.6646 -0.2859
vn -0.5284 0.6646 0.5284
vn 0.7329 0.6646 -0.1458
vn -0.6213 0.6646 0.4151
vn 0.7472 0.6646 -0.0000
vn -0.6903 0.6646 0.2859
vn 0.7329 0.6646 0.1458
vn -0.7329 0.6646 0.1458
vn 0.6903 0.6646 0.2859
vn -0.7472 0.6646 -0.0000
vn 0.6213 0.6646 0.4151
vn -0.7329 0.6646 -0.1458
vn 0.5284 0.6646 0.5284
vn -0.6903 0.6646 -0.2859
vn 0.4151 0.6646 0.6213
vn -0.6213 0.6646 -0.4151
vn 0.2859 0.6646 0.6903
vn 0.1458 0.6646 -0.7329
vn -0.5284 0.6646 -0.5284
vn 0.1458 0.6646 0.7329
vn 0.4317 0.6294 -0.6461
vn 0.2974 0.6294 -0.7179
vn -0.2974 0.6294 -0.7179
vn -0.4317 0.6294 -0.6461
vn -0.1516 0.6294 0.7621
vn -0.0000 0.6294 0.7771
vn 0.5495 0.6294 -0.5495
vn -0.1516 0.6294 -0.7621
vn -0.2974 0.6294 0.7179
vn 0.6461 0.6294 -0.4317
vn -0.0000 0.6294 -0.7771
vn -0.4317 0.6294 0.6461
vn 0.7179 0.6294 -0.2974
vn -0.5495 0.6294 0.5495
vn 0.7621 0.6294 -0.1516
vn -0.6461 0.6294 0.4317
vn 0.7771 0.6294 -0.0000
vn -0.7179 0.6294 0.2974
vn 0.7621 0.6294 0.1516
vn -0.7621 0.6294 0.1516
vn 0.7179 0.6294 0.2974
vn -0.7771 0.6294 -0.0000
vn 0.6461 0.6294 0.4317
vn -0.7621 0.6294 -0.1516
vn 0.5495 0.6294 0.5495
vn -0.7179 0.6294 -0.2974
vn 0.4317 0.6294 0.6461
vn -0.6461 0.6294 -0.4317
vn 0.2974 0.6294 0.7179
vn 0.1516 0.6294 -0.7621
vn -0.5495 0.6294 -0.5495
vn 0.1516 0.6294 0.7621
vn 0.4187 0.6574 -0.6266
vn 0.2884 0.6574 -0.6962
vn -0.2884 0.6574 -0.6962
vn -0.4187 0.6574 -0.6266
vn -0.1470 0.6574 0.7391
vn -0.0000 0.6574 0.7536
vn 0.5329 0.6574 -0.5329
vn -0.1470 0.6574 -0.7391
vn -0.2884 0.6574 0.6962
vn 0.6266 0.6574 -0.4187
vn -0.0000 0.6574 -0.7536
vn -0.4187 0.6574 0.6266
vn 0.6962 0.6574 -0.2884
vn -0.5329 0.6574 0.5329
vn 0.7391 0.6574 -0.1470
vn -0.6266 0.6574 0.4187
vn 0.7536 0.6574 -0.0000
vn -0.6962 0.6574 0.2884
vn 0.7391 0.6574 0.1470
vn -0.7391 0.6574 0.1470
vn 0.6962 0.6574 0.2884
vn -0.7536 0.6574 -0.0000
vn 0.6266 0.6574 0.4187
vn -0.7391 0.6574 -0.1470
vn 0.5329 0.6574 0.5329
vn -0.6962 0.6574 -0.2884
vn 0.4187 0.6574 0.6266
vn -0.6266 0.6574 -0.4187
vn 0.2884 0.6574 0.6962
vn 0.1470 0.6574 -0.7391
vn -0.5329 0.6574 -0.5329
vn 0.1470 0.6574 0.7391
vn 0.4347 0.6227 -0.6506
vn 0.2994 0.6227 -0.7229
vn -0.2994 0.6227 -0.7229
vn -0.4347 0.6227 -0.6506
vn -0.1527 0.6227 0.7674
vn -0.0000 0.6227 0.7825
vn 0.5533 0.6227 -0.5533
vn -0.1527 0.6227 -0.7674
vn -0.2994 0.6227 0.7229
vn 0.6506 0.6227 -0.4347
vn -0.0000 0.6227 -0.7825
vn -0.4347 0.6227 0.6506
vn 0.7229 0.6227 -0.2994
vn -0.5533 0.6227 0.5533
vn 0.7674 0.6227 -0.1527
vn -0.6506 0.6227 0.4347
vn 0.7825 0.6227 -0.0000
vn -0.7229 0.6227 0.2994
vn 0.7674 0.6227 0.1527
vn -0.7674 0.6227 0.1527
vn 0.7229 0.6227 0.2994
vn -0.7825 0.6227 -0.0000
vn 0.6506 0.6227 0.4347
vn -0.7674 0.6227 -0.1527
vn 0.5533 0.6227 0.5533
vn -0.7229 0.6227 -0.2994
vn 0.4347 0.6227 0.6506
vn -0.6506 0.6227 -0.4347
vn 0.2994 0.6227 0.7229
vn 0.1527 0.6227 -0.7674
vn -0.5533 0.6227 -0.5533
vn 0.1527 0.6227 0.7674
vn -0.0000 -0.0553 0.9985
vn 0.1948 -0.0553 0.9793
vn -0.5547 -0.0553 -0.8302
vn -0.7060 -0.0553 -0.7060
vn 0.3821 -0.0553 -0.9225
vn 0.1948 -0.0553 -0.9793
vn 0.3821 -0.0553 0.9225
vn -0.8302 -0.0553 -0.5547
vn -0.0000 -0.0553 -0.9985
vn 0.5547 -0.0553 0.8302
vn -0.9225 -0.0553 -0.3821
vn 0.7060 -0.0553 0.7060
vn -0.9793 -0.0553 -0.1948
vn 0.8302 -0.0553 0.5547
vn -0.9985 -0.0553 -0.0000
vn 0.9225 -0.0553 0.3821
vn -0.9793 -0.0553 0.1948
vn 0.9793 -0.0553 0.1948
vn -0.9225 -0.0553 0.3821
vn 0.9985 -0.0553 -0.0000
vn -0.8302 -0.0553 0.5547
vn 0.9793 -0.0553 -0.1948
vn -0.7060 -0.0553 0.7060
vn 0.9225 -0.0553 -0.3821
vn -0.5547 -0.0553 0.8302
vn 0.8302 -0.0553 -0.5547
vn -0.3821 -0.0553 0.9225
vn -0.1948 -0.0553 -0.9793
vn 0.7060 -0.0553 -0.7060
vn -0.1948 -0.0553 0.9793
vn -0.3821 -0.0553 -0.9225
vn 0.5547 -0.0553 -0.8302
vn -0.0000 -0.0634 0.9980
vn 0.1947 -0.0634 0.9788
vn -0.5545 -0.0634 -0.8298
vn -0.7057 -0.0634 -0.7057
vn 0.3819 -0.0634 -0.9220
vn 0.1947 -0.0634 -0.9788
vn 0.3819 -0.0634 0.9220
vn -0.8298 -0.0634 -0.5545
vn -0.0000 -0.0634 -0.9980
vn 0.5545 -0.0634 0.8298
vn -0.9220 -0.0634 -0.3819
vn 0.7057 -0.0634 0.7057
vn -0.9788 -0.0634 -0.1947
vn 0.8298 -0.0634 0.5545
vn -0.9980 -0.0634 -0.0000
vn 0.9220 -0.0634 0.3819
vn -0.9788 -0.0634 0.1947
vn 0.9788 -0.0634 0.1947
vn -0.9220 -0.0634 0.3819
vn 0.9980 -0.0634 -0.0000
vn -0.8298 -0.0634 0.5545
vn 0.9788 -0.0634 -0.1947
vn -0.7057 -0.0634 0.7057
vn 0.9220 -0.0634 -0.3819
vn -0.5545 -0.0634 0.8298
vn 0.8298 -0.0634 -0.5545
vn -0.3819 -0.0634 0.9220
vn -0.1947 -0.0634 -0.9788
vn 0.7057 -0.0634 -0.7057
vn -0.1947 -0.0634 0.9788
vn -0.3819 -0.0634 -0.9220
vn 0.5545 -0.0634 -0.8298
vn -0.0000 -0.0568 0.9984
vn 0.1948 -0.0568 0.9792
vn -0.5547 -0.0568 -0.8301
vn -0.7060 -0.0568 -0.7060
vn 0.3821 -0.0568 -0.9224
vn 0.1948 -0.0568 -0.9792
vn 0.3821 -0.0568 0.9224
vn -0.8301 -0.0568 -0.5547
vn -0.0000 -0.0568 -0.9984
vn 0.5547 -0.0568 0.8301
vn -0.9224 -0.0568 -0.3821
vn 0.7060 -0.0568 0.7060
vn -0.9792 -0.0568 -0.1948
vn 0.8301 -0.0568 0.5547
vn -0.9984 -0.0568 -0.0000
vn 0.9224 -0.0568 0.3821
vn -0.9792 -0.0568 0.1948
vn 0.9792 -0.0568 0.1948
vn -0.9224 -0.0568 0.3821
vn 0.9984 -0.0568 -0.0000
vn -0.8301 -0.0568 0.5547
vn 0.9792 -0.0568 -0.1948
vn -0.7060 -0.0568 0.7060
vn 0.9224 -0.0568 -0.3821
vn -0.5547 -0.0568 0.8301
vn 0.8301 -0.0568 -0.5547
vn -0.3821 -0.0568 0.9224
vn -0.1948 -0.0568 -0.9792
vn 0.7060 -0.0568 -0.7060
vn -0.1948 -0.0568 0.9792
vn -0.3821 -0.0568 -0.9224
vn 0.5547 -0.0568 -0.8301
vn -0.0000 -0.0653 0.9979
vn 0.1947 -0.0653 0.9787
vn -0.5544 -0.0653 -0.8297
vn -0.7056 -0.0653 -0.7056
vn 0.3819 -0.0653 -0.9219
vn 0.1947 -0.0653 -0.9787
vn 0.3819 -0.0653 0.9219
vn -0.8297 -0.0653 -0.5544
vn -0.0000 -0.0653 -0.9979
vn 0.5544 -0.0653 0.8297
vn -0.9219 -0.0653 -0.3819
vn 0.7056 -0.0653 0.7056
vn -0.9787 -0.0653 -0.1947
vn 0.8297 -0.0653 0.5544
vn -0.9979 -0.0653 -0.0000
vn 0.9219 -0.0653 0.3819
vn -0.9787 -0.0653 0.1947
vn 0.9787 -0.0653 0.1947
vn -0.9219 -0.0653 0.3819
vn 0.9979 -0.0653 -0.0000
vn -0.8297 -0.0653 0.5544
vn 0.9787 -0.0653 -0.1947
vn -0.7056 -0.0653 0.7056
vn 0.9219 -0.0653 -0.3819
vn -0.5544 -0.0653 0.8297
vn 0.8297 -0.0653 -0.5544
vn -0.3819 -0.0653 0.9219
vn -0.1947 -0.0653 -0.9787
vn 0.7056 -0.0653 -0.7056
vn -0.1947 -0.0653 0.9787
vn -0.3819 -0.0653 -0.9219
vn 0.5544 -0.0653 -0.8297
vn -0.0000 -0.0583 0.9983
vn 0.1948 -0.0583 0.9791
vn -0.5546 -0.0583 -0.8301
vn -0.7059 -0.0583 -0.7059
vn 0.3820 -0.0583 -0.9223
vn 0.1948 -0.0583 -0.9791
vn 0.3820 -0.0583 0.9223
vn -0.8301 -0.0583 -0.5546
vn -0.0000 -0.0583 -0.9983
vn 0.5546 -0.0583 0.8301
vn -0.9223 -0.0583 -0.3820
vn 0.7059 -0.0583 0.7059
vn -0.9791 -0.0583 -0.1948
vn 0.8301 -0.0583 0.5546
vn -0.9983 -0.0583 -0.0000
vn 0.9223 -0.0583 0.3820
vn -0.9791 -0.0583 0.1948
vn 0.9791 -0.0583 0.1948
vn -0.9223 -0.0583 0.3820
vn 0.9983 -0.0583 -0.0000
vn -0.8301 -0.0583 0.5546
vn 0.9791 -0.0583 -0.1948
vn -0.7059 -0.0583 0.7059
vn 0.9223 -0.0583 -0.3820
vn -0.5546 -0.0583 0.8301
vn 0.8301 -0.0583 -0.5546
vn -0.3820 -0.0583 0.9223
vn -0.1948 -0.0583 -0.9791
vn 0.7059 -0.0583 -0.7059
vn -0.1948 -0.0583 0.9791
vn -0.3820 -0.0583 -0.9223
vn 0.5546 -0.0583 -0.8301
vn -0.0000 -0.0673 0.9977
vn 0.1946 -0.0673 0.9786
vn -0.5543 -0.0673 -0.8296
vn -0.7055 -0.0673 -0.7055
vn 0.3818 -0.0673 -0.9218
vn 0.1946 -0.0673 -0.9786
vn 0.3818 -0.0673 0.9218
vn -0.8296 -0.0673 -0.5543
vn -0.0000 -0.0673 -0.9977
vn 0.5543 -0.0673 0.8296
vn -0.9218 -0.0673 -0.3818
vn 0.7055 -0.0673 0.7055
vn -0.9786 -0.0673 -0.1946
vn 0.8296 -0.0673 0.5543
vn -0.9977 -0.0673 -0.0000
vn 0.9218 -0.0673 0.3818
vn -0.9786 -0.0673 0.1946
vn 0.9786 -0.0673 0.1946
vn -0.9218 -0.0673 0.3818
vn 0.9977 -0.0673 -0.0000
vn -0.8296 -0.0673 0.5543
vn 0.9786 -0.0673 -0.1946
vn -0.7055 -0.0673 0.7055
vn 0.9218 -0.0673 -0.3818
vn -0.5543 -0.0673 0.8296
vn 0.8296 -0.0673 -0.5543
vn -0.3818 -0.0673 0.9218
vn -0.1946 -0.0673 -0.9786
vn 0.7055 -0.0673 -0.7055
vn -0.1946 -0.0673 0.9786
vn -0.3818 -0.0673 -0.9218
vn 0.5543 -0.0673 -0.8296
vn -0.0000 -0.0599 0.9982
vn 0.1947 -0.0599 0.9790
vn -0.5546 -0.0599 -0.8300
vn -0.7058 -0.0599 -0.7058
vn 0.3820 -0.0599 -0.9222
vn 0.1947 -0.0599 -0.9790
vn 0.3820 -0.0599 0.9222
vn -0.8300 -0.0599 -0.5546
vn -0.0000 -0.0599 -0.9982
vn 0.5546 -0.0599 0.8300
vn -0.9222 -0.0599 -0.3820
vn 0.7058 -0.0599 0.7058
vn -0.9790 -0.0599 -0.1947
vn 0.8300 -0.0599 0.5546
vn -0.9982 -0.0599 -0.0000
vn 0.9222 -0.0599 0.3820
vn -0.9790 -0.0599 0.1947
vn 0.9790 -0.0599 0.1947
vn -0.9222 -0.0599 0.3820
vn 0.9982 -0.0599 -0.0000
vn -0.8300 -0.0599 0.5546
vn 0.9790 -0.0599 -0.1947
vn -0.7058 -0.0599 0.7058
vn 0.9222 -0.0599 -0.3820
vn -0.5546 -0.0599 0.8300
vn 0.8300 -0.0599 -0.5546
vn -0.3820 -0.0599 0.9222
vn -0.1947 -0.0599 -0.9790
vn 0.7058 -0.0599 -0.7058
vn -0.1947 -0.0599 0.9790
vn -0.3820 -0.0599 -0.9222
vn 0.5546 -0.0599 -0.8300
vn -0.0000 0.5547 -0.8321
vn 0.5774 0.5774 -0.5774
vn 0.5774 -0.5774 -0.5774
vn 0.3162 0.9487 -0.0000
vn -0.3162 0.9487 -0.0000
vt 1.000000 0.500000
vt 1.000000 1.000000
vt 0.968750 1.000000
vt 0.968750 0.500000
vt 0.937500 1.000000
vt 0.937500 0.500000
vt 0.906250 1.000000
vt 0.906250 0.500000
vt 0.875000 1.000000
vt 0.875000 0.500000
vt 0.843750 1.000000
vt 0.843750 0.500000
vt 0.812500 1.000000
vt 0.812500 0.500000
vt 0.781250 1.000000
vt 0.781250 0.500000
vt 0.750000 1.000000
vt 0.750000 0.500000
vt 0.718750 1.000000
vt 0.718750 0.500000
vt 0.687500 1.000000
vt 0.687500 0.500000
vt 0.656250 1.000000
vt 0.656250 0.500000
vt 0.625000 1.000000
vt 0.625000 0.500000
vt 0.593750 1.000000
vt 0.593750 0.500000
vt 0.562500 1.000000
vt 0.562500 0.500000
vt 0.531250 1.000000
vt 0.531250 0.500000
vt 0.500000 1.000000
vt 0.500000 0.500000
vt 0.468750 1.000000
vt 0.468750 0.500000
vt 0.437500 1.000000
vt 0.437500 0.500000
vt 0.406250 1.000000
vt 0.406250 0.500000
vt 0.375000 1.000000
vt 0.375000 0.500000
vt 0.343750 1.000000
vt 0.343750 0.500000
vt 0.312500 1.000000
vt 0.312500 0.500000
vt 0.281250 1.000000
vt 0.281250 0.500000
vt 0.250000 1.000000
vt 0.250000 0.500000
vt 0.218750 1.000000
vt 0.218750 0.500000
vt 0.187500 1.000000
vt 0.187500 0.500000
vt 0.156250 1.000000
vt 0.156250 0.500000
vt 0.125000 1.000000
vt 0.125000 0.500000
vt 0.093750 1.000000
vt 0.093750 0.500000
vt 0.062500 1.000000
vt 0.062500 0.500000
vt 0.031250 1.000000
vt 0.031250 0.500000
vt 0.000000 1.000000
vt 0.000000 0.500000
vt 0.750000 0.490000
vt 0.796822 0.485388
vt 0.841844 0.471731
vt 0.883337 0.449553
vt 0.919706 0.419706
vt 0.949553 0.383337
vt 0.971731 0.341844
vt 0.985388 0.296822
vt 0.990000 0.250000
vt 0.985388 0.203178
vt 0.971731 0.158156
vt 0.949553 0.116663
vt 0.919706 0.080294
vt 0.883337 0.050447
vt 0.841844 0.028269
vt 0.796822 0.014612
vt 0.750000 0.010000
vt 0.703178 0.014612
vt 0.658156 0.028269
vt 0.616663 0.050447
vt 0.580294 0.080294
vt 0.550447 0.116663
vt 0.528269 0.158156
vt 0.514611 0.203179
vt 0.510000 0.250000
vt 0.514612 0.296822
vt 0.528269 0.341844
vt 0.550447 0.383337
vt 0.580295 0.419706
vt 0.616663 0.449553
vt 0.658156 0.471731
vt 0.703179 0.485389
vt 0.296822 0.485388
vt 0.250000 0.490000
vt 0.203179 0.485389
vt 0.158156 0.471731
vt 0.116663 0.449553
vt 0.080295 0.419706
vt 0.050447 0.383337
vt 0.028269 0.341844
vt 0.014612 0.296822
vt 0.010000 0.250000
vt 0.014611 0.203179
vt 0.028269 0.158156
vt 0.050447 0.116663
vt 0.080294 0.080294
vt 0.116663 0.050447
vt 0.158156 0.028269
vt 0.203178 0.014612
vt 0.250000 0.010000
vt 0.296822 0.014612
vt 0.341844 0.028269
vt 0.383337 0.050447
vt 0.419706 0.080294
vt 0.449553 0.116663
vt 0.471731 0.158156
vt 0.485388 0.203178
vt 0.490000 0.250000
vt 0.485388 0.296822
vt 0.471731 0.341844
vt 0.449553 0.383337
vt 0.419706 0.419706
vt 0.383337 0.449553
vt 0.341844 0.471731
vt 0.375000 0.750000
vt 0.625000 0.750000
vt 0.740188 0.500000
vt 0.740188 0.500000
vt 0.656250 0.500000
vt 0.593630 0.500000
vt 0.593630 0.500000
vt 0.375000 0.245732
vt 0.375000 0.000000
vt 0.625000 0.000000
vt 0.625000 0.245732
vt 0.625000 0.501428
vt 0.375000 0.501428
vt 0.375000 0.501428
vt 0.125000 0.750000
vt 0.125000 0.504268
vt 0.125168 0.504491
vt 0.174920 0.543333
vt 0.230709 0.561296
vt 0.288363 0.557688
vt 0.342441 0.532648
vt 0.874832 0.504491
vt 0.875000 0.504268
vt 0.875000 0.750000
vt 0.625000 0.501428
vt 0.657559 0.532648
vt 0.711637 0.557688
vt 0.769291 0.561296
vt 0.825080 0.543333
vt 0.615000 0.537500
vt 0.625000 0.537500
vt 0.615000 0.750000
vt 0.615000 0.957500
vt 0.625000 0.957500
vt 0.615000 1.000000
vt 0.337500 0.537500
vt 0.375000 0.537500
vt 0.337500 0.750000
vt 0.832500 0.537500
vt 0.875000 0.537500
vt 0.832500 0.750000
vt 0.615000 0.000000
vt 0.625000 0.212500
vt 0.615000 0.212500
vt 0.662500 0.537500
vt 0.662500 0.750000
vt 0.167500 0.537500
vt 0.167500 0.750000
vt 0.625000 0.787500
vt 0.615000 0.787500
vt 0.125000 0.537500
vt 0.375000 0.787500
vt 0.385000 0.787500
vt 0.385000 0.957500
vt 0.375000 0.957500
vt 0.395000 0.787500
vt 0.395000 0.957500
vt 0.405000 0.787500
vt 0.405000 0.957500
vt 0.415000 0.787500
vt 0.415000 0.957500
vt 0.425000 0.787500
vt 0.425000 0.957500
vt 0.435000 0.787500
vt 0.435000 0.957500
vt 0.445000 0.787500
vt 0.445000 0.957500
vt 0.455000 0.787500
vt 0.455000 0.957500
vt 0.465000 0.787500
vt 0.465000 0.957500
vt 0.475000 0.787500
vt 0.475000 0.957500
vt 0.485000 0.787500
vt 0.485000 0.957500
vt 0.495000 0.787500
vt 0.495000 0.957500
vt 0.505000 0.787500
vt 0.505000 0.957500
vt 0.515000 0.787500
vt 0.515000 0.957500
vt 0.525000 0.787500
vt 0.525000 0.957500
vt 0.535000 0.787500
vt 0.535000 0.957500
vt 0.545000 0.787500
vt 0.545000 0.957500
vt 0.555000 0.787500
vt 0.555000 0.957500
vt 0.565000 0.787500
vt 0.565000 0.957500
vt 0.575000 0.787500
vt 0.575000 0.957500
vt 0.585000 0.787500
vt 0.585000 0.957500
vt 0.595000 0.787500
vt 0.595000 0.957500
vt 0.605000 0.787500
vt 0.605000 0.957500
vt 0.385000 0.750000
vt 0.395000 0.750000
vt 0.405000 0.750000
vt 0.415000 0.750000
vt 0.425000 0.750000
vt 0.435000 0.750000
vt 0.445000 0.750000
vt 0.455000 0.750000
vt 0.465000 0.750000
vt 0.475000 0.750000
vt 0.485000 0.750000
vt 0.495000 0.750000
vt 0.505000 0.750000
vt 0.515000 0.750000
vt 0.525000 0.750000
vt 0.535000 0.750000
vt 0.545000 0.750000
vt 0.555000 0.750000
vt 0.565000 0.750000
vt 0.575000 0.750000
vt 0.585000 0.750000
vt 0.595000 0.750000
vt 0.605000 0.750000
vt 0.385000 0.000000
vt 0.385000 0.212500
vt 0.375000 0.212500
vt 0.395000 0.000000
vt 0.395000 0.212500
vt 0.405000 0.000000
vt 0.405000 0.212500
vt 0.415000 0.000000
vt 0.415000 0.212500
vt 0.425000 0.000000
vt 0.425000 0.212500
vt 0.435000 0.000000
vt 0.435000 0.212500
vt 0.445000 0.000000
vt 0.445000 0.212500
vt 0.455000 0.000000
vt 0.455000 0.212500
vt 0.465000 0.000000
vt 0.465000 0.212500
vt 0.475000 0.000000
vt 0.475000 0.212500
vt 0.485000 0.000000
vt 0.485000 0.212500
vt 0.495000 0.000000
vt 0.495000 0.212500
vt 0.505000 0.000000
vt 0.505000 0.212500
vt 0.515000 0.000000
vt 0.515000 0.212500
vt 0.525000 0.000000
vt 0.525000 0.212500
vt 0.535000 0.000000
vt 0.535000 0.212500
vt 0.545000 0.000000
vt 0.545000 0.212500
vt 0.555000 0.000000
vt 0.555000 0.212500
vt 0.565000 0.000000
vt 0.565000 0.212500
vt 0.575000 0.000000
vt 0.575000 0.212500
vt 0.585000 0.000000
vt 0.585000 0.212500
vt 0.595000 0.000000
vt 0.595000 0.212500
vt 0.605000 0.000000
vt 0.605000 0.212500
vt 0.385000 1.000000
vt 0.395000 1.000000
vt 0.405000 1.000000
vt 0.415000 1.000000
vt 0.425000 1.000000
vt 0.435000 1.000000
vt 0.445000 1.000000
vt 0.455000 1.000000
vt 0.465000 1.000000
vt 0.475000 1.000000
vt 0.485000 1.000000
vt 0.495000 1.000000
vt 0.505000 1.000000
vt 0.515000 1.000000
vt 0.525000 1.000000
vt 0.535000 1.000000
vt 0.545000 1.000000
vt 0.555000 1.000000
vt 0.565000 1.000000
vt 0.575000 1.000000
vt 0.585000 1.000000
vt 0.595000 1.000000
vt 0.605000 1.000000
vt 0.385000 0.537500
vt 0.395000 0.537500
vt 0.405000 0.537500
vt 0.415000 0.537500
vt 0.425000 0.537500
vt 0.435000 0.537500
vt 0.445000 0.537500
vt 0.455000 0.537500
vt 0.465000 0.537500
vt 0.475000 0.537500
vt 0.485000 0.537500
vt 0.495000 0.537500
vt 0.505000 0.537500
vt 0.515000 0.537500
vt 0.525000 0.537500
vt 0.535000 0.537500
vt 0.545000 0.537500
vt 0.555000 0.537500
vt 0.565000 0.537500
vt 0.575000 0.537500
vt 0.585000 0.537500
vt 0.595000 0.537500
vt 0.605000 0.537500
vt 0.875000 0.525000
vt 0.616026 0.250000
vt 0.625000 0.250000
vt 0.616026 0.500000
vt 0.616026 0.725000
vt 0.625000 0.725000
vt 0.616026 0.750000
vt 0.616026 1.000000
vt 0.125000 0.725000
vt 0.375000 0.725000
vt 0.875000 0.725000
vt 0.484231 0.750000
vt 0.493333 0.750000
vt 0.493333 1.000000
vt 0.484231 1.000000
vt 0.508333 0.750000
vt 0.508333 1.000000
vt 0.484231 0.725000
vt 0.493333 0.725000
vt 0.508333 0.725000
vt 0.484231 0.250000
vt 0.493333 0.250000
vt 0.493333 0.500000
vt 0.484231 0.500000
vt 0.508333 0.250000
vt 0.508333 0.500000
vt 0.493333 0.225000
vt 0.508333 0.225000
vt 0.616026 0.225000
vt 0.625000 0.225000
vt 0.508333 0.025000
vt 0.508333 0.000000
vt 0.508333 0.025000
vt 0.517308 0.250000
vt 0.484231 0.225000
vt 0.384103 0.250000
vt 0.375000 0.250000
vt 0.125000 0.525000
vt 0.484231 0.000000
vt 0.493333 0.000000
vt 0.493333 0.025000
vt 0.484231 0.025000
vt 0.616026 0.000000
vt 0.625000 0.025000
vt 0.616026 0.025000
vt 0.875000 0.725000
vt 0.493333 0.025000
vt 0.508333 0.525000
vt 0.493333 0.525000
vt 0.484231 0.525000
vt 0.625000 0.525000
vt 0.375000 0.525000
vt 0.616026 0.525000
vt 0.517308 0.225000
vt 0.384103 0.225000
vt 0.375000 0.225000
vt 0.517308 0.025000
vt 0.526282 0.025000
vt 0.535256 0.025000
vt 0.544231 0.025000
vt 0.553205 0.025000
vt 0.562179 0.025000
vt 0.571154 0.025000
vt 0.580128 0.025000
vt 0.589103 0.025000
vt 0.598077 0.025000
vt 0.607051 0.025000
vt 0.607051 0.225000
vt 0.598077 0.225000
vt 0.589103 0.225000
vt 0.580128 0.225000
vt 0.571154 0.225000
vt 0.562179 0.225000
vt 0.553205 0.225000
vt 0.544231 0.225000
vt 0.535256 0.225000
vt 0.526282 0.225000
vt 0.429615 0.025000
vt 0.429615 0.225000
vt 0.420513 0.225000
vt 0.420513 0.025000
vt 0.384103 0.025000
vt 0.393205 0.025000
vt 0.517308 0.525000
vt 0.517308 0.725000
vt 0.526282 0.525000
vt 0.526282 0.725000
vt 0.535256 0.525000
vt 0.535256 0.725000
vt 0.544231 0.525000
vt 0.544231 0.725000
vt 0.553205 0.525000
vt 0.553205 0.725000
vt 0.562179 0.525000
vt 0.562179 0.725000
vt 0.571154 0.525000
vt 0.571154 0.725000
vt 0.580128 0.525000
vt 0.580128 0.725000
vt 0.589103 0.525000
vt 0.589103 0.725000
vt 0.598077 0.525000
vt 0.598077 0.725000
vt 0.607051 0.525000
vt 0.607051 0.725000
vt 0.517308 0.500000
vt 0.526282 0.500000
vt 0.535256 0.500000
vt 0.544231 0.500000
vt 0.553205 0.500000
vt 0.562179 0.500000
vt 0.571154 0.500000
vt 0.580128 0.500000
vt 0.589103 0.500000
vt 0.598077 0.500000
vt 0.607051 0.500000
vt 0.517308 0.000000
vt 0.526282 0.000000
vt 0.535256 0.000000
vt 0.544231 0.000000
vt 0.553205 0.000000
vt 0.562179 0.000000
vt 0.571154 0.000000
vt 0.580128 0.000000
vt 0.589103 0.000000
vt 0.598077 0.000000
vt 0.607051 0.000000
vt 0.517308 1.000000
vt 0.526282 1.000000
vt 0.535256 1.000000
vt 0.544231 1.000000
vt 0.553205 1.000000
vt 0.562179 1.000000
vt 0.571154 1.000000
vt 0.580128 1.000000
vt 0.589103 1.000000
vt 0.598077 1.000000
vt 0.607051 1.000000
vt 0.607051 0.250000
vt 0.598077 0.250000
vt 0.589103 0.250000
vt 0.580128 0.250000
vt 0.571154 0.250000
vt 0.562179 0.250000
vt 0.553205 0.250000
vt 0.544231 0.250000
vt 0.535256 0.250000
vt 0.526282 0.250000
vt 0.517308 0.750000
vt 0.526282 0.750000
vt 0.535256 0.750000
vt 0.544231 0.750000
vt 0.553205 0.750000
vt 0.562179 0.750000
vt 0.571154 0.750000
vt 0.580128 0.750000
vt 0.589103 0.750000
vt 0.598077 0.750000
vt 0.607051 0.750000
vt 0.375000 0.025000
vt 0.402308 0.025000
vt 0.411410 0.025000
vt 0.438718 0.025000
vt 0.447820 0.025000
vt 0.456923 0.025000
vt 0.466026 0.025000
vt 0.475128 0.025000
vt 0.475128 0.225000
vt 0.466026 0.225000
vt 0.456923 0.225000
vt 0.447820 0.225000
vt 0.438718 0.225000
vt 0.411410 0.225000
vt 0.402308 0.225000
vt 0.393205 0.225000
vt 0.384103 0.525000
vt 0.384103 0.725000
vt 0.393205 0.525000
vt 0.393205 0.725000
vt 0.402308 0.525000
vt 0.402308 0.725000
vt 0.411410 0.525000
vt 0.411410 0.725000
vt 0.420513 0.525000
vt 0.420513 0.725000
vt 0.429615 0.525000
vt 0.429615 0.725000
vt 0.438718 0.525000
vt 0.438718 0.725000
vt 0.447820 0.525000
vt 0.447820 0.725000
vt 0.456923 0.525000
vt 0.456923 0.725000
vt 0.466026 0.525000
vt 0.466026 0.725000
vt 0.475128 0.525000
vt 0.475128 0.725000
vt 0.384103 0.500000
vt 0.393205 0.500000
vt 0.402308 0.500000
vt 0.411410 0.500000
vt 0.420513 0.500000
vt 0.429615 0.500000
vt 0.438718 0.500000
vt 0.447820 0.500000
vt 0.456923 0.500000
vt 0.466026 0.500000
vt 0.475128 0.500000
vt 0.384103 0.000000
vt 0.393205 0.000000
vt 0.402308 0.000000
vt 0.411410 0.000000
vt 0.420513 0.000000
vt 0.429615 0.000000
vt 0.438718 0.000000
vt 0.447821 0.000000
vt 0.456923 0.000000
vt 0.466026 0.000000
vt 0.475128 0.000000
vt 0.384103 1.000000
vt 0.393205 1.000000
vt 0.402308 1.000000
vt 0.411410 1.000000
vt 0.420513 1.000000
vt 0.429615 1.000000
vt 0.438718 1.000000
vt 0.447821 1.000000
vt 0.456923 1.000000
vt 0.466026 1.000000
vt 0.475128 1.000000
vt 0.475128 0.250000
vt 0.466026 0.250000
vt 0.456923 0.250000
vt 0.447820 0.250000
vt 0.438718 0.250000
vt 0.429615 0.250000
vt 0.420513 0.250000
vt 0.411410 0.250000
vt 0.402308 0.250000
vt 0.393205 0.250000
vt 0.384103 0.750000
vt 0.393205 0.750000
vt 0.402308 0.750000
vt 0.411410 0.750000
vt 0.420513 0.750000
vt 0.429615 0.750000
vt 0.438718 0.750000
vt 0.447820 0.750000
vt 0.456923 0.750000
vt 0.466026 0.750000
vt 0.475128 0.750000
vt 0.968750 1.000000
vt 0.937500 1.000000
vt 0.656250 1.000000
vt 0.687500 1.000000
vt 0.718750 1.000000
vt 0.343750 1.000000
vt 0.781250 1.000000
vt 0.812500 1.000000
vt 0.406250 1.000000
vt 0.843750 1.000000
vt 0.468750 1.000000
vt 0.615000 0.250000
vt 0.615000 0.462500
vt 0.625000 0.462500
vt 0.615000 0.500000
vt 0.832500 0.500000
vt 0.337500 0.500000
vt 0.167500 0.500000
vt 0.662500 0.500000
vt 0.615000 0.292500
vt 0.625000 0.292500
vt 0.385000 0.250000
vt 0.385000 0.292500
vt 0.375000 0.292500
vt 0.395000 0.250000
vt 0.395000 0.292500
vt 0.405000 0.250000
vt 0.405000 0.292500
vt 0.415000 0.250000
vt 0.415000 0.292500
vt 0.425000 0.250000
vt 0.425000 0.292500
vt 0.435000 0.250000
vt 0.435000 0.292500
vt 0.445000 0.250000
vt 0.445000 0.292500
vt 0.455000 0.250000
vt 0.455000 0.292500
vt 0.465000 0.250000
vt 0.465000 0.292500
vt 0.475000 0.250000
vt 0.475000 0.292500
vt 0.485000 0.250000
vt 0.485000 0.292500
vt 0.495000 0.250000
vt 0.495000 0.292500
vt 0.505000 0.250000
vt 0.505000 0.292500
vt 0.515000 0.250000
vt 0.515000 0.292500
vt 0.525000 0.250000
vt 0.525000 0.292500
vt 0.535000 0.250000
vt 0.535000 0.292500
vt 0.545000 0.250000
vt 0.545000 0.292500
vt 0.555000 0.250000
vt 0.555000 0.292500
vt 0.565000 0.250000
vt 0.565000 0.292500
vt 0.575000 0.250000
vt 0.575000 0.292500
vt 0.585000 0.250000
vt 0.585000 0.292500
vt 0.595000 0.250000
vt 0.595000 0.292500
vt 0.605000 0.250000
vt 0.605000 0.292500
vt 0.385000 0.462500
vt 0.375000 0.462500
vt 0.405000 0.462500
vt 0.395000 0.462500
vt 0.425000 0.462500
vt 0.415000 0.462500
vt 0.485000 0.462500
vt 0.445000 0.462500
vt 0.435000 0.462500
vt 0.535000 0.462500
vt 0.525000 0.462500
vt 0.465000 0.462500
vt 0.455000 0.462500
vt 0.475000 0.462500
vt 0.505000 0.462500
vt 0.495000 0.462500
vt 0.515000 0.462500
vt 0.605000 0.462500
vt 0.545000 0.462500
vt 0.565000 0.462500
vt 0.555000 0.462500
vt 0.585000 0.462500
vt 0.575000 0.462500
vt 0.595000 0.462500
vt 0.385000 0.500000
vt 0.395000 0.500000
vt 0.405000 0.500000
vt 0.415000 0.500000
vt 0.425000 0.500000
vt 0.435000 0.500000
vt 0.445000 0.500000
vt 0.455000 0.500000
vt 0.465000 0.500000
vt 0.475000 0.500000
vt 0.485000 0.500000
vt 0.495000 0.500000
vt 0.505000 0.500000
vt 0.515000 0.500000
vt 0.525000 0.500000
vt 0.535000 0.500000
vt 0.545000 0.500000
vt 0.555000 0.500000
vt 0.565000 0.500000
vt 0.575000 0.500000
vt 0.585000 0.500000
vt 0.595000 0.500000
vt 0.605000 0.500000
s 1
usemtl Material.001
f 1/1/1 2/2/2 4/3/3 3/4/4
f 3/4/4 4/3/3 6/5/5 5/6/6
f 5/6/6 6/5/5 8/7/7 7/8/8
f 7/8/8 8/7/7 10/9/9 9/10/10
f 9/10/10 10/9/9 12/11/11 11/12/12
f 11/12/12 12/11/11 14/13/13 13/14/14
f 13/14/14 14/13/13 16/15/15 15/16/16
f 15/16/16 16/15/15 18/17/17 17/18/18
f 17/18/18 18/17/17 20/19/19 19/20/20
f 19/20/20 20/19/19 22/21/21 21/22/22
f 21/22/22 22/21/21 24/23/23 23/24/24
f 23/24/24 24/23/23 26/25/25 25/26/26
f 25/26/26 26/25/25 28/27/27 27/28/28
f 27/28/28 28/27/27 30/29/29 29/30/30
f 29/30/30 30/29/29 32/31/31 31/32/32
f 31/32/32 32/31/31 34/33/33 33/34/34
f 33/34/34 34/33/33 36/35/35 35/36/36
f 35/36/36 36/35/35 38/37/37 37/38/38
f 37/38/38 38/37/37 40/39/39 39/40/40
f 39/40/40 40/39/39 42/41/41 41/42/42
f 41/42/42 42/41/41 44/43/43 43/44/44
f 43/44/44 44/43/43 46/45/45 45/46/46
f 45/46/46 46/45/45 48/47/47 47/48/48
f 47/48/48 48/47/47 50/49/49 49/50/50
f 49/50/50 50/49/49 52/51/51 51/52/52
f 51/52/52 52/51/51 54/53/53 53/54/54
f 53/54/54 54/53/53 56/55/55 55/56/56
f 55/56/56 56/55/55 58/57/57 57/58/58
f 57/58/58 58/57/57 60/59/59 59/60/60
f 59/60/60 60/59/59 62/61/61 61/62/62
f 64/63/63 62/61/61 95/61/64 96/63/65
f 61/62/62 62/61/61 64/63/63 63/64/66
f 63/64/66 64/63/63 2/65/2 1/66/1
f 17/18/18 19/20/20 170/20/67 169/18/68
f 89/49/69 88/47/70 120/47/71 121/49/72
f 20/19/19 18/17/17 73/17/73 74/19/74
f 38/37/37 36/35/35 82/35/75 83/37/76
f 56/55/55 54/53/53 91/53/77 92/55/78
f 12/11/11 10/9/9 69/9/79 70/11/80
f 30/29/29 28/27/27 78/27/81 79/29/82
f 48/47/47 46/45/45 87/45/83 88/47/70
f 4/3/3 2/2/2 66/2/84 65/3/85
f 2/65/2 64/63/63 96/63/65 66/65/84
f 22/21/21 20/19/19 74/19/74 75/21/86
f 40/39/39 38/37/37 83/37/76 84/39/87
f 58/57/57 56/55/55 92/55/78 93/57/88
f 14/13/13 12/11/11 70/11/80 71/13/89
f 32/31/31 30/29/29 79/29/82 80/31/90
f 50/49/49 48/47/47 88/47/70 89/49/69
f 6/5/5 4/3/3 65/3/85 67/5/91
f 24/23/23 22/21/21 75/21/86 76/23/92
f 42/41/41 40/39/39 84/39/87 85/41/93
f 60/59/59 58/57/57 93/57/88 94/59/94
f 16/15/15 14/13/13 71/13/89 72/15/95
f 34/33/33 32/31/31 80/31/90 81/33/96
f 52/51/51 50/49/49 89/49/69 90/51/97
f 8/7/7 6/5/5 67/5/91 68/7/98
f 26/25/25 24/23/23 76/23/92 77/25/99
f 44/43/43 42/41/41 85/41/93 86/43/100
f 62/61/61 60/59/59 94/59/94 95/61/64
f 18/17/17 16/15/15 72/15/95 73/17/73
f 36/35/35 34/33/33 81/33/96 82/35/75
f 54/53/53 52/51/51 90/51/97 91/53/77
f 10/9/9 8/7/7 68/7/98 69/9/79
f 28/27/27 26/25/25 77/25/99 78/27/81
f 46/45/45 44/43/43 86/43/100 87/45/83
f 124/55/101 123/53/102 155/53/103 156/55/104
f 76/23/92 75/21/86 107/21/105 108/23/106
f 90/51/97 89/49/69 121/49/72 122/51/107
f 77/25/99 76/23/92 108/23/106 109/25/108
f 91/53/77 90/51/97 122/51/107 123/53/102
f 78/27/81 77/25/99 109/25/108 110/27/109
f 92/55/78 91/53/77 123/53/102 124/55/101
f 79/29/82 78/27/81 110/27/109 111/29/110
f 65/3/85 66/2/84 98/2/111 97/3/112
f 93/57/88 92/55/78 124/55/101 125/57/113
f 80/31/90 79/29/82 111/29/110 112/31/114
f 67/5/91 65/3/85 97/3/112 99/5/115
f 94/59/94 93/57/88 125/57/113 126/59/116
f 81/33/96 80/31/90 112/31/114 113/33/117
f 68/7/98 67/5/91 99/5/115 100/7/118
f 95/61/64 94/59/94 126/59/116 127/61/119
f 82/35/75 81/33/96 113/33/117 114/35/120
f 69/9/79 68/7/98 100/7/118 101/9/121
f 96/63/65 95/61/64 127/61/119 128/63/122
f 83/37/76 82/35/75 114/35/120 115/37/123
f 70/11/80 69/9/79 101/9/121 102/11/124
f 66/65/84 96/63/65 128/63/122 98/65/111
f 84/39/87 83/37/76 115/37/123 116/39/125
f 71/13/89 70/11/80 102/11/124 103/13/126
f 85/41/93 84/39/87 116/39/125 117/41/127
f 72/15/95 71/13/89 103/13/126 104/15/128
f 86/43/100 85/41/93 117/41/127 118/43/129
f 73/17/73 72/15/95 104/15/128 105/17/130
f 87/45/83 86/43/100 118/43/129 119/45/131
f 74/19/74 73/17/73 105/17/130 106/19/132
f 88/47/70 87/45/83 119/45/131 120/47/71
f 75/21/86 74/19/74 106/19/132 107/21/105
f 111/29/110 110/27/109 142/27/133 143/29/134
f 97/3/112 98/2/111 130/2/135 129/3/136
f 125/57/113 124/55/101 156/55/104 157/57/137
f 112/31/114 111/29/110 143/29/134 144/31/138
f 99/5/115 97/3/112 129/3/136 131/5/139
f 126/59/116 125/57/113 157/57/137 158/59/140
f 113/33/117 112/31/114 144/31/138 145/33/141
f 100/7/118 99/5/115 131/5/139 132/7/142
f 127/61/119 126/59/116 158/59/140 159/61/143
f 114/35/120 113/33/117 145/33/141 146/35/144
f 101/9/121 100/7/118 132/7/142 133/9/145
f 128/63/122 127/61/119 159/61/143 160/63/146
f 115/37/123 114/35/120 146/35/144 147/37/147
f 102/11/124 101/9/121 133/9/145 134/11/148
f 98/65/111 128/63/122 160/63/146 130/65/135
f 116/39/125 115/37/123 147/37/147 148/39/149
f 103/13/126 102/11/124 134/11/148 135/13/150
f 117/41/127 116/39/125 148/39/149 149/41/151
f 104/15/128 103/13/126 135/13/150 136/15/152
f 118/43/129 117/41/127 149/41/151 150/43/153
f 105/17/130 104/15/128 136/15/152 137/17/154
f 119/45/131 118/43/129 150/43/153 151/45/155
f 106/19/132 105/17/130 137/17/154 138/19/156
f 120/47/71 119/45/131 151/45/155 152/47/157
f 107/21/105 106/19/132 138/19/156 139/21/158
f 121/49/72 120/47/71 152/47/157 153/49/159
f 108/23/106 107/21/105 139/21/158 140/23/160
f 122/51/107 121/49/72 153/49/159 154/51/161
f 109/25/108 108/23/106 140/23/160 141/25/162
f 123/53/102 122/51/107 154/51/161 155/53/103
f 110/27/109 109/25/108 141/25/162 142/27/133
f 166/12/163 167/14/164 199/14/126 198/12/124
f 35/36/36 37/38/38 179/38/165 178/36/166
f 53/54/54 55/56/56 188/56/167 187/54/168
f 9/10/10 11/12/12 166/12/163 165/10/169
f 27/28/28 29/30/30 175/30/170 174/28/171
f 45/46/46 47/48/48 184/48/172 183/46/173
f 1/1/1 3/4/4 162/4/174 161/1/175
f 63/64/66 1/66/1 161/66/175 192/64/176
f 19/20/20 21/22/22 171/22/177 170/20/67
f 37/38/38 39/40/40 180/40/178 179/38/165
f 55/56/56 57/58/58 189/58/179 188/56/167
f 11/12/12 13/14/14 167/14/164 166/12/163
f 29/30/30 31/32/32 176/32/180 175/30/170
f 47/48/48 49/50/50 185/50/181 184/48/172
f 3/4/4 5/6/6 163/6/182 162/4/174
f 21/22/22 23/24/24 172/24/183 171/22/177
f 39/40/40 41/42/42 181/42/184 180/40/178
f 57/58/58 59/60/60 190/60/185 189/58/179
f 13/14/14 15/16/16 168/16/186 167/14/164
f 31/32/32 33/34/34 177/34/187 176/32/180
f 49/50/50 51/52/52 186/52/188 185/50/181
f 5/6/6 7/8/8 164/8/189 163/6/182
f 23/24/24 25/26/26 173/26/190 172/24/183
f 41/42/42 43/44/44 182/44/191 181/42/184
f 59/60/60 61/62/62 191/62/192 190/60/185
f 15/16/16 17/18/18 169/18/68 168/16/186
f 33/34/34 35/36/36 178/36/166 177/34/187
f 51/52/52 53/54/54 187/54/168 186/52/188
f 7/8/8 9/10/10 165/10/169 164/8/189
f 25/26/26 27/28/28 174/28/171 173/26/190
f 43/44/44 45/46/46 183/46/173 182/44/191
f 61/62/62 63/64/66 192/64/176 191/62/192
f 201/18/130 202/20/132 234/20/193 233/18/194
f 180/40/178 181/42/184 213/42/127 212/40/125
f 167/14/164 168/16/186 200/16/128 199/14/126
f 181/42/184 182/44/191 214/44/129 213/42/127
f 168/16/186 169/18/68 201/18/130 200/16/128
f 182/44/191 183/46/173 215/46/131 214/44/129
f 169/18/68 170/20/67 202/20/132 201/18/130
f 183/46/173 184/48/172 216/48/71 215/46/131
f 170/20/67 171/22/177 203/22/105 202/20/132
f 184/48/172 185/50/181 217/50/72 216/48/71
f 171/22/177 172/24/183 204/24/106 203/22/105
f 185/50/181 186/52/188 218/52/107 217/50/72
f 172/24/183 173/26/190 205/26/108 204/24/106
f 186/52/188 187/54/168 219/54/102 218/52/107
f 173/26/190 174/28/171 206/28/109 205/26/108
f 187/54/168 188/56/167 220/56/101 219/54/102
f 174/28/171 175/30/170 207/30/110 206/28/109
f 161/1/175 162/4/174 194/4/112 193/1/111
f 188/56/167 189/58/179 221/58/113 220/56/101
f 175/30/170 176/32/180 208/32/114 207/30/110
f 162/4/174 163/6/182 195/6/115 194/4/112
f 189/58/179 190/60/185 222/60/116 221/58/113
f 176/32/180 177/34/187 209/34/117 208/32/114
f 163/6/182 164/8/189 196/8/118 195/6/115
f 190/60/185 191/62/192 223/62/119 222/60/116
f 177/34/187 178/36/166 210/36/120 209/34/117
f 164/8/189 165/10/169 197/10/121 196/8/118
f 191/62/192 192/64/176 224/64/122 223/62/119
f 178/36/166 179/38/165 211/38/123 210/36/120
f 165/10/169 166/12/163 198/12/124 197/10/121
f 192/64/176 161/66/175 193/66/111 224/64/122
f 179/38/165 180/40/178 212/40/125 211/38/123
f 225/67/195 226/68/196 227/69/197 228/70/198 229/71/199 230/72/200 231/73/201 232/74/202 233/75/194 234/76/193 235/77/203 236/78/204 237/79/205 238/80/206 239/81/207 240/82/208 241/83/209 242/84/210 243/85/211 244/86/212 245/87/213 246/88/214 247/89/215 248/90/216 249/91/217 250/92/218 251/93/219 252/94/220 253/95/221 254/96/222 255/97/223 256/98/224
f 215/46/131 216/48/71 248/48/216 247/46/215
f 202/20/132 203/22/105 235/22/203 234/20/193
f 216/48/71 217/50/72 249/50/217 248/48/216
f 203/22/105 204/24/106 236/24/204 235/22/203
f 217/50/72 218/52/107 250/52/218 249/50/217
f 204/24/106 205/26/108 237/26/205 236/24/204
f 218/52/107 219/54/102 251/54/219 250/52/218
f 205/26/108 206/28/109 238/28/206 237/26/205
f 219/54/102 220/56/101 252/56/220 251/54/219
f 206/28/109 207/30/110 239/30/207 238/28/206
f 193/1/111 194/4/112 226/4/196 225/1/195
f 220/56/101 221/58/113 253/58/221 252/56/220
f 207/30/110 208/32/114 240/32/208 239/30/207
f 194/4/112 195/6/115 227/6/197 226/4/196
f 221/58/113 222/60/116 254/60/222 253/58/221
f 208/32/114 209/34/117 241/34/209 240/32/208
f 195/6/115 196/8/118 228/8/198 227/6/197
f 222/60/116 223/62/119 255/62/223 254/60/222
f 209/34/117 210/36/120 242/36/210 241/34/209
f 196/8/118 197/10/121 229/10/199 228/8/198
f 223/62/119 224/64/122 256/64/224 255/62/223
f 210/36/120 211/38/123 243/38/211 242/36/210
f 197/10/121 198/12/124 230/12/200 229/10/199
f 224/64/122 193/66/111 225/66/195 256/64/224
f 211/38/123 212/40/125 244/40/212 243/38/211
f 198/12/124 199/14/126 231/14/201 230/12/200
f 212/40/125 213/42/127 245/42/213 244/40/212
f 199/14/126 200/16/128 232/16/202 231/14/201
f 213/42/127 214/44/129 246/44/214 245/42/213
f 200/16/128 201/18/130 233/18/194 232/16/202
f 214/44/129 215/46/131 247/46/215 246/44/214
f 281/49/225 280/47/225 312/47/226 313/49/227
f 316/55/228 315/53/229 347/53/230 348/55/231
f 268/23/225 267/21/225 299/21/232 300/23/233
f 282/51/225 281/49/225 313/49/227 314/51/234
f 269/25/225 268/23/225 300/23/233 301/25/235
f 283/53/225 282/51/225 314/51/234 315/53/229
f 270/27/225 269/25/225 301/25/235 302/27/236
f 284/55/225 283/53/225 315/53/229 316/55/228
f 271/29/225 270/27/225 302/27/236 303/29/237
f 257/3/225 258/2/225 290/2/238 289/3/239
f 285/57/225 284/55/225 316/55/228 317/57/240
f 272/31/225 271/29/225 303/29/237 304/31/241
f 259/5/225 257/3/225 289/3/239 291/5/242
f 286/59/225 285/57/225 317/57/240 318/59/243
f 273/33/225 272/31/225 304/31/241 305/33/244
f 260/7/225 259/5/225 291/5/242 292/7/245
f 287/61/225 286/59/225 318/59/243 319/61/246
f 274/35/225 273/33/225 305/33/244 306/35/247
f 261/9/225 260/7/225 292/7/245 293/9/248
f 288/63/225 287/61/225 319/61/246 320/63/249
f 275/37/225 274/35/225 306/35/247 307/37/250
f 262/11/225 261/9/225 293/9/248 294/11/251
f 258/65/225 288/63/225 320/63/249 290/65/238
f 276/39/225 275/37/225 307/37/250 308/39/252
f 263/13/225 262/11/225 294/11/251 295/13/253
f 277/41/225 276/39/225 308/39/252 309/41/254
f 264/15/225 263/13/225 295/13/253 296/15/255
f 278/43/225 277/41/225 309/41/254 310/43/256
f 265/17/225 264/15/225 296/15/255 297/17/257
f 279/45/225 278/43/225 310/43/256 311/45/258
f 266/19/225 265/17/225 297/17/257 298/19/259
f 280/47/225 279/45/225 311/45/258 312/47/226
f 267/21/225 266/19/225 298/19/259 299/21/232
f 303/29/237 302/27/236 334/27/260 335/29/261
f 289/3/239 290/2/238 322/2/262 321/3/263
f 317/57/240 316/55/228 348/55/231 349/57/264
f 304/31/241 303/29/237 335/29/261 336/31/265
f 291/5/242 289/3/239 321/3/263 323/5/266
f 318/59/243 317/57/240 349/57/264 350/59/267
f 305/33/244 304/31/241 336/31/265 337/33/268
f 292/7/245 291/5/242 323/5/266 324/7/269
f 319/61/246 318/59/243 350/59/267 351/61/270
f 306/35/247 305/33/244 337/33/268 338/35/271
f 293/9/248 292/7/245 324/7/269 325/9/272
f 320/63/249 319/61/246 351/61/270 352/63/273
f 307/37/250 306/35/247 338/35/271 339/37/274
f 294/11/251 293/9/248 325/9/272 326/11/275
f 290/65/238 320/63/249 352/63/273 322/65/262
f 308/39/252 307/37/250 339/37/274 340/39/276
f 295/13/253 294/11/251 326/11/275 327/13/277
f 309/41/254 308/39/252 340/39/276 341/41/278
f 296/15/255 295/13/253 327/13/277 328/15/279
f 310/43/256 309/41/254 341/41/278 342/43/280
f 297/17/257 296/15/255 328/15/279 329/17/281
f 311/45/258 310/43/256 342/43/280 343/45/282
f 298/19/259 297/17/257 329/17/281 330/19/283
f 312/47/226 311/45/258 343/45/282 344/47/284
f 299/21/232 298/19/259 330/19/283 331/21/285
f 313/49/227 312/47/226 344/47/284 345/49/286
f 300/23/233 299/21/232 331/21/285 332/23/287
f 314/51/234 313/49/227 345/49/286 346/51/288
f 301/25/235 300/23/233 332/23/287 333/25/289
f 315/53/229 314/51/234 346/51/288 347/53/230
f 302/27/236 301/25/235 333/25/289 334/27/260
f 360/15/225 359/13/225 391/13/290 392/15/291
f 395/21/292 394/19/291 426/19/132 427/21/105
f 374/43/225 373/41/225 405/41/293 406/43/293
f 361/17/225 360/15/225 392/15/291 393/17/291
f 375/45/225 374/43/225 406/43/293 407/45/294
f 362/19/225 361/17/225 393/17/291 394/19/291
f 376/47/225 375/45/225 407/45/294 408/47/295
f 363/21/225 362/19/225 394/19/291 395/21/292
f 377/49/225 376/47/225 408/47/295 409/49/296
f 364/23/225 363/21/225 395/21/292 396/23/292
f 378/51/225 377/49/225 409/49/296 410/51/296
f 365/25/225 364/23/225 396/23/292 397/25/292
f 379/53/225 378/51/225 410/51/296 411/53/297
f 366/27/225 365/25/225 397/25/292 398/27/298
f 380/55/225 379/53/225 411/53/297 412/55/297
f 367/29/225 366/27/225 398/27/298 399/29/292
f 353/3/225 354/2/225 386/2/299 385/3/299
f 381/57/225 380/55/225 412/55/297 413/57/297
f 368/31/225 367/29/225 399/29/292 400/31/292
f 355/5/225 353/3/225 385/3/299 387/5/299
f 382/59/225 381/57/225 413/57/297 414/59/297
f 369/33/225 368/31/225 400/31/292 401/33/292
f 356/7/225 355/5/225 387/5/299 388/7/300
f 383/61/225 382/59/225 414/59/297 415/61/297
f 370/35/225 369/33/225 401/33/292 402/35/292
f 357/9/225 356/7/225 388/7/300 389/9/299
f 384/63/225 383/61/225 415/61/297 416/63/297
f 371/37/225 370/35/225 402/35/292 403/37/293
f 358/11/225 357/9/225 389/9/299 390/11/300
f 354/65/225 384/63/225 416/63/297 386/65/299
f 372/39/225 371/37/225 403/37/293 404/39/293
f 359/13/225 358/11/225 390/11/300 391/13/290
f 373/41/225 372/39/225 404/39/293 405/41/293
f 430/27/109 429/25/108 461/25/301 462/27/302
f 409/49/296 408/47/295 440/47/71 441/49/72
f 396/23/292 395/21/292 427/21/105 428/23/106
f 410/51/296 409/49/296 441/49/72 442/51/107
f 397/25/292 396/23/292 428/23/106 429/25/108
f 411/53/297 410/51/296 442/51/107 443/53/102
f 398/27/298 397/25/292 429/25/108 430/27/109
f 412/55/297 411/53/297 443/53/102 444/55/101
f 399/29/292 398/27/298 430/27/109 431/29/110
f 385/3/299 386/2/299 418/2/111 417/3/112
f 413/57/297 412/55/297 444/55/101 445/57/113
f 400/31/292 399/29/292 431/29/110 432/31/114
f 387/5/299 385/3/299 417/3/112 419/5/115
f 414/59/297 413/57/297 445/57/113 446/59/116
f 401/33/292 400/31/292 432/31/114 433/33/117
f 388/7/300 387/5/299 419/5/115 420/7/118
f 415/61/297 414/59/297 446/59/116 447/61/119
f 402/35/292 401/33/292 433/33/117 434/35/120
f 389/9/299 388/7/300 420/7/118 421/9/121
f 416/63/297 415/61/297 447/61/119 448/63/122
f 403/37/293 402/35/292 434/35/120 435/37/123
f 390/11/300 389/9/299 421/9/121 422/11/124
f 386/65/299 416/63/297 448/63/122 418/65/111
f 404/39/293 403/37/293 435/37/123 436/39/125
f 391/13/290 390/11/300 422/11/124 423/13/126
f 405/41/293 404/39/293 436/39/125 437/41/127
f 392/15/291 391/13/290 423/13/126 424/15/128
f 406/43/293 405/41/293 437/41/127 438/43/129
f 393/17/291 392/15/291 424/15/128 425/17/130
f 407/45/294 406/43/293 438/43/129 439/45/131
f 394/19/291 393/17/291 425/17/130 426/19/132
f 408/47/295 407/45/294 439/45/131 440/47/71
f 465/33/303 464/31/304 496/31/208 497/33/209
f 444/55/101 443/53/102 475/53/305 476/55/306
f 431/29/110 430/27/109 462/27/302 463/29/307
f 417/3/112 418/2/111 450/2/308 449/3/309
f 445/57/113 444/55/101 476/55/306 477/57/310
f 432/31/114 431/29/110 463/29/307 464/31/304
f 419/5/115 417/3/112 449/3/309 451/5/311
f 446/59/116 445/57/113 477/57/310 478/59/312
f 433/33/117 432/31/114 464/31/304 465/33/303
f 420/7/118 419/5/115 451/5/311 452/7/313
f 447/61/119 446/59/116 478/59/312 479/61/314
f 434/35/120 433/33/117 465/33/303 466/35/315
f 421/9/121 420/7/118 452/7/313 453/9/316
f 448/63/122 447/61/119 479/61/314 480/63/317
f 435/37/123 434/35/120 466/35/315 467/37/318
f 422/11/124 421/9/121 453/9/316 454/11/319
f 418/65/111 448/63/122 480/63/317 450/65/308
f 436/39/125 435/37/123 467/37/318 468/39/320
f 423/13/126 422/11/124 454/11/319 455/13/321
f 437/41/127 436/39/125 468/39/320 469/41/322
f 424/15/128 423/13/126 455/13/321 456/15/323
f 438/43/129 437/41/127 469/41/322 470/43/324
f 425/17/130 424/15/128 456/15/323 457/17/325
f 439/45/131 438/43/129 470/43/324 471/45/326
f 426/19/132 425/17/130 457/17/325 458/19/327
f 440/47/71 439/45/131 471/45/326 472/47/328
f 427/21/105 426/19/132 458/19/327 459/21/329
f 441/49/72 440/47/71 472/47/328 473/49/330
f 428/23/106 427/21/105 459/21/329 460/23/331
f 442/51/107 441/49/72 473/49/330 474/51/332
f 429/25/108 428/23/106 460/23/331 461/25/301
f 443/53/102 442/51/107 474/51/332 475/53/305
f 500/39/212 499/37/211 531/37/318 532/39/320
f 452/7/313 451/5/311 483/5/197 484/7/198
f 479/61/314 478/59/312 510/59/222 511/61/223
f 466/35/315 465/33/303 497/33/209 498/35/210
f 453/9/316 452/7/313 484/7/198 485/9/199
f 480/63/317 479/61/314 511/61/223 512/63/224
f 467/37/318 466/35/315 498/35/210 499/37/211
f 454/11/319 453/9/316 485/9/199 486/11/200
f 450/65/308 480/63/317 512/63/224 482/65/195
f 468/39/320 467/37/318 499/37/211 500/39/212
f 455/13/321 454/11/319 486/11/200 487/13/201
f 469/41/322 468/39/320 500/39/212 501/41/213
f 456/15/323 455/13/321 487/13/201 488/15/202
f 470/43/324 469/41/322 501/41/213 502/43/214
f 457/17/325 456/15/323 488/15/202 489/17/194
f 471/45/326 470/43/324 502/43/214 503/45/215
f 458/19/327 457/17/325 489/17/194 490/19/193
f 472/47/328 471/45/326 503/45/215 504/47/216
f 459/21/329 458/19/327 490/19/193 491/21/203
f 473/49/330 472/47/328 504/47/216 505/49/217
f 460/23/331 459/21/329 491/21/203 492/23/204
f 474/51/332 473/49/330 505/49/217 506/51/218
f 461/25/301 460/23/331 492/23/204 493/25/205
f 475/53/305 474/51/332 506/51/218 507/53/219
f 462/27/302 461/25/301 493/25/205 494/27/206
f 476/55/306 475/53/305 507/53/219 508/55/220
f 463/29/307 462/27/302 494/27/206 495/29/207
f 449/3/309 450/2/308 482/2/195 481/3/196
f 477/57/310 476/55/306 508/55/220 509/57/221
f 464/31/304 463/29/307 495/29/207 496/31/208
f 451/5/311 449/3/309 481/3/196 483/5/197
f 478/59/312 477/57/310 509/57/221 510/59/222
f 535/45/326 534/43/324 566/43/333 567/45/334
f 487/13/201 486/11/200 518/11/319 519/13/321
f 501/41/213 500/39/212 532/39/320 533/41/322
f 488/15/202 487/13/201 519/13/321 520/15/323
f 502/43/214 501/41/213 533/41/322 534/43/324
f 489/17/194 488/15/202 520/15/323 521/17/325
f 503/45/215 502/43/214 534/43/324 535/45/326
f 490/19/193 489/17/194 521/17/325 522/19/327
f 504/47/216 503/45/215 535/45/326 536/47/328
f 491/21/203 490/19/193 522/19/327 523/21/329
f 505/49/217 504/47/216 536/47/328 537/49/330
f 492/23/204 491/21/203 523/21/329 524/23/331
f 506/51/218 505/49/217 537/49/330 538/51/332
f 493/25/205 492/23/204 524/23/331 525/25/301
f 507/53/219 506/51/218 538/51/332 539/53/305
f 494/27/206 493/25/205 525/25/301 526/27/302
f 508/55/220 507/53/219 539/53/305 540/55/306
f 495/29/207 494/27/206 526/27/302 527/29/307
f 481/3/196 482/2/195 514/2/308 513/3/309
f 509/57/221 508/55/220 540/55/306 541/57/310
f 496/31/208 495/29/207 527/29/307 528/31/304
f 483/5/197 481/3/196 513/3/309 515/5/311
f 510/59/222 509/57/221 541/57/310 542/59/312
f 497/33/209 496/31/208 528/31/304 529/33/303
f 484/7/198 483/5/197 515/5/311 516/7/313
f 511/61/223 510/59/222 542/59/312 543/61/314
f 498/35/210 497/33/209 529/33/303 530/35/315
f 485/9/199 484/7/198 516/7/313 517/9/316
f 512/63/224 511/61/223 543/61/314 544/63/317
f 499/37/211 498/35/210 530/35/315 531/37/318
f 486/11/200 485/9/199 517/9/316 518/11/319
f 482/65/195 512/63/224 544/63/317 514/65/308
f 570/51/335 569/49/336 601/49/337 602/51/338
f 522/19/327 521/17/325 553/17/339 554/19/340
f 536/47/328 535/45/326 567/45/334 568/47/341
f 523/21/329 522/19/327 554/19/340 555/21/342
f 537/49/330 536/47/328 568/47/341 569/49/336
f 524/23/331 523/21/329 555/21/342 556/23/343
f 538/51/332 537/49/330 569/49/336 570/51/335
f 525/25/301 524/23/331 556/23/343 557/25/344
f 539/53/305 538/51/332 570/51/335 571/53/345
f 526/27/302 525/25/301 557/25/344 558/27/346
f 540/55/306 539/53/305 571/53/345 572/55/347
f 527/29/307 526/27/302 558/27/346 559/29/348
f 513/3/309 514/2/308 546/2/349 545/3/350
f 541/57/310 540/55/306 572/55/347 573/57/351
f 528/31/304 527/29/307 559/29/348 560/31/352
f 515/5/311 513/3/309 545/3/350 547/5/353
f 542/59/312 541/57/310 573/57/351 574/59/354
f 529/33/303 528/31/304 560/31/352 561/33/355
f 516/7/313 515/5/311 547/5/353 548/7/356
f 543/61/314 542/59/312 574/59/354 575/61/357
f 530/35/315 529/33/303 561/33/355 562/35/358
f 517/9/316 516/7/313 548/7/356 549/9/359
f 544/63/317 543/61/314 575/61/357 576/63/360
f 531/37/318 530/35/315 562/35/358 563/37/361
f 518/11/319 517/9/316 549/9/359 550/11/362
f 514/65/308 544/63/317 576/63/360 546/65/349
f 532/39/320 531/37/318 563/37/361 564/39/363
f 519/13/321 518/11/319 550/11/362 551/13/364
f 533/41/322 532/39/320 564/39/363 565/41/365
f 520/15/323 519/13/321 551/13/364 552/15/366
f 534/43/324 533/41/322 565/41/365 566/43/333
f 521/17/325 520/15/323 552/15/366 553/17/339
f 603/53/367 602/51/338 634/51/368 635/53/368
f 557/25/344 556/23/343 588/23/369 589/25/370
f 571/53/345 570/51/335 602/51/338 603/53/367
f 558/27/346 557/25/344 589/25/370 590/27/371
f 572/55/347 571/53/345 603/53/367 604/55/372
f 559/29/348 558/27/346 590/27/371 591/29/373
f 545/3/350 546/2/349 578/2/374 577/3/375
f 573/57/351 572/55/347 604/55/372 605/57/376
f 560/31/352 559/29/348 591/29/373 592/31/377
f 547/5/353 545/3/350 577/3/375 579/5/378
f 574/59/354 573/57/351 605/57/376 606/59/379
f 561/33/355 560/31/352 592/31/377 593/33/380
f 548/7/356 547/5/353 579/5/378 580/7/381
f 575/61/357 574/59/354 606/59/379 607/61/382
f 562/35/358 561/33/355 593/33/380 594/35/383
f 549/9/359 548/7/356 580/7/381 581/9/384
f 576/63/360 575/61/357 607/61/382 608/63/385
f 563/37/361 562/35/358 594/35/383 595/37/386
f 550/11/362 549/9/359 581/9/384 582/11/387
f 546/65/349 576/63/360 608/63/385 578/65/374
f 564/39/363 563/37/361 595/37/386 596/39/388
f 551/13/364 550/11/362 582/11/387 583/13/389
f 565/41/365 564/39/363 596/39/388 597/41/390
f 552/15/366 551/13/364 583/13/389 584/15/391
f 566/43/333 565/41/365 597/41/390 598/43/392
f 553/17/339 552/15/366 584/15/391 585/17/393
f 567/45/334 566/43/333 598/43/392 599/45/394
f 554/19/340 553/17/339 585/17/393 586/19/395
f 568/47/341 567/45/334 599/45/394 600/47/396
f 555/21/342 554/19/340 586/19/395 587/21/397
f 569/49/336 568/47/341 600/47/396 601/49/337
f 556/23/343 555/21/342 587/21/397 588/23/369
f 611/5/368 609/3/368 641/3/398 643/5/399
f 590/27/371 589/25/370 621/25/368 622/27/368
f 604/55/372 603/53/367 635/53/368 636/55/368
f 591/29/373 590/27/371 622/27/368 623/29/368
f 577/3/375 578/2/374 610/2/368 609/3/368
f 605/57/376 604/55/372 636/55/368 637/57/368
f 592/31/377 591/29/373 623/29/368 624/31/368
f 579/5/378 577/3/375 609/3/368 611/5/368
f 606/59/379 605/57/376 637/57/368 638/59/368
f 593/33/380 592/31/377 624/31/368 625/33/368
f 580/7/381 579/5/378 611/5/368 612/7/368
f 607/61/382 606/59/379 638/59/368 639/61/368
f 594/35/383 593/33/380 625/33/368 626/35/368
f 581/9/384 580/7/381 612/7/368 613/9/368
f 608/63/385 607/61/382 639/61/368 640/63/368
f 595/37/386 594/35/383 626/35/368 627/37/368
f 582/11/387 581/9/384 613/9/368 614/11/368
f 578/65/374 608/63/385 640/63/368 610/65/368
f 596/39/388 595/37/386 627/37/368 628/39/368
f 583/13/389 582/11/387 614/11/368 615/13/368
f 597/41/390 596/39/388 628/39/368 629/41/368
f 584/15/391 583/13/389 615/13/368 616/15/368
f 598/43/392 597/41/390 629/41/368 630/43/368
f 585/17/393 584/15/391 616/15/368 617/17/368
f 599/45/394 598/43/392 630/43/368 631/45/368
f 586/19/395 585/17/393 617/17/368 618/19/368
f 600/47/396 599/45/394 631/45/368 632/47/368
f 587/21/397 586/19/395 618/19/368 619/21/368
f 601/49/337 600/47/396 632/47/368 633/49/368
f 588/23/369 587/21/397 619/21/368 620/23/368
f 602/51/338 601/49/337 633/49/368 634/51/368
f 589/25/370 588/23/369 620/23/368 621/25/368
f 665/49/400 664/47/401 696/47/402 697/49/403
f 638/59/368 637/57/368 669/57/404 670/59/405
f 625/33/368 624/31/368 656/31/406 657/33/407
f 612/7/368 611/5/368 643/5/399 644/7/408
f 639/61/368 638/59/368 670/59/405 671/61/409
f 626/35/368 625/33/368 657/33/407 658/35/410
f 613/9/368 612/7/368 644/7/408 645/9/411
f 640/63/368 639/61/368 671/61/409 672/63/412
f 627/37/368 626/35/368 658/35/410 659/37/413
f 614/11/368 613/9/368 645/9/411 646/11/414
f 610/65/368 640/63/368 672/63/412 642/65/415
f 628/39/368 627/37/368 659/37/413 660/39/416
f 615/13/368 614/11/368 646/11/414 647/13/417
f 629/41/368 628/39/368 660/39/416 661/41/418
f 616/15/368 615/13/368 647/13/417 648/15/419
f 630/43/368 629/41/368 661/41/418 662/43/420
f 617/17/368 616/15/368 648/15/419 649/17/421
f 631/45/368 630/43/368 662/43/420 663/45/422
f 618/19/368 617/17/368 649/17/421 650/19/423
f 632/47/368 631/45/368 663/45/422 664/47/401
f 619/21/368 618/19/368 650/19/423 651/21/424
f 633/49/368 632/47/368 664/47/401 665/49/400
f 620/23/368 619/21/368 651/21/424 652/23/425
f 634/51/368 633/49/368 665/49/400 666/51/426
f 621/25/368 620/23/368 652/23/425 653/25/427
f 635/53/368 634/51/368 666/51/426 667/53/428
f 622/27/368 621/25/368 653/25/427 654/27/429
f 636/55/368 635/53/368 667/53/428 668/55/430
f 623/29/368 622/27/368 654/27/429 655/29/431
f 609/3/368 610/2/368 642/2/415 641/3/398
f 637/57/368 636/55/368 668/55/430 669/57/404
f 624/31/368 623/29/368 655/29/431 656/31/406
f 676/7/432 675/5/433 707/5/413 708/7/416
f 652/23/425 651/21/424 683/21/434 684/23/435
f 666/51/426 665/49/400 697/49/403 698/51/436
f 653/25/427 652/23/425 684/23/435 685/25/437
f 667/53/428 666/51/426 698/51/436 699/53/438
f 654/27/429 653/25/427 685/25/437 686/27/439
f 668/55/430 667/53/428 699/53/438 700/55/440
f 655/29/431 654/27/429 686/27/439 687/29/441
f 641/3/398 642/2/415 674/2/442 673/3/443
f 669/57/404 668/55/430 700/55/440 701/57/444
f 656/31/406 655/29/431 687/29/441 688/31/445
f 643/5/399 641/3/398 673/3/443 675/5/433
f 670/59/405 669/57/404 701/57/444 702/59/446
f 657/33/407 656/31/406 688/31/445 689/33/447
f 644/7/408 643/5/399 675/5/433 676/7/432
f 671/61/409 670/59/405 702/59/446 703/61/448
f 658/35/410 657/33/407 689/33/447 690/35/449
f 645/9/411 644/7/408 676/7/432 677/9/450
f 672/63/412 671/61/409 703/61/448 704/63/451
f 659/37/413 658/35/410 690/35/449 691/37/452
f 646/11/414 645/9/411 677/9/450 678/11/453
f 642/65/415 672/63/412 704/63/451 674/65/442
f 660/39/416 659/37/413 691/37/452 692/39/454
f 647/13/417 646/11/414 678/11/453 679/13/455
f 661/41/418 660/39/416 692/39/454 693/41/456
f 648/15/419 647/13/417 679/13/455 680/15/457
f 662/43/420 661/41/418 693/41/456 694/43/458
f 649/17/421 648/15/419 680/15/457 681/17/459
f 663/45/422 662/43/420 694/43/458 695/45/460
f 650/19/423 649/17/421 681/17/459 682/19/461
f 664/47/401 663/45/422 695/45/460 696/47/402
f 651/21/424 650/19/423 682/19/461 683/21/434
f 707/5/413 705/3/410 737/3/449 739/5/452
f 703/61/448 702/59/446 734/59/429 735/61/431
f 690/35/449 689/33/447 721/33/415 722/35/398
f 677/9/450 676/7/432 708/7/416 709/9/462
f 704/63/451 703/61/448 735/61/431 736/63/406
f 691/37/452 690/35/449 722/35/398 723/37/399
f 678/11/453 677/9/450 709/9/462 710/11/420
f 674/65/442 704/63/451 736/63/406 706/65/407
f 692/39/454 691/37/452 723/37/399 724/39/408
f 679/13/455 678/11/453 710/11/420 711/13/422
f 693/41/456 692/39/454 724/39/408 725/41/411
f 680/15/457 679/13/455 711/13/422 712/15/401
f 694/43/458 693/41/456 725/41/411 726/43/414
f 681/17/459 680/15/457 712/15/401 713/17/400
f 695/45/460 694/43/458 726/43/414 727/45/417
f 682/19/461 681/17/459 713/17/400 714/19/426
f 696/47/402 695/45/460 727/45/417 728/47/463
f 683/21/434 682/19/461 714/19/426 715/21/428
f 697/49/403 696/47/402 728/47/463 729/49/421
f 684/23/435 683/21/434 715/21/428 716/23/430
f 698/51/436 697/49/403 729/49/421 730/51/423
f 685/25/437 684/23/435 716/23/430 717/25/404
f 699/53/438 698/51/436 730/51/423 731/53/424
f 686/27/439 685/25/437 717/25/404 718/27/405
f 700/55/440 699/53/438 731/53/424 732/55/425
f 687/29/441 686/27/439 718/27/405 719/29/409
f 673/3/443 674/2/442 706/2/407 705/3/410
f 701/57/444 700/55/440 732/55/425 733/57/427
f 688/31/445 687/29/441 719/29/409 720/31/412
f 675/5/433 673/3/443 705/3/410 707/5/413
f 702/59/446 701/57/444 733/57/427 734/59/429
f 689/33/447 688/31/445 720/31/412 721/33/415
f 737/99/449 738/100/447 768/101/445 767/102/464 766/103/439 765/104/437 764/105/435 763/106/434 762/107/461 761/108/459 760/109/457 759/110/455 758/111/453 757/112/450 756/113/432 755/114/465 754/115/443 753/116/442 752/117/451 751/118/448 750/119/446 749/120/444 748/121/440 747/122/438 746/123/436 745/124/403 744/125/402 743/126/460 742/127/458 741/128/456 740/129/454 739/130/452
f 734/59/429 733/57/427 765/57/437 766/59/439
f 721/33/415 720/31/412 752/31/451 753/33/442
f 708/7/416 707/5/413 739/5/452 740/7/454
f 735/61/431 734/59/429 766/59/439 767/61/464
f 722/35/398 721/33/415 753/33/442 754/35/443
f 709/9/462 708/7/416 740/7/454 741/9/456
f 736/63/406 735/61/431 767/61/464 768/63/445
f 723/37/399 722/35/398 754/35/443 755/37/465
f 710/11/420 709/9/462 741/9/456 742/11/458
f 706/65/407 736/63/406 768/63/445 738/65/447
f 724/39/408 723/37/399 755/37/465 756/39/432
f 711/13/422 710/11/420 742/11/458 743/13/460
f 725/41/411 724/39/408 756/39/432 757/41/450
f 712/15/401 711/13/422 743/13/460 744/15/402
f 726/43/414 725/41/411 757/41/450 758/43/453
f 713/17/400 712/15/401 744/15/402 745/17/403
f 727/45/417 726/43/414 758/43/453 759/45/455
f 714/19/426 713/17/400 745/17/403 746/19/436
f 728/47/463 727/45/417 759/45/455 760/47/457
f 715/21/428 714/19/426 746/19/436 747/21/438
f 729/49/421 728/47/463 760/47/457 761/49/459
f 716/23/430 715/21/428 747/21/438 748/23/440
f 730/51/423 729/49/421 761/49/459 762/51/461
f 717/25/404 716/23/430 748/23/440 749/25/444
f 731/53/424 730/51/423 762/51/461 763/53/434
f 718/27/405 717/25/404 749/25/444 750/27/446
f 732/55/425 731/53/424 763/53/434 764/55/435
f 719/29/409 718/27/405 750/27/446 751/29/448
f 705/3/410 706/2/407 738/2/447 737/3/449
f 733/57/427 732/55/425 764/55/435 765/57/437
f 720/31/412 719/29/409 751/29/448 752/31/451
f 771/131/466 772/132/467 770/25/468 769/41/469
f 774/133/470 775/20/471 776/20/472 773/134/473
f 778/22/474 776/20/472 775/20/471 777/22/475
f 780/135/476 778/22/474 777/22/475 779/24/477
f 780/24/476 779/24/477 781/26/478 782/26/479
f 782/26/479 781/26/478 783/28/480 784/28/481
f 786/136/482 784/28/481 783/28/480 785/137/483
f 785/138/483 769/139/469 770/140/468 786/141/482
f 773/142/473 772/132/467 771/131/466 774/143/470
f 774/144/470 771/131/466 769/145/469 785/146/483 783/147/480 781/148/478 779/149/477 777/150/475 775/151/471
f 784/152/481 786/153/482 770/154/468 772/132/467 773/155/473 776/156/472 778/157/474 780/158/476 782/159/479
f 789/131/484 790/132/485 788/25/486 787/41/487
f 792/133/488 793/20/489 794/20/490 791/134/491
f 796/22/492 794/20/490 793/20/489 795/22/493
f 798/135/494 796/22/492 795/22/493 797/24/495
f 798/24/494 797/24/495 799/26/496 800/26/497
f 800/26/497 799/26/496 801/28/498 802/28/499
f 804/136/500 802/28/499 801/28/498 803/137/501
f 803/138/501 787/139/487 788/140/486 804/141/500
f 791/142/491 790/132/485 789/131/484 792/143/488
f 792/144/488 789/131/484 787/145/487 803/146/501 801/147/498 799/148/496 797/149/495 795/150/493 793/151/489
f 802/152/499 804/153/500 788/154/486 790/132/485 791/155/491 794/156/490 796/157/492 798/158/494 800/159/497
f 807/131/502 808/132/503 806/25/504 805/41/505
f 810/133/506 811/20/507 812/20/508 809/134/509
f 814/22/510 812/20/508 811/20/507 813/22/511
f 816/135/512 814/22/510 813/22/511 815/24/513
f 816/24/512 815/24/513 817/26/514 818/26/515
f 818/26/515 817/26/514 819/28/516 820/28/517
f 822/136/518 820/28/517 819/28/516 821/137/519
f 821/138/519 805/139/505 806/140/504 822/141/518
f 809/142/509 808/132/503 807/131/502 810/143/506
f 810/144/506 807/131/502 805/145/505 821/146/519 819/147/516 817/148/514 815/149/513 813/150/511 811/151/507
f 820/152/517 822/153/518 806/154/504 808/132/503 809/155/509 812/156/508 814/157/510 816/158/512 818/159/515
f 825/131/520 826/132/521 824/25/522 823/41/523
f 828/133/524 829/20/525 830/20/526 827/134/527
f 832/22/528 830/20/526 829/20/525 831/22/529
f 834/135/530 832/22/528 831/22/529 833/24/531
f 834/24/530 833/24/531 835/26/532 836/26/533
f 836/26/533 835/26/532 837/28/534 838/28/535
f 840/136/536 838/28/535 837/28/534 839/137/537
f 839/138/537 823/139/523 824/140/522 840/141/536
f 827/142/527 826/132/521 825/131/520 828/143/524
f 828/144/524 825/131/520 823/145/523 839/146/537 837/147/534 835/148/532 833/149/531 831/150/529 829/151/525
f 838/152/535 840/153/536 824/154/522 826/132/521 827/155/527 830/156/526 832/157/528 834/158/530 836/159/533
f 843/131/538 844/132/539 842/25/540 841/41/541
f 846/133/542 847/20/543 848/20/544 845/134/545
f 850/22/546 848/20/544 847/20/543 849/22/547
f 852/135/548 850/22/546 849/22/547 851/24/549
f 852/24/548 851/24/549 853/26/550 854/26/551
f 854/26/551 853/26/550 855/28/552 856/28/553
f 858/136/554 856/28/553 855/28/552 857/137/555
f 857/138/555 841/139/541 842/140/540 858/141/554
f 845/142/545 844/132/539 843/131/538 846/143/542
f 846/144/542 843/131/538 841/145/541 857/146/555 855/147/552 853/148/550 851/149/549 849/150/547 847/151/543
f 856/152/553 858/153/554 842/154/540 844/132/539 845/155/545 848/156/544 850/157/546 852/158/548 854/159/551
f 861/131/556 862/132/557 860/25/558 859/41/559
f 864/133/560 865/20/561 866/20/562 863/134/563
f 868/22/564 866/20/562 865/20/561 867/22/565
f 870/135/566 868/22/564 867/22/565 869/24/567
f 870/24/566 869/24/567 871/26/568 872/26/569
f 872/26/569 871/26/568 873/28/570 874/28/571
f 876/136/572 874/28/571 873/28/570 875/137/573
f 875/138/573 859/139/559 860/140/558 876/141/572
f 863/142/563 862/132/557 861/131/556 864/143/560
f 864/144/560 861/131/556 859/145/559 875/146/573 873/147/570 871/148/568 869/149/567 867/150/565 865/151/561
f 874/152/571 876/153/572 860/154/558 862/132/557 863/155/563 866/156/562 868/157/564 870/158/566 872/159/569
f 941/160/154 884/161/574 880/132/575 917/162/162
f 1013/163/141 889/164/576 878/25/577 916/165/151
f 888/166/225 883/167/578 879/131/579 885/168/580
f 892/169/368 882/170/581 878/154/577 889/171/576
f 916/172/151 878/140/577 882/173/581 965/174/159
f 884/161/574 887/175/368 886/176/576 880/132/575
f 890/177/225 888/166/225 885/168/580 891/178/580
f 917/162/162 880/132/575 886/179/576 989/180/141
f 881/181/582 890/177/225 891/178/580 877/145/583
f 887/175/368 892/169/368 889/171/576 886/176/576
f 989/180/141 886/179/576 889/164/576 1013/163/141
f 885/182/580 1012/183/141 1036/184/141 891/185/580
f 1012/183/141 1011/186/141 1035/187/141 1036/184/141
f 1011/186/141 1010/188/141 1034/189/141 1035/187/141
f 1010/188/141 1009/190/141 1033/191/141 1034/189/141
f 1009/190/141 1008/192/141 1032/193/141 1033/191/141
f 1008/192/141 1007/194/141 1031/195/141 1032/193/141
f 1007/194/141 1006/196/141 1030/197/141 1031/195/141
f 1006/196/141 1005/198/141 1029/199/141 1030/197/141
f 1005/198/141 1004/200/141 1028/201/141 1029/199/141
f 1004/200/141 1003/202/141 1027/203/141 1028/201/141
f 1003/202/141 1002/204/141 1026/205/141 1027/203/141
f 1002/204/141 1001/206/141 1025/207/141 1026/205/141
f 1001/206/141 1000/208/141 1024/209/141 1025/207/141
f 1000/208/141 999/210/141 1023/211/141 1024/209/141
f 999/210/141 998/212/141 1022/213/141 1023/211/141
f 998/212/141 997/214/141 1021/215/141 1022/213/141
f 997/214/141 996/216/141 1020/217/141 1021/215/141
f 996/216/141 995/218/141 1019/219/141 1020/217/141
f 995/218/141 994/220/141 1018/221/141 1019/219/141
f 994/220/141 993/222/141 1017/223/141 1018/221/141
f 993/222/141 992/224/141 1016/225/141 1017/223/141
f 992/224/141 991/226/141 1015/227/141 1016/225/141
f 991/226/141 990/228/141 1014/229/141 1015/227/141
f 990/228/141 989/180/141 1013/163/141 1014/229/141
f 879/131/579 940/230/162 1012/183/141 885/182/580
f 940/230/162 939/231/162 1011/186/141 1012/183/141
f 939/231/162 938/232/162 1010/188/141 1011/186/141
f 938/232/162 937/233/162 1009/190/141 1010/188/141
f 937/233/162 936/234/162 1008/192/141 1009/190/141
f 936/234/162 935/235/162 1007/194/141 1008/192/141
f 935/235/162 934/236/162 1006/196/141 1007/194/141
f 934/236/162 933/237/162 1005/198/141 1006/196/141
f 933/237/162 932/238/162 1004/200/141 1005/198/141
f 932/238/162 931/239/162 1003/202/141 1004/200/141
f 931/239/162 930/240/162 1002/204/141 1003/202/141
f 930/240/162 929/241/162 1001/206/141 1002/204/141
f 929/241/162 928/242/162 1000/208/141 1001/206/141
f 928/242/162 927/243/162 999/210/141 1000/208/141
f 927/243/162 926/244/162 998/212/141 999/210/141
f 926/244/162 925/245/162 997/214/141 998/212/141
f 925/245/162 924/246/162 996/216/141 997/214/141
f 924/246/162 923/247/162 995/218/141 996/216/141
f 923/247/162 922/248/162 994/220/141 995/218/141
f 922/248/162 921/249/162 993/222/141 994/220/141
f 921/249/162 920/250/162 992/224/141 993/222/141
f 920/250/162 919/251/162 991/226/141 992/224/141
f 919/251/162 918/252/162 990/228/141 991/226/141
f 918/252/162 917/162/162 989/180/141 990/228/141
f 877/139/583 893/253/151 988/254/159 881/255/582
f 893/253/151 894/256/151 987/257/159 988/254/159
f 894/256/151 895/258/151 986/259/159 987/257/159
f 895/258/151 896/260/151 985/261/159 986/259/159
f 896/260/151 897/262/151 984/263/159 985/261/159
f 897/262/151 898/264/151 983/265/159 984/263/159
f 898/264/151 899/266/151 982/267/159 983/265/159
f 899/266/151 900/268/151 981/269/159 982/267/159
f 900/268/151 901/270/151 980/271/159 981/269/159
f 901/270/151 902/272/151 979/273/159 980/271/159
f 902/272/151 903/274/151 978/275/159 979/273/159
f 903/274/151 904/276/151 977/277/159 978/275/159
f 904/276/151 905/278/151 976/279/159 977/277/159
f 905/278/151 906/280/151 975/281/159 976/279/159
f 906/280/151 907/282/151 974/283/159 975/281/159
f 907/282/151 908/284/151 973/285/159 974/283/159
f 908/284/151 909/286/151 972/287/159 973/285/159
f 909/286/151 910/288/151 971/289/159 972/287/159
f 910/288/151 911/290/151 970/291/159 971/289/159
f 911/290/151 912/292/151 969/293/159 970/291/159
f 912/292/151 913/294/151 968/295/159 969/293/159
f 913/294/151 914/296/151 967/297/159 968/295/159
f 914/296/151 915/298/151 966/299/159 967/297/159
f 915/298/151 916/172/151 965/174/159 966/299/159
f 891/185/580 1036/184/141 893/300/151 877/41/583
f 1036/184/141 1035/187/141 894/301/151 893/300/151
f 1035/187/141 1034/189/141 895/302/151 894/301/151
f 1034/189/141 1033/191/141 896/303/151 895/302/151
f 1033/191/141 1032/193/141 897/304/151 896/303/151
f 1032/193/141 1031/195/141 898/305/151 897/304/151
f 1031/195/141 1030/197/141 899/306/151 898/305/151
f 1030/197/141 1029/199/141 900/307/151 899/306/151
f 1029/199/141 1028/201/141 901/308/151 900/307/151
f 1028/201/141 1027/203/141 902/309/151 901/308/151
f 1027/203/141 1026/205/141 903/310/151 902/309/151
f 1026/205/141 1025/207/141 904/311/151 903/310/151
f 1025/207/141 1024/209/141 905/312/151 904/311/151
f 1024/209/141 1023/211/141 906/313/151 905/312/151
f 1023/211/141 1022/213/141 907/314/151 906/313/151
f 1022/213/141 1021/215/141 908/315/151 907/314/151
f 1021/215/141 1020/217/141 909/316/151 908/315/151
f 1020/217/141 1019/219/141 910/317/151 909/316/151
f 1019/219/141 1018/221/141 911/318/151 910/317/151
f 1018/221/141 1017/223/141 912/319/151 911/318/151
f 1017/223/141 1016/225/141 913/320/151 912/319/151
f 1016/225/141 1015/227/141 914/321/151 913/320/151
f 1015/227/141 1014/229/141 915/322/151 914/321/151
f 1014/229/141 1013/163/141 916/165/151 915/322/151
f 883/167/578 964/323/154 940/230/162 879/131/579
f 964/323/154 963/324/154 939/231/162 940/230/162
f 963/324/154 962/325/154 938/232/162 939/231/162
f 962/325/154 961/326/154 937/233/162 938/232/162
f 961/326/154 960/327/154 936/234/162 937/233/162
f 960/327/154 959/328/154 935/235/162 936/234/162
f 959/328/154 958/329/154 934/236/162 935/235/162
f 958/329/154 957/330/154 933/237/162 934/236/162
f 957/330/154 956/331/154 932/238/162 933/237/162
f 956/331/154 955/332/154 931/239/162 932/238/162
f 955/332/154 954/333/154 930/240/162 931/239/162
f 954/333/154 953/334/154 929/241/162 930/240/162
f 953/334/154 952/335/154 928/242/162 929/241/162
f 952/335/154 951/336/154 927/243/162 928/242/162
f 951/336/154 950/337/154 926/244/162 927/243/162
f 950/337/154 949/338/154 925/245/162 926/244/162
f 949/338/154 948/339/154 924/246/162 925/245/162
f 948/339/154 947/340/154 923/247/162 924/246/162
f 947/340/154 946/341/154 922/248/162 923/247/162
f 946/341/154 945/342/154 921/249/162 922/248/162
f 945/342/154 944/343/154 920/250/162 921/249/162
f 944/343/154 943/344/154 919/251/162 920/250/162
f 943/344/154 942/345/154 918/252/162 919/251/162
f 942/345/154 941/160/154 917/162/162 918/252/162
f 2677/7/142 2676/5/139 2639/5/139 2640/7/142
f 2693/61/143 2692/59/140 2666/59/140 2667/61/143
f 2709/35/144 2708/33/141 2653/33/141 2654/35/144
f 2717/9/145 2677/7/142 2640/7/142 2641/9/145
f 2725/63/146 2693/61/143 2667/61/143 2668/63/146
f 2733/37/147 2709/35/144 2654/35/144 2655/37/147
f 2741/11/148 2717/9/145 2641/9/145 2642/11/148
f 2749/65/135 2725/63/146 2668/63/146 2638/65/135
f 2757/39/149 2733/37/147 2655/37/147 2656/39/149
f 2765/13/150 2741/11/148 2642/11/148 2643/13/150
f 2773/41/151 2757/39/149 2656/39/149 2657/41/151
f 2781/603/152 2765/13/150 2643/13/150 2644/15/152
f 2789/43/153 2773/41/151 2657/41/151 2658/43/153
f 2797/17/154 2781/603/152 2644/15/152 2645/17/154
f 2805/45/155 2789/43/153 2658/43/153 2659/45/155
f 2813/19/156 2797/17/154 2645/17/154 2646/19/156
f 2821/47/157 2805/45/155 2659/45/155 2660/47/157
f 2829/21/158 2813/19/156 2646/19/156 2647/21/158
f 2837/49/159 2821/47/157 2660/47/157 2661/49/159
f 2845/23/160 2829/21/158 2647/21/158 2648/23/160
f 2853/51/161 2837/49/159 2661/49/159 2662/51/161
f 2861/25/162 2845/23/160 2648/23/160 2649/25/162
f 2869/53/103 2853/51/161 2662/51/161 2663/53/103
f 2877/27/133 2861/25/162 2649/25/162 2650/27/133
f 2885/55/104 2869/53/103 2663/53/103 2664/55/104
f 2893/29/134 2877/27/133 2650/27/133 2651/29/134
f 2901/3/136 2749/2/135 2638/2/135 2637/3/136
f 2909/57/137 2885/55/104 2664/55/104 2665/57/137
f 2917/31/138 2893/29/134 2651/29/134 2652/31/138
f 2676/5/139 2901/3/136 2637/3/136 2639/5/139
f 2692/59/140 2909/57/137 2665/57/137 2666/59/140
f 2708/33/141 2917/31/138 2652/31/138 2653/33/141
f 2701/33/1419 2924/31/1420 2953/31/1420 2956/33/1419
f 2685/59/1421 2916/57/1422 2952/57/1422 2955/59/1421
f 2669/5/1423 2908/3/1424 2951/3/1424 2954/5/1423
f 2924/31/1420 2900/29/1425 2950/29/1425 2953/31/1420
f 2916/57/1422 2892/55/1426 2949/55/1426 2952/57/1422
f 2908/3/1424 2756/2/1427 2932/2/1427 2951/3/1424
f 2900/29/1425 2884/27/1428 2948/27/1428 2950/29/1425
f 2892/55/1426 2876/53/1429 2947/53/1429 2949/55/1426
f 2884/27/1428 2868/25/1430 2946/25/1430 2948/27/1428
f 2876/53/1429 2860/51/1431 2945/51/1431 2947/53/1429
f 2868/25/1430 2852/23/1432 2944/23/1432 2946/25/1430
f 2860/51/1431 2844/49/1433 2943/49/1433 2945/51/1431
f 2852/23/1432 2836/21/1434 2942/21/1434 2944/23/1432
f 2844/49/1433 2828/47/1435 2941/47/1435 2943/49/1433
f 2836/21/1434 2820/19/1436 2940/19/1436 2942/21/1434
f 2828/47/1435 2812/45/1437 2939/45/1437 2941/47/1435
f 2820/19/1436 2804/17/1438 2938/17/1438 2940/19/1436
f 2812/45/1437 2796/43/1439 2937/43/1439 2939/45/1437
f 2804/17/1438 2788/15/1440 2936/15/1440 2938/17/1438
f 2796/43/1439 2780/41/1441 2935/41/1441 2937/43/1439
f 2788/15/1440 2772/13/1442 2934/13/1442 2936/15/1440
f 2780/41/1441 2764/39/1443 2933/39/1443 2935/41/1441
f 2772/13/1442 2748/11/1444 2931/11/1444 2934/13/1442
f 2764/39/1443 2740/37/1445 2930/37/1445 2933/39/1443
f 2756/65/1427 2732/63/1446 2929/63/1446 2932/65/1427
f 2748/11/1444 2724/9/1447 2928/9/1447 2931/11/1444
f 2740/37/1445 2716/35/1448 2927/35/1448 2930/37/1445
f 2732/63/1446 2700/61/1449 2926/61/1449 2929/63/1446
f 2724/9/1447 2684/7/1450 2925/7/1450 2928/9/1447
f 2716/35/1448 2701/33/1419 2956/33/1419 2927/35/1448
f 2700/61/1449 2685/59/1421 2955/59/1421 2926/61/1449
f 2684/7/1450 2669/5/1423 2954/5/1423 2925/7/1450
f 2702/33/1451 2923/31/1452 2985/31/1452 2988/33/1451
f 2686/59/1453 2915/57/1454 2984/57/1454 2987/59/1453
f 2670/5/1455 2907/3/1456 2983/3/1456 2986/5/1455
f 2923/31/1452 2899/29/1457 2982/29/1457 2985/31/1452
f 2915/57/1454 2891/55/1458 2981/55/1458 2984/57/1454
f 2907/3/1456 2755/2/1459 2964/2/1459 2983/3/1456
f 2899/29/1457 2883/27/1460 2980/27/1460 2982/29/1457
f 2891/55/1458 2875/53/1461 2979/53/1461 2981/55/1458
f 2883/27/1460 2867/25/1462 2978/25/1462 2980/27/1460
f 2875/53/1461 2859/51/1463 2977/51/1463 2979/53/1461
f 2867/25/1462 2851/23/1464 2976/23/1464 2978/25/1462
f 2859/51/1463 2843/49/1465 2975/49/1465 2977/51/1463
f 2851/23/1464 2835/600/1466 2974/600/1466 2976/23/1464
f 2843/49/1465 2827/47/1467 2973/47/1467 2975/49/1465
f 2835/600/1466 2819/19/1468 2972/19/1468 2974/600/1466
f 2827/47/1467 2811/45/1469 2971/45/1469 2973/47/1467
f 2819/19/1468 2803/17/1470 2970/17/1470 2972/19/1468
f 2811/45/1469 2795/602/1471 2969/602/1471 2971/45/1469
f 2803/17/1470 2787/15/1472 2968/15/1472 2970/17/1470
f 2795/602/1471 2779/41/1473 2967/41/1473 2969/602/1471
f 2787/15/1472 2771/13/1474 2966/13/1474 2968/15/1472
f 2779/41/1473 2763/39/1475 2965/39/1475 2967/41/1473
f 2771/13/1474 2747/606/1476 2963/11/1476 2966/13/1474
f 2763/39/1475 2739/37/1477 2962/37/1477 2965/39/1475
f 2755/65/1459 2731/63/1478 2961/63/1478 2964/65/1459
f 2747/606/1476 2723/9/1479 2960/9/1479 2963/11/1476
f 2739/37/1477 2715/35/1480 2959/35/1480 2962/37/1477
f 2731/63/1478 2699/61/1481 2958/61/1481 2961/63/1478
f 2723/9/1479 2683/7/1482 2957/7/1482 2960/9/1479
f 2715/35/1480 2702/33/1451 2988/33/1451 2959/35/1480
f 2699/61/1481 2686/59/1453 2987/59/1453 2958/61/1481
f 2683/7/1482 2670/5/1455 2986/5/1455 2957/7/1482
f 2703/33/1483 2922/31/1484 3017/31/1484 3020/33/1483
f 2687/59/1485 2914/57/1486 3016/57/1486 3019/59/1485
f 2671/598/1487 2906/597/1488 3015/597/1488 3018/598/1487
f 2922/31/1484 2898/29/1489 3014/29/1489 3017/31/1484
f 2914/57/1486 2890/55/1490 3013/55/1490 3016/57/1486
f 2906/597/1488 2754/2/1491 2996/2/1491 3015/597/1488
f 2898/29/1489 2882/27/1492 3012/27/1492 3014/29/1489
f 2890/55/1490 2874/53/1493 3011/53/1493 3013/55/1490
f 2882/27/1492 2866/25/1494 3010/25/1494 3012/27/1492
f 2874/53/1493 2858/51/1495 3009/51/1495 3011/53/1493
f 2866/25/1494 2850/599/1496 3008/599/1496 3010/25/1494
f 2858/51/1495 2842/49/1497 3007/49/1497 3009/51/1495
f 2850/599/1496 2834/600/1498 3006/600/1498 3008/599/1496
f 2842/49/1497 2826/47/1499 3005/47/1499 3007/49/1497
f 2834/600/1498 2818/601/1500 3004/601/1500 3006/600/1498
f 2826/47/1499 2810/45/1501 3003/45/1501 3005/47/1499
f 2818/601/1500 2802/17/1502 3002/17/1502 3004/601/1500
f 2810/45/1501 2794/602/1503 3001/602/1503 3003/45/1501
f 2802/17/1502 2786/15/1504 3000/15/1504 3002/17/1502
f 2794/602/1503 2778/41/1505 2999/41/1505 3001/602/1503
f 2786/15/1504 2770/604/1506 2998/604/1506 3000/15/1504
f 2778/41/1505 2762/605/1507 2997/605/1507 2999/41/1505
f 2770/604/1506 2746/11/1508 2995/11/1508 2998/604/1506
f 2762/605/1507 2738/37/1509 2994/37/1509 2997/605/1507
f 2754/65/1491 2730/63/1510 2993/63/1510 2996/65/1491
f 2746/11/1508 2722/9/1511 2992/9/1511 2995/11/1508
f 2738/37/1509 2714/607/1512 2991/607/1512 2994/37/1509
f 2730/63/1510 2698/61/1513 2990/61/1513 2993/63/1510
f 2722/9/1511 2682/7/1514 2989/7/1514 2992/9/1511
f 2714/607/1512 2703/33/1483 3020/33/1483 2991/607/1512
f 2698/61/1513 2687/59/1485 3019/59/1485 2990/61/1513
f 2682/7/1514 2671/598/1487 3018/598/1487 2989/7/1514
f 2704/33/1515 2921/31/1516 3049/31/1516 3052/33/1515
f 2688/59/1517 2913/57/1518 3048/57/1518 3051/59/1517
f 2672/598/1519 2905/597/1520 3047/3/1520 3050/598/1519
f 2921/31/1516 2897/29/1521 3046/29/1521 3049/31/1516
f 2913/57/1518 2889/55/1522 3045/55/1522 3048/57/1518
f 2905/597/1520 2753/2/1523 3028/2/1523 3047/3/1520
f 2897/29/1521 2881/27/1524 3044/27/1524 3046/29/1521
f 2889/55/1522 2873/53/1525 3043/53/1525 3045/55/1522
f 2881/27/1524 2865/25/1526 3042/25/1526 3044/27/1524
f 2873/53/1525 2857/51/1527 3041/51/1527 3043/53/1525
f 2865/25/1526 2849/599/1528 3040/23/1528 3042/25/1526
f 2857/51/1527 2841/49/1529 3039/49/1529 3041/51/1527
f 2849/599/1528 2833/600/1530 3038/600/1530 3040/23/1528
f 2841/49/1529 2825/47/1531 3037/47/1531 3039/49/1529
f 2833/600/1530 2817/601/1532 3036/601/1532 3038/600/1530
f 2825/47/1531 2809/45/1533 3035/45/1533 3037/47/1531
f 2817/601/1532 2801/17/1534 3034/17/1534 3036/601/1532
f 2809/45/1533 2793/602/1535 3033/602/1535 3035/45/1533
f 2801/17/1534 2785/15/1536 3032/15/1536 3034/17/1534
f 2793/602/1535 2777/41/1537 3031/41/1537 3033/602/1535
f 2785/15/1536 2769/604/1538 3030/13/1538 3032/15/1536
f 2777/41/1537 2761/605/1539 3029/39/1539 3031/41/1537
f 2769/604/1538 2745/11/1540 3027/11/1540 3030/13/1538
f 2761/605/1539 2737/37/1541 3026/37/1541 3029/39/1539
f 2753/65/1523 2729/63/1542 3025/63/1542 3028/65/1523
f 2745/11/1540 2721/9/1543 3024/9/1543 3027/11/1540
f 2737/37/1541 2713/607/1544 3023/607/1544 3026/37/1541
f 2729/63/1542 2697/61/1545 3022/61/1545 3025/63/1542
f 2721/9/1543 2681/7/1546 3021/7/1546 3024/9/1543
f 2713/607/1544 2704/33/1515 3052/33/1515 3023/607/1544
f 2697/61/1545 2688/59/1517 3051/59/1517 3022/61/1545
f 2681/7/1546 2672/598/1519 3050/598/1519 3021/7/1546
f 2705/33/1547 2920/31/1548 3081/31/1548 3084/33/1547
f 2689/59/1549 2912/57/1550 3080/57/1550 3083/59/1549
f 2673/598/1551 2904/3/1552 3079/3/1552 3082/598/1551
f 2920/31/1548 2896/29/1553 3078/29/1553 3081/31/1548
f 2912/57/1550 2888/55/1554 3077/55/1554 3080/57/1550
f 2904/3/1552 2752/2/1555 3060/2/1555 3079/3/1552
f 2896/29/1553 2880/27/1556 3076/27/1556 3078/29/1553
f 2888/55/1554 2872/53/1557 3075/53/1557 3077/55/1554
f 2880/27/1556 2864/25/1558 3074/25/1558 3076/27/1556
f 2872/53/1557 2856/51/1559 3073/51/1559 3075/53/1557
f 2864/25/1558 2848/23/1560 3072/23/1560 3074/25/1558
f 2856/51/1559 2840/49/1561 3071/49/1561 3073/51/1559
f 2848/23/1560 2832/600/1562 3070/21/1562 3072/23/1560
f 2840/49/1561 2824/47/1563 3069/47/1563 3071/49/1561
f 2832/600/1562 2816/601/1564 3068/601/1564 3070/21/1562
f 2824/47/1563 2808/45/1565 3067/45/1565 3069/47/1563
f 2816/601/1564 2800/17/1566 3066/17/1566 3068/601/1564
f 2808/45/1565 2792/602/1567 3065/43/1567 3067/45/1565
f 2800/17/1566 2784/15/1568 3064/15/1568 3066/17/1566
f 2792/602/1567 2776/41/1569 3063/41/1569 3065/43/1567
f 2784/15/1568 2768/13/1570 3062/13/1570 3064/15/1568
f 2776/41/1569 2760/39/1571 3061/39/1571 3063/41/1569
f 2768/13/1570 2744/11/1572 3059/11/1572 3062/13/1570
f 2760/39/1571 2736/37/1573 3058/37/1573 3061/39/1571
f 2752/65/1555 2728/63/1574 3057/63/1574 3060/65/1555
f 2744/11/1572 2720/9/1575 3056/9/1575 3059/11/1572
f 2736/37/1573 2712/607/1576 3055/607/1576 3058/37/1573
f 2728/63/1574 2696/61/1577 3054/61/1577 3057/63/1574
f 2720/9/1575 2680/7/1578 3053/7/1578 3056/9/1575
f 2712/607/1576 2705/33/1547 3084/33/1547 3055/607/1576
f 2696/61/1577 2689/59/1549 3083/59/1549 3054/61/1577
f 2680/7/1578 2673/598/1551 3082/598/1551 3053/7/1578
f 2706/33/1579 2919/31/1580 3113/31/1580 3116/33/1579
f 2690/59/1581 2911/57/1582 3112/57/1582 3115/59/1581
f 2674/598/1583 2903/3/1584 3111/3/1584 3114/5/1583
f 2919/31/1580 2895/29/1585 3110/29/1585 3113/31/1580
f 2911/57/1582 2887/55/1586 3109/55/1586 3112/57/1582
f 2903/3/1584 2751/2/1587 3092/2/1587 3111/3/1584
f 2895/29/1585 2879/27/1588 3108/27/1588 3110/29/1585
f 2887/55/1586 2871/53/1589 3107/53/1589 3109/55/1586
f 2879/27/1588 2863/25/1590 3106/25/1590 3108/27/1588
f 2871/53/1589 2855/51/1591 3105/51/1591 3107/53/1589
f 2863/25/1590 2847/23/1592 3104/23/1592 3106/25/1590
f 2855/51/1591 2839/49/1593 3103/49/1593 3105/51/1591
f 2847/23/1592 2831/21/1594 3102/21/1594 3104/23/1592
f 2839/49/1593 2823/47/1595 3101/47/1595 3103/49/1593
f 2831/21/1594 2815/601/1596 3100/19/1596 3102/21/1594
f 2823/47/1595 2807/45/1597 3099/45/1597 3101/47/1595
f 2815/601/1596 2799/17/1598 3098/17/1598 3100/19/1596
f 2807/45/1597 2791/43/1599 3097/43/1599 3099/45/1597
f 2799/17/1598 2783/603/1600 3096/603/1600 3098/17/1598
f 2791/43/1599 2775/41/1601 3095/41/1601 3097/43/1599
f 2783/603/1600 2767/13/1602 3094/13/1602 3096/603/1600
f 2775/41/1601 2759/39/1603 3093/39/1603 3095/41/1601
f 2767/13/1602 2743/11/1604 3091/11/1604 3094/13/1602
f 2759/39/1603 2735/37/1605 3090/37/1605 3093/39/1603
f 2751/65/1587 2727/63/1606 3089/63/1606 3092/65/1587
f 2743/11/1604 2719/9/1607 3088/9/1607 3091/11/1604
f 2735/37/1605 2711/607/1608 3087/35/1608 3090/37/1605
f 2727/63/1606 2695/61/1609 3086/61/1609 3089/63/1606
f 2719/9/1607 2679/7/1610 3085/7/1610 3088/9/1607
f 2711/607/1608 2706/33/1579 3116/33/1579 3087/35/1608
f 2695/61/1609 2690/59/1581 3115/59/1581 3086/61/1609
f 2679/7/1610 2674/598/1583 3114/5/1583 3085/7/1610
f 2707/33/1611 2918/31/1612 3145/31/1612 3148/33/1611
f 2691/59/1613 2910/57/1614 3144/57/1614 3147/59/1613
f 2675/5/1615 2902/3/1616 3143/3/1616 3146/5/1615
f 2918/31/1612 2894/29/1617 3142/29/1617 3145/31/1612
f 2910/57/1614 2886/55/1618 3141/55/1618 3144/57/1614
f 2902/3/1616 2750/2/1619 3124/2/1619 3143/3/1616
f 2894/29/1617 2878/27/1620 3140/27/1620 3142/29/1617
f 2886/55/1618 2870/53/1621 3139/53/1621 3141/55/1618
f 2878/27/1620 2862/25/1622 3138/25/1622 3140/27/1620
f 2870/53/1621 2854/51/1623 3137/51/1623 3139/53/1621
f 2862/25/1622 2846/23/1624 3136/23/1624 3138/25/1622
f 2854/51/1623 2838/49/1625 3135/49/1625 3137/51/1623
f 2846/23/1624 2830/21/1626 3134/21/1626 3136/23/1624
f 2838/49/1625 2822/47/1627 3133/47/1627 3135/49/1625
f 2830/21/1626 2814/19/1628 3132/19/1628 3134/21/1626
f 2822/47/1627 2806/45/1629 3131/45/1629 3133/47/1627
f 2814/19/1628 2798/17/1630 3130/17/1630 3132/19/1628
f 2806/45/1629 2790/43/1631 3129/43/1631 3131/45/1629
f 2798/17/1630 2782/603/1632 3128/603/1632 3130/17/1630
f 2790/43/1631 2774/41/1633 3127/41/1633 3129/43/1631
f 2782/603/1632 2766/13/1634 3126/13/1634 3128/603/1632
f 2774/41/1633 2758/39/1635 3125/39/1635 3127/41/1633
f 2766/13/1634 2742/11/1636 3123/11/1636 3126/13/1634
f 2758/39/1635 2734/37/1637 3122/37/1637 3125/39/1635
f 2750/65/1619 2726/63/1638 3121/63/1638 3124/65/1619
f 2742/11/1636 2718/9/1639 3120/9/1639 3123/11/1636
f 2734/37/1637 2710/35/1640 3119/35/1640 3122/37/1637
f 2726/63/1638 2694/61/1641 3118/61/1641 3121/63/1638
f 2718/9/1639 2678/7/1642 3117/7/1642 3120/9/1639
f 2710/35/1640 2707/33/1611 3148/33/1611 3119/35/1640
f 2694/61/1641 2691/59/1613 3147/59/1613 3118/61/1641
f 2678/7/1642 2675/5/1615 3146/5/1615 3117/7/1642
usemtl Material.004
f 1064/346/584 1040/10/585 1055/10/586 1078/346/587
f 1113/347/135 1040/348/585 1044/26/79 1125/349/145
f 1209/350/154 1068/351/574 1042/132/588 1137/352/162
f 1137/352/162 1042/132/588 1038/25/589 1112/353/141
f 1062/354/590 1065/355/578 1041/131/591 1037/145/592
f 1068/351/574 1063/356/584 1038/154/589 1042/132/588
f 1293/357/162 1052/358/162 1045/359/593 1316/360/141
f 1052/358/162 1051/361/162 1046/362/594 1045/359/593
f 1377/363/154 1070/364/154 1052/358/162 1293/357/162
f 1070/364/154 1072/365/154 1051/361/162 1052/358/162
f 1269/366/135 1048/367/595 1050/368/145 1281/369/145
f 1048/367/595 1047/370/596 1049/371/145 1050/368/145
f 1074/372/597 1048/367/595 1059/367/598 1084/372/599
f 1074/372/597 1076/373/600 1047/370/596 1048/367/595
f 1185/374/151 1078/375/587 1055/348/586 1161/347/137
f 1075/376/600 1046/377/594 1053/377/601 1079/378/602
f 1124/379/135 1047/370/596 1056/370/603 1172/379/137
f 1112/353/141 1038/25/589 1054/25/604 1160/353/151
f 1353/380/151 1084/372/599 1059/367/598 1317/366/137
f 1062/354/590 1037/145/592 1058/145/605 1082/354/606
f 1280/381/135 1039/382/607 1057/382/608 1328/381/137
f 1316/360/141 1045/359/593 1060/359/609 1340/360/151
f 1039/58/607 1061/383/590 1081/383/610 1057/58/608
f 1061/383/590 1062/354/590 1082/354/606 1081/383/610
f 1340/384/151 1060/385/609 1083/386/611 1341/387/137
f 1341/387/137 1083/386/611 1091/386/612 1389/387/135
f 1047/370/596 1076/373/600 1080/373/613 1056/370/603
f 1076/373/600 1075/376/600 1079/378/602 1080/373/613
f 1160/388/151 1054/140/604 1077/389/614 1173/390/137
f 1077/391/614 1078/346/587 1086/346/580 1085/391/612
f 1045/385/593 1046/377/594 1075/376/600 1073/392/597
f 1073/392/597 1075/376/600 1076/373/600 1074/372/597
f 1045/385/593 1073/392/597 1083/386/611 1060/385/609
f 1073/392/597 1074/372/597 1084/372/599 1083/386/611
f 1050/368/145 1049/371/145 1071/393/154 1069/394/154
f 1069/394/154 1071/393/154 1072/365/154 1070/364/154
f 1281/369/145 1050/368/145 1069/394/154 1365/395/154
f 1365/395/154 1069/394/154 1070/364/154 1377/363/154
f 1044/26/79 1040/10/585 1064/346/584 1067/396/574
f 1067/396/574 1064/346/584 1063/356/584 1068/351/574
f 1039/58/607 1043/42/615 1066/397/578 1061/383/590
f 1061/383/590 1066/397/578 1065/355/578 1062/354/590
f 1125/349/145 1044/26/79 1067/396/574 1197/398/154
f 1197/398/154 1067/396/574 1068/351/574 1209/350/154
f 1038/154/589 1063/356/584 1077/391/614 1054/154/604
f 1063/356/584 1064/346/584 1078/346/587 1077/391/614
f 1085/391/612 1086/346/580 1094/346/583 1093/391/616
f 1089/383/576 1090/354/617 1098/354/618 1097/383/577
f 1196/399/151 1080/373/613 1088/373/576 1244/399/141
f 1364/400/151 1081/401/610 1089/401/576 1412/400/141
f 1083/386/611 1084/372/599 1092/372/580 1091/386/612
f 1081/383/610 1082/354/606 1090/354/617 1089/383/576
f 1173/390/137 1077/389/614 1085/389/612 1221/390/135
f 1080/373/613 1079/378/602 1087/378/617 1088/373/576
f 1413/387/618 1099/386/616 1100/372/583 1425/380/577
f 1245/390/618 1093/389/616 1094/375/583 1257/374/577
f 1244/399/141 1088/373/576 1096/373/577 1268/399/583
f 1412/400/141 1089/401/576 1097/401/577 1436/400/583
f 1091/386/612 1092/372/580 1100/372/583 1099/386/616
f 1088/373/576 1087/378/617 1095/378/618 1096/373/577
f 1221/390/135 1085/389/612 1093/389/616 1245/390/618
f 1389/387/135 1091/386/612 1099/386/616 1413/387/618
f 1087/378/617 1232/402/135 1256/402/616 1095/378/618
f 1232/402/135 1231/403/135 1255/403/618 1256/402/616
f 1231/403/135 1230/404/135 1254/404/616 1255/403/618
f 1230/404/135 1229/405/135 1253/405/618 1254/404/616
f 1229/405/135 1228/406/135 1252/406/616 1253/405/618
f 1228/406/135 1227/407/135 1251/407/618 1252/406/616
f 1227/407/135 1226/408/135 1250/408/616 1251/407/618
f 1226/408/135 1225/409/135 1249/409/618 1250/408/616
f 1225/409/135 1224/410/135 1248/410/616 1249/409/618
f 1224/410/135 1223/411/135 1247/411/618 1248/410/616
f 1223/411/135 1222/412/135 1246/412/616 1247/411/618
f 1222/412/135 1221/390/135 1245/390/618 1246/412/616
f 1086/375/580 1233/374/141 1257/374/577 1094/375/583
f 1233/374/141 1234/413/141 1258/413/583 1257/374/577
f 1234/413/141 1235/414/141 1259/414/577 1258/413/583
f 1235/414/141 1236/415/141 1260/415/583 1259/414/577
f 1236/415/141 1237/416/141 1261/416/577 1260/415/583
f 1237/416/141 1238/417/141 1262/417/583 1261/416/577
f 1238/417/141 1239/418/141 1263/418/577 1262/417/583
f 1239/418/141 1240/419/141 1264/419/583 1263/418/577
f 1240/419/141 1241/420/141 1265/420/577 1264/419/583
f 1241/420/141 1242/421/141 1266/421/583 1265/420/577
f 1242/421/141 1243/422/141 1267/422/577 1266/421/583
f 1243/422/141 1244/399/141 1268/399/583 1267/422/577
f 1095/378/618 1256/402/616 1268/399/583 1096/373/577
f 1262/417/583 1250/408/616 1442/408/583 1454/417/616
f 1255/403/618 1254/404/616 1266/421/583 1267/422/577
f 1419/423/618 1431/424/577 1479/424/618 1467/423/577
f 1253/405/618 1252/406/616 1264/419/583 1265/420/577
f 1257/374/577 1258/413/583 1450/413/616 1449/374/618
f 1251/407/618 1250/408/616 1262/417/583 1263/418/577
f 1251/407/618 1263/418/577 1455/418/618 1443/407/577
f 1249/409/618 1248/410/616 1260/415/583 1261/416/577
f 1432/425/583 1420/426/616 1468/426/583 1480/425/616
f 1247/411/618 1246/412/616 1258/413/583 1259/414/577
f 1424/427/616 1423/428/618 1471/428/577 1472/427/583
f 1079/378/602 1184/402/137 1232/402/135 1087/378/617
f 1184/402/137 1183/403/137 1231/403/135 1232/402/135
f 1183/403/137 1182/404/137 1230/404/135 1231/403/135
f 1182/404/137 1181/405/137 1229/405/135 1230/404/135
f 1181/405/137 1180/406/137 1228/406/135 1229/405/135
f 1180/406/137 1179/407/137 1227/407/135 1228/406/135
f 1179/407/137 1178/408/137 1226/408/135 1227/407/135
f 1178/408/137 1177/409/137 1225/409/135 1226/408/135
f 1177/409/137 1176/410/137 1224/410/135 1225/409/135
f 1176/410/137 1175/411/137 1223/411/135 1224/410/135
f 1175/411/137 1174/412/137 1222/412/135 1223/411/135
f 1174/412/137 1173/390/137 1221/390/135 1222/412/135
f 1078/375/587 1185/374/151 1233/374/141 1086/375/580
f 1185/374/151 1186/413/151 1234/413/141 1233/374/141
f 1186/413/151 1187/414/151 1235/414/141 1234/413/141
f 1187/414/151 1188/415/151 1236/415/141 1235/414/141
f 1188/415/151 1189/416/151 1237/416/141 1236/415/141
f 1189/416/151 1190/417/151 1238/417/141 1237/416/141
f 1190/417/151 1191/418/151 1239/418/141 1238/417/141
f 1191/418/151 1192/419/151 1240/419/141 1239/418/141
f 1192/419/151 1193/420/151 1241/420/141 1240/419/141
f 1193/420/151 1194/421/151 1242/421/141 1241/420/141
f 1194/421/151 1195/422/151 1243/422/141 1242/421/141
f 1195/422/151 1196/399/151 1244/399/141 1243/422/141
f 1071/393/154 1208/429/154 1220/430/154 1072/365/154
f 1208/429/154 1207/431/154 1219/432/154 1220/430/154
f 1207/431/154 1206/433/154 1218/434/154 1219/432/154
f 1206/433/154 1205/435/154 1217/436/154 1218/434/154
f 1205/435/154 1204/437/154 1216/438/154 1217/436/154
f 1204/437/154 1203/439/154 1215/440/154 1216/438/154
f 1203/439/154 1202/441/154 1214/442/154 1215/440/154
f 1202/441/154 1201/443/154 1213/444/154 1214/442/154
f 1201/443/154 1200/445/154 1212/446/154 1213/444/154
f 1200/445/154 1199/447/154 1211/448/154 1212/446/154
f 1199/447/154 1198/449/154 1210/450/154 1211/448/154
f 1198/449/154 1197/398/154 1209/350/154 1210/450/154
f 1049/371/145 1136/451/145 1208/429/154 1071/393/154
f 1136/451/145 1135/452/145 1207/431/154 1208/429/154
f 1135/452/145 1134/453/145 1206/433/154 1207/431/154
f 1134/453/145 1133/454/145 1205/435/154 1206/433/154
f 1133/454/145 1132/455/145 1204/437/154 1205/435/154
f 1132/455/145 1131/456/145 1203/439/154 1204/437/154
f 1131/456/145 1130/457/145 1202/441/154 1203/439/154
f 1130/457/145 1129/458/145 1201/443/154 1202/441/154
f 1129/458/145 1128/459/145 1200/445/154 1201/443/154
f 1128/459/145 1127/460/145 1199/447/154 1200/445/154
f 1127/460/145 1126/461/145 1198/449/154 1199/447/154
f 1126/461/145 1125/349/145 1197/398/154 1198/449/154
f 1053/377/601 1149/462/151 1184/402/137 1079/378/602
f 1149/462/151 1150/463/151 1183/403/137 1184/402/137
f 1150/463/151 1151/464/151 1182/404/137 1183/403/137
f 1151/464/151 1152/465/151 1181/405/137 1182/404/137
f 1152/465/151 1153/466/151 1180/406/137 1181/405/137
f 1153/466/151 1154/467/151 1179/407/137 1180/406/137
f 1154/467/151 1155/468/151 1178/408/137 1179/407/137
f 1155/468/151 1156/469/151 1177/409/137 1178/408/137
f 1156/469/151 1157/470/151 1176/410/137 1177/409/137
f 1157/470/151 1158/471/151 1175/411/137 1176/410/137
f 1158/471/151 1159/472/151 1174/412/137 1175/411/137
f 1159/472/151 1160/388/151 1173/390/137 1174/412/137
f 1046/362/594 1101/473/141 1149/473/151 1053/362/601
f 1101/473/141 1102/474/141 1150/474/151 1149/473/151
f 1102/474/141 1103/475/141 1151/475/151 1150/474/151
f 1103/475/141 1104/476/141 1152/476/151 1151/475/151
f 1104/476/141 1105/477/141 1153/477/151 1152/476/151
f 1105/477/141 1106/478/141 1154/478/151 1153/477/151
f 1106/478/141 1107/479/141 1155/479/151 1154/478/151
f 1107/479/141 1108/480/141 1156/480/151 1155/479/151
f 1108/480/141 1109/481/141 1157/481/151 1156/480/151
f 1109/481/141 1110/482/141 1158/482/151 1157/481/151
f 1110/482/141 1111/483/141 1159/483/151 1158/482/151
f 1111/483/141 1112/353/141 1160/353/151 1159/483/151
f 1040/348/585 1113/347/135 1161/347/137 1055/348/586
f 1113/347/135 1114/484/135 1162/484/137 1161/347/137
f 1114/484/135 1115/485/135 1163/485/137 1162/484/137
f 1115/485/135 1116/486/135 1164/486/137 1163/485/137
f 1116/486/135 1117/487/135 1165/487/137 1164/486/137
f 1117/487/135 1118/488/135 1166/488/137 1165/487/137
f 1118/488/135 1119/489/135 1167/489/137 1166/488/137
f 1119/489/135 1120/490/135 1168/490/137 1167/489/137
f 1120/490/135 1121/491/135 1169/491/137 1168/490/137
f 1121/491/135 1122/492/135 1170/492/137 1169/491/137
f 1122/492/135 1123/493/135 1171/493/137 1170/492/137
f 1123/493/135 1124/379/135 1172/379/137 1171/493/137
f 1080/373/613 1196/399/151 1172/379/137 1056/370/603
f 1196/399/151 1195/422/151 1171/493/137 1172/379/137
f 1195/422/151 1194/421/151 1170/492/137 1171/493/137
f 1194/421/151 1193/420/151 1169/491/137 1170/492/137
f 1193/420/151 1192/419/151 1168/490/137 1169/491/137
f 1192/419/151 1191/418/151 1167/489/137 1168/490/137
f 1191/418/151 1190/417/151 1166/488/137 1167/489/137
f 1190/417/151 1189/416/151 1165/487/137 1166/488/137
f 1189/416/151 1188/415/151 1164/486/137 1165/487/137
f 1188/415/151 1187/414/151 1163/485/137 1164/486/137
f 1187/414/151 1186/413/151 1162/484/137 1163/485/137
f 1186/413/151 1185/374/151 1161/347/137 1162/484/137
f 1051/361/162 1148/494/162 1101/473/141 1046/362/594
f 1148/494/162 1147/495/162 1102/474/141 1101/473/141
f 1147/495/162 1146/496/162 1103/475/141 1102/474/141
f 1146/496/162 1145/497/162 1104/476/141 1103/475/141
f 1145/497/162 1144/498/162 1105/477/141 1104/476/141
f 1144/498/162 1143/499/162 1106/478/141 1105/477/141
f 1143/499/162 1142/500/162 1107/479/141 1106/478/141
f 1142/500/162 1141/501/162 1108/480/141 1107/479/141
f 1141/501/162 1140/502/162 1109/481/141 1108/480/141
f 1140/502/162 1139/503/162 1110/482/141 1109/481/141
f 1139/503/162 1138/504/162 1111/483/141 1110/482/141
f 1138/504/162 1137/352/162 1112/353/141 1111/483/141
f 1072/365/154 1220/430/154 1148/494/162 1051/361/162
f 1220/430/154 1219/432/154 1147/495/162 1148/494/162
f 1219/432/154 1218/434/154 1146/496/162 1147/495/162
f 1218/434/154 1217/436/154 1145/497/162 1146/496/162
f 1217/436/154 1216/438/154 1144/498/162 1145/497/162
f 1216/438/154 1215/440/154 1143/499/162 1144/498/162
f 1215/440/154 1214/442/154 1142/500/162 1143/499/162
f 1214/442/154 1213/444/154 1141/501/162 1142/500/162
f 1213/444/154 1212/446/154 1140/502/162 1141/501/162
f 1212/446/154 1211/448/154 1139/503/162 1140/502/162
f 1211/448/154 1210/450/154 1138/504/162 1139/503/162
f 1210/450/154 1209/350/154 1137/352/162 1138/504/162
f 1047/370/596 1124/379/135 1136/451/145 1049/371/145
f 1124/379/135 1123/493/135 1135/452/145 1136/451/145
f 1123/493/135 1122/492/135 1134/453/145 1135/452/145
f 1122/492/135 1121/491/135 1133/454/145 1134/453/145
f 1121/491/135 1120/490/135 1132/455/145 1133/454/145
f 1120/490/135 1119/489/135 1131/456/145 1132/455/145
f 1119/489/135 1118/488/135 1130/457/145 1131/456/145
f 1118/488/135 1117/487/135 1129/458/145 1130/457/145
f 1117/487/135 1116/486/135 1128/459/145 1129/458/145
f 1116/486/135 1115/485/135 1127/460/145 1128/459/145
f 1115/485/135 1114/484/135 1126/461/145 1127/460/145
f 1114/484/135 1113/347/135 1125/349/145 1126/461/145
f 1090/505/617 1400/427/135 1424/427/616 1098/505/618
f 1400/427/135 1399/428/135 1423/428/618 1424/427/616
f 1399/428/135 1398/506/135 1422/506/616 1423/428/618
f 1398/506/135 1397/507/135 1421/507/618 1422/506/616
f 1397/507/135 1396/426/135 1420/426/616 1421/507/618
f 1396/426/135 1395/423/135 1419/423/618 1420/426/616
f 1395/423/135 1394/508/135 1418/508/616 1419/423/618
f 1394/508/135 1393/509/135 1417/509/618 1418/508/616
f 1393/509/135 1392/510/135 1416/510/616 1417/509/618
f 1392/510/135 1391/511/135 1415/511/618 1416/510/616
f 1391/511/135 1390/512/135 1414/512/616 1415/511/618
f 1390/512/135 1389/387/135 1413/387/618 1414/512/616
f 1092/372/580 1401/380/141 1425/380/577 1100/372/583
f 1401/380/141 1402/513/141 1426/513/583 1425/380/577
f 1402/513/141 1403/514/141 1427/514/577 1426/513/583
f 1403/514/141 1404/515/141 1428/515/583 1427/514/577
f 1404/515/141 1405/516/141 1429/516/577 1428/515/583
f 1405/516/141 1406/517/141 1430/517/583 1429/516/577
f 1406/517/141 1407/424/141 1431/424/577 1430/517/583
f 1407/424/141 1408/425/141 1432/425/583 1431/424/577
f 1408/425/141 1409/518/141 1433/518/577 1432/425/583
f 1409/518/141 1410/519/141 1434/519/583 1433/518/577
f 1410/519/141 1411/520/141 1435/520/577 1434/519/583
f 1411/520/141 1412/400/141 1436/400/583 1435/520/577
f 1098/505/618 1424/427/616 1436/400/583 1097/401/577
f 1264/419/583 1252/406/616 1444/406/583 1456/419/616
f 1423/428/618 1422/506/616 1434/519/583 1435/520/577
f 1421/507/618 1433/518/577 1481/518/618 1469/507/577
f 1421/507/618 1420/426/616 1432/425/583 1433/518/577
f 1256/402/616 1255/403/618 1447/403/577 1448/402/583
f 1419/423/618 1418/508/616 1430/517/583 1431/424/577
f 1253/405/618 1265/420/577 1457/420/618 1445/405/577
f 1417/509/618 1416/510/616 1428/515/583 1429/516/577
f 1434/519/583 1422/506/616 1470/506/583 1482/519/616
f 1415/511/618 1414/512/616 1426/513/583 1427/514/577
f 1435/520/577 1436/400/583 1484/400/616 1483/520/618
f 1084/372/599 1353/380/151 1401/380/141 1092/372/580
f 1353/380/151 1354/513/151 1402/513/141 1401/380/141
f 1354/513/151 1355/514/151 1403/514/141 1402/513/141
f 1355/514/151 1356/515/151 1404/515/141 1403/514/141
f 1356/515/151 1357/516/151 1405/516/141 1404/515/141
f 1357/516/151 1358/517/151 1406/517/141 1405/516/141
f 1358/517/151 1359/424/151 1407/424/141 1406/517/141
f 1359/424/151 1360/425/151 1408/425/141 1407/424/141
f 1360/425/151 1361/518/151 1409/518/141 1408/425/141
f 1361/518/151 1362/519/151 1410/519/141 1409/518/141
f 1362/519/151 1363/520/151 1411/520/141 1410/519/141
f 1363/520/151 1364/400/151 1412/400/141 1411/520/141
f 1066/397/578 1376/521/154 1388/522/154 1065/355/578
f 1376/521/154 1375/523/154 1387/524/154 1388/522/154
f 1375/523/154 1374/525/154 1386/526/154 1387/524/154
f 1374/525/154 1373/527/154 1385/528/154 1386/526/154
f 1373/527/154 1372/529/154 1384/530/154 1385/528/154
f 1372/529/154 1371/531/154 1383/532/154 1384/530/154
f 1371/531/154 1370/533/154 1382/534/154 1383/532/154
f 1370/533/154 1369/535/154 1381/536/154 1382/534/154
f 1369/535/154 1368/537/154 1380/538/154 1381/536/154
f 1368/537/154 1367/539/154 1379/540/154 1380/538/154
f 1367/539/154 1366/541/154 1378/542/154 1379/540/154
f 1366/541/154 1365/395/154 1377/363/154 1378/542/154
f 1043/42/615 1292/543/145 1376/521/154 1066/397/578
f 1292/543/145 1291/544/145 1375/523/154 1376/521/154
f 1291/544/145 1290/545/145 1374/525/154 1375/523/154
f 1290/545/145 1289/546/145 1373/527/154 1374/525/154
f 1289/546/145 1288/547/145 1372/529/154 1373/527/154
f 1288/547/145 1287/548/145 1371/531/154 1372/529/154
f 1287/548/145 1286/549/145 1370/533/154 1371/531/154
f 1286/549/145 1285/550/145 1369/535/154 1370/533/154
f 1285/550/145 1284/551/145 1368/537/154 1369/535/154
f 1284/551/145 1283/552/145 1367/539/154 1368/537/154
f 1283/552/145 1282/553/145 1366/541/154 1367/539/154
f 1282/553/145 1281/369/145 1365/395/154 1366/541/154
f 1082/505/606 1352/427/137 1400/427/135 1090/505/617
f 1352/427/137 1351/428/137 1399/428/135 1400/427/135
f 1351/428/137 1350/506/137 1398/506/135 1399/428/135
f 1350/506/137 1349/507/137 1397/507/135 1398/506/135
f 1349/507/137 1348/426/137 1396/426/135 1397/507/135
f 1348/426/137 1347/423/137 1395/423/135 1396/426/135
f 1347/423/137 1346/508/137 1394/508/135 1395/423/135
f 1346/508/137 1345/509/137 1393/509/135 1394/508/135
f 1345/509/137 1344/510/137 1392/510/135 1393/509/135
f 1344/510/137 1343/511/137 1391/511/135 1392/510/135
f 1343/511/137 1342/512/137 1390/512/135 1391/511/135
f 1342/512/137 1341/387/137 1389/387/135 1390/512/135
f 1058/139/605 1329/554/151 1352/427/137 1082/505/606
f 1329/554/151 1330/555/151 1351/428/137 1352/427/137
f 1330/555/151 1331/556/151 1350/506/137 1351/428/137
f 1331/556/151 1332/557/151 1349/507/137 1350/506/137
f 1332/557/151 1333/558/151 1348/426/137 1349/507/137
f 1333/558/151 1334/559/151 1347/423/137 1348/426/137
f 1334/559/151 1335/560/151 1346/508/137 1347/423/137
f 1335/560/151 1336/561/151 1345/509/137 1346/508/137
f 1336/561/151 1337/562/151 1344/510/137 1345/509/137
f 1337/562/151 1338/563/151 1343/511/137 1344/510/137
f 1338/563/151 1339/564/151 1342/512/137 1343/511/137
f 1339/564/151 1340/384/151 1341/387/137 1342/512/137
f 1037/41/592 1305/565/141 1329/565/151 1058/41/605
f 1305/565/141 1306/566/141 1330/566/151 1329/565/151
f 1306/566/141 1307/567/141 1331/567/151 1330/566/151
f 1307/567/141 1308/568/141 1332/568/151 1331/567/151
f 1308/568/141 1309/569/141 1333/569/151 1332/568/151
f 1309/569/141 1310/570/141 1334/570/151 1333/569/151
f 1310/570/141 1311/571/141 1335/571/151 1334/570/151
f 1311/571/141 1312/572/141 1336/572/151 1335/571/151
f 1312/572/141 1313/573/141 1337/573/151 1336/572/151
f 1313/573/141 1314/574/141 1338/574/151 1337/573/151
f 1314/574/141 1315/575/141 1339/575/151 1338/574/151
f 1315/575/141 1316/360/141 1340/360/151 1339/575/151
f 1048/367/595 1269/366/135 1317/366/137 1059/367/598
f 1269/366/135 1270/576/135 1318/576/137 1317/366/137
f 1270/576/135 1271/577/135 1319/577/137 1318/576/137
f 1271/577/135 1272/578/135 1320/578/137 1319/577/137
f 1272/578/135 1273/579/135 1321/579/137 1320/578/137
f 1273/579/135 1274/580/135 1322/580/137 1321/579/137
f 1274/580/135 1275/581/135 1323/581/137 1322/580/137
f 1275/581/135 1276/582/135 1324/582/137 1323/581/137
f 1276/582/135 1277/583/135 1325/583/137 1324/582/137
f 1277/583/135 1278/584/135 1326/584/137 1325/583/137
f 1278/584/135 1279/585/135 1327/585/137 1326/584/137
f 1279/585/135 1280/381/135 1328/381/137 1327/585/137
f 1081/401/610 1364/400/151 1328/381/137 1057/382/608
f 1364/400/151 1363/520/151 1327/585/137 1328/381/137
f 1363/520/151 1362/519/151 1326/584/137 1327/585/137
f 1362/519/151 1361/518/151 1325/583/137 1326/584/137
f 1361/518/151 1360/425/151 1324/582/137 1325/583/137
f 1360/425/151 1359/424/151 1323/581/137 1324/582/137
f 1359/424/151 1358/517/151 1322/580/137 1323/581/137
f 1358/517/151 1357/516/151 1321/579/137 1322/580/137
f 1357/516/151 1356/515/151 1320/578/137 1321/579/137
f 1356/515/151 1355/514/151 1319/577/137 1320/578/137
f 1355/514/151 1354/513/151 1318/576/137 1319/577/137
f 1354/513/151 1353/380/151 1317/366/137 1318/576/137
f 1039/382/607 1280/381/135 1292/543/145 1043/42/615
f 1280/381/135 1279/585/135 1291/544/145 1292/543/145
f 1279/585/135 1278/584/135 1290/545/145 1291/544/145
f 1278/584/135 1277/583/135 1289/546/145 1290/545/145
f 1277/583/135 1276/582/135 1288/547/145 1289/546/145
f 1276/582/135 1275/581/135 1287/548/145 1288/547/145
f 1275/581/135 1274/580/135 1286/549/145 1287/548/145
f 1274/580/135 1273/579/135 1285/550/145 1286/549/145
f 1273/579/135 1272/578/135 1284/551/145 1285/550/145
f 1272/578/135 1271/577/135 1283/552/145 1284/551/145
f 1271/577/135 1270/576/135 1282/553/145 1283/552/145
f 1270/576/135 1269/366/135 1281/369/145 1282/553/145
f 1065/355/578 1388/522/154 1304/586/162 1041/131/591
f 1388/522/154 1387/524/154 1303/587/162 1304/586/162
f 1387/524/154 1386/526/154 1302/588/162 1303/587/162
f 1386/526/154 1385/528/154 1301/589/162 1302/588/162
f 1385/528/154 1384/530/154 1300/590/162 1301/589/162
f 1384/530/154 1383/532/154 1299/591/162 1300/590/162
f 1383/532/154 1382/534/154 1298/592/162 1299/591/162
f 1382/534/154 1381/536/154 1297/593/162 1298/592/162
f 1381/536/154 1380/538/154 1296/594/162 1297/593/162
f 1380/538/154 1379/540/154 1295/595/162 1296/594/162
f 1379/540/154 1378/542/154 1294/596/162 1295/595/162
f 1378/542/154 1377/363/154 1293/357/162 1294/596/162
f 1041/131/591 1304/586/162 1305/565/141 1037/41/592
f 1304/586/162 1303/587/162 1306/566/141 1305/565/141
f 1303/587/162 1302/588/162 1307/567/141 1306/566/141
f 1302/588/162 1301/589/162 1308/568/141 1307/567/141
f 1301/589/162 1300/590/162 1309/569/141 1308/568/141
f 1300/590/162 1299/591/162 1310/570/141 1309/569/141
f 1299/591/162 1298/592/162 1311/571/141 1310/570/141
f 1298/592/162 1297/593/162 1312/572/141 1311/571/141
f 1297/593/162 1296/594/162 1313/573/141 1312/572/141
f 1296/594/162 1295/595/162 1314/574/141 1313/573/141
f 1295/595/162 1294/596/162 1315/575/141 1314/574/141
f 1294/596/162 1293/357/162 1316/360/141 1315/575/141
f 1448/402/583 1447/403/577 1459/422/618 1460/399/616
f 1446/404/583 1445/405/577 1457/420/618 1458/421/616
f 1444/406/583 1443/407/577 1455/418/618 1456/419/616
f 1442/408/583 1441/409/577 1453/416/618 1454/417/616
f 1440/410/583 1439/411/577 1451/414/618 1452/415/616
f 1438/412/583 1437/390/577 1449/374/618 1450/413/616
f 1472/427/583 1471/428/577 1483/520/618 1484/400/616
f 1470/506/583 1469/507/577 1481/518/618 1482/519/616
f 1468/426/583 1467/423/577 1479/424/618 1480/425/616
f 1466/508/583 1465/509/577 1477/516/618 1478/517/616
f 1464/510/583 1463/511/577 1475/514/618 1476/515/616
f 1462/512/583 1461/387/577 1473/380/618 1474/513/616
f 1425/380/577 1426/513/583 1474/513/616 1473/380/618
f 1246/412/616 1245/390/618 1437/390/577 1438/412/583
f 1430/517/583 1418/508/616 1466/508/583 1478/517/616
f 1249/409/618 1261/416/577 1453/416/618 1441/409/577
f 1259/414/577 1260/415/583 1452/415/616 1451/414/618
f 1414/512/616 1413/387/618 1461/387/577 1462/512/583
f 1417/509/618 1429/516/577 1477/516/618 1465/509/577
f 1260/415/583 1248/410/616 1440/410/583 1452/415/616
f 1427/514/577 1428/515/583 1476/515/616 1475/514/618
f 1248/410/616 1247/411/618 1439/411/577 1440/410/583
f 1428/515/583 1416/510/616 1464/510/583 1476/515/616
f 1247/411/618 1259/414/577 1451/414/618 1439/411/577
f 1261/416/577 1262/417/583 1454/417/616 1453/416/618
f 1416/510/616 1415/511/618 1463/511/577 1464/510/583
f 1415/511/618 1427/514/577 1475/514/618 1463/511/577
f 1258/413/583 1246/412/616 1438/412/583 1450/413/616
f 1429/516/577 1430/517/583 1478/517/616 1477/516/618
f 1250/408/616 1249/409/618 1441/409/577 1442/408/583
f 1426/513/583 1414/512/616 1462/512/583 1474/513/616
f 1245/390/618 1257/374/577 1449/374/618 1437/390/577
f 1263/418/577 1264/419/583 1456/419/616 1455/418/618
f 1418/508/616 1417/509/618 1465/509/577 1466/508/583
f 1413/387/618 1425/380/577 1473/380/618 1461/387/577
f 1431/424/577 1432/425/583 1480/425/616 1479/424/618
f 1252/406/616 1251/407/618 1443/407/577 1444/406/583
f 1265/420/577 1266/421/583 1458/421/616 1457/420/618
f 1268/399/583 1256/402/616 1448/402/583 1460/399/616
f 1420/426/616 1419/423/618 1467/423/577 1468/426/583
f 1433/518/577 1434/519/583 1482/519/616 1481/518/618
f 1436/400/583 1424/427/616 1472/427/583 1484/400/616
f 1255/403/618 1267/422/577 1459/422/618 1447/403/577
f 1254/404/616 1253/405/618 1445/405/577 1446/404/583
f 1267/422/577 1268/399/583 1460/399/616 1459/422/618
f 1423/428/618 1435/520/577 1483/520/618 1471/428/577
f 1266/421/583 1254/404/616 1446/404/583 1458/421/616
f 1422/506/616 1421/507/618 1469/507/577 1470/506/583
f 3452/619/135 3451/622/135 3427/668/135 3428/665/135
f 3450/624/135 3449/626/135 3425/670/135 3426/667/135
f 3448/628/135 3447/630/135 3423/673/135 3424/669/135
f 3446/632/135 3445/634/135 3421/677/135 3422/672/135
f 3444/636/135 3443/638/135 3419/678/135 3420/676/135
f 3442/640/135 3441/642/135 3417/680/135 3418/671/135
f 3440/644/135 3439/646/135 3415/681/135 3416/679/135
f 3438/648/135 3437/650/135 3413/674/135 3414/675/135
f 3436/652/135 3435/654/135 3411/685/135 3412/683/135
f 3434/656/135 3433/658/135 3409/687/135 3410/684/135
f 3432/660/135 3431/662/135 3407/688/135 3408/686/135
f 3430/664/135 3429/616/135 3405/609/135 3406/682/135
usemtl Material.002
f 1532/31/619 1531/29/620 1819/29/621 1820/31/622
f 2092/33/623 2089/31/624 1804/31/625 1581/33/626
f 2033/33/627 2060/31/628 1803/31/629 1582/33/630
f 2001/33/631 2028/31/632 1802/31/633 1583/33/634
f 1969/33/635 1996/31/636 1801/31/637 1584/33/638
f 1937/33/639 1964/31/640 1800/31/641 1585/33/642
f 1905/33/643 1932/31/644 1799/31/645 1586/33/646
f 1873/33/647 1900/31/648 1798/31/649 1587/33/650
f 1841/33/651 1868/31/652 1797/31/653 1588/33/654
f 2091/59/655 2088/57/656 1796/57/657 1565/59/658
f 2031/59/659 2059/57/660 1795/57/661 1566/59/662
f 1999/59/663 2027/57/664 1794/57/665 1567/59/666
f 1967/59/667 1995/57/668 1793/57/669 1568/59/670
f 1935/59/671 1963/57/672 1792/57/673 1569/59/674
f 1903/59/675 1931/57/676 1791/57/677 1570/59/678
f 1871/59/679 1899/57/680 1790/57/681 1571/59/682
f 1839/59/683 1867/57/684 1789/57/685 1572/59/686
f 2090/5/687 2087/3/688 1788/3/689 1549/5/690
f 2029/5/691 2058/3/692 1787/3/693 1550/5/694
f 1997/5/695 2026/3/696 1786/597/697 1551/598/698
f 1965/598/699 1994/597/700 1785/597/701 1552/598/702
f 1933/598/703 1962/3/704 1784/3/705 1553/598/706
f 1901/598/707 1930/3/708 1783/3/709 1554/598/710
f 1869/5/711 1898/3/712 1782/3/713 1555/5/714
f 1837/5/715 1866/3/716 1781/3/717 1556/5/718
f 2089/31/624 2086/29/719 1780/29/720 1804/31/625
f 2060/31/628 2057/29/721 1779/29/722 1803/31/629
f 2028/31/632 2025/29/723 1778/29/724 1802/31/633
f 1996/31/636 1993/29/725 1777/29/726 1801/31/637
f 1964/31/640 1961/29/727 1776/29/728 1800/31/641
f 1932/31/644 1929/29/729 1775/29/730 1799/31/645
f 1900/31/648 1897/29/731 1774/29/732 1798/31/649
f 1868/31/652 1865/29/733 1773/29/734 1797/31/653
f 2088/57/656 2085/55/735 1772/55/736 1796/57/657
f 2059/57/660 2056/55/737 1771/55/738 1795/57/661
f 2027/57/664 2024/55/739 1770/55/740 1794/57/665
f 1995/57/668 1992/55/741 1769/55/742 1793/57/669
f 1963/57/672 1960/55/743 1768/55/744 1792/57/673
f 1931/57/676 1928/55/745 1767/55/746 1791/57/677
f 1899/57/680 1896/55/747 1766/55/748 1790/57/681
f 1867/57/684 1864/55/749 1765/55/750 1789/57/685
f 2087/3/688 2068/2/751 1636/2/752 1788/3/689
f 2058/3/692 2039/2/753 1635/2/754 1787/3/693
f 2026/3/696 2007/2/755 1634/2/756 1786/597/697
f 1994/597/700 1975/2/757 1633/2/758 1785/597/701
f 1962/3/704 1943/2/759 1632/2/760 1784/3/705
f 1930/3/708 1911/2/761 1631/2/762 1783/3/709
f 1898/3/712 1879/2/763 1630/2/764 1782/3/713
f 1866/3/716 1847/2/765 1629/2/766 1781/3/717
f 2086/29/719 2084/27/767 1764/27/768 1780/29/720
f 2057/29/721 2055/27/769 1763/27/770 1779/29/722
f 2025/29/723 2023/27/771 1762/27/772 1778/29/724
f 1993/29/725 1991/27/773 1761/27/774 1777/29/726
f 1961/29/727 1959/27/775 1760/27/776 1776/29/728
f 1929/29/729 1927/27/777 1759/27/778 1775/29/730
f 1897/29/731 1895/27/779 1758/27/780 1774/29/732
f 1865/29/733 1863/27/781 1757/27/782 1773/29/734
f 2085/55/735 2083/53/783 1756/53/784 1772/55/736
f 2056/55/737 2054/53/785 1755/53/786 1771/55/738
f 2024/55/739 2022/53/787 1754/53/788 1770/55/740
f 1992/55/741 1990/53/789 1753/53/790 1769/55/742
f 1960/55/743 1958/53/791 1752/53/792 1768/55/744
f 1928/55/745 1926/53/793 1751/53/794 1767/55/746
f 1896/55/747 1894/53/795 1750/53/796 1766/55/748
f 1864/55/749 1862/53/797 1749/53/798 1765/55/750
f 2084/27/767 2082/25/799 1748/25/800 1764/27/768
f 2055/27/769 2053/25/801 1747/25/802 1763/27/770
f 2023/27/771 2021/25/803 1746/25/804 1762/27/772
f 1991/27/773 1989/25/805 1745/25/806 1761/27/774
f 1959/27/775 1957/25/807 1744/25/808 1760/27/776
f 1927/27/777 1925/25/809 1743/25/810 1759/27/778
f 1895/27/779 1893/25/811 1742/25/812 1758/27/780
f 1863/27/781 1861/25/813 1741/25/814 1757/27/782
f 2083/53/783 2081/51/815 1740/51/816 1756/53/784
f 2054/53/785 2052/51/817 1739/51/818 1755/53/786
f 2022/53/787 2020/51/819 1738/51/820 1754/53/788
f 1990/53/789 1988/51/821 1737/51/822 1753/53/790
f 1958/53/791 1956/51/823 1736/51/824 1752/53/792
f 1926/53/793 1924/51/825 1735/51/826 1751/53/794
f 1894/53/795 1892/51/827 1734/51/828 1750/53/796
f 1862/53/797 1860/51/829 1733/51/830 1749/53/798
f 2082/25/799 2080/23/831 1732/23/832 1748/25/800
f 2053/25/801 2051/23/833 1731/23/834 1747/25/802
f 2021/25/803 2019/23/835 1730/599/836 1746/25/804
f 1989/25/805 1987/599/837 1729/599/838 1745/25/806
f 1957/25/807 1955/23/839 1728/23/840 1744/25/808
f 1925/25/809 1923/23/841 1727/23/842 1743/25/810
f 1893/25/811 1891/23/843 1726/23/844 1742/25/812
f 1861/25/813 1859/23/845 1725/23/846 1741/25/814
f 2081/51/815 2079/49/847 1724/49/848 1740/51/816
f 2052/51/817 2050/49/849 1723/49/850 1739/51/818
f 2020/51/819 2018/49/851 1722/49/852 1738/51/820
f 1988/51/821 1986/49/853 1721/49/854 1737/51/822
f 1956/51/823 1954/49/855 1720/49/856 1736/51/824
f 1924/51/825 1922/49/857 1719/49/858 1735/51/826
f 1892/51/827 1890/49/859 1718/49/860 1734/51/828
f 1860/51/829 1858/49/861 1717/49/862 1733/51/830
f 2080/23/831 2078/21/863 1716/21/864 1732/23/832
f 2051/23/833 2049/21/865 1715/600/866 1731/23/834
f 2019/23/835 2017/600/867 1714/600/868 1730/599/836
f 1987/599/837 1985/600/869 1713/600/870 1729/599/838
f 1955/23/839 1953/600/871 1712/600/872 1728/23/840
f 1923/23/841 1921/21/873 1711/21/874 1727/23/842
f 1891/23/843 1889/21/875 1710/21/876 1726/23/844
f 1859/23/845 1857/21/877 1709/21/878 1725/23/846
f 2079/49/847 2077/47/879 1708/47/880 1724/49/848
f 2050/49/849 2048/47/881 1707/47/882 1723/49/850
f 2018/49/851 2016/47/883 1706/47/884 1722/49/852
f 1986/49/853 1984/47/885 1705/47/886 1721/49/854
f 1954/49/855 1952/47/887 1704/47/888 1720/49/856
f 1922/49/857 1920/47/889 1703/47/890 1719/49/858
f 1890/49/859 1888/47/891 1702/47/892 1718/49/860
f 1858/49/861 1856/47/893 1701/47/894 1717/49/862
f 2078/21/863 2076/19/895 1700/19/896 1716/21/864
f 2049/21/865 2047/19/897 1699/19/898 1715/600/866
f 2017/600/867 2015/19/899 1698/601/900 1714/600/868
f 1985/600/869 1983/601/901 1697/601/902 1713/600/870
f 1953/600/871 1951/601/903 1696/601/904 1712/600/872
f 1921/21/873 1919/601/905 1695/601/906 1711/21/874
f 1889/21/875 1887/19/907 1694/19/908 1710/21/876
f 1857/21/877 1855/19/909 1693/19/910 1709/21/878
f 2077/47/879 2075/45/911 1692/45/912 1708/47/880
f 2048/47/881 2046/45/913 1691/45/914 1707/47/882
f 2016/47/883 2014/45/915 1690/45/916 1706/47/884
f 1984/47/885 1982/45/917 1689/45/918 1705/47/886
f 1952/47/887 1950/45/919 1688/45/920 1704/47/888
f 1920/47/889 1918/45/921 1687/45/922 1703/47/890
f 1888/47/891 1886/45/923 1686/45/924 1702/47/892
f 1856/47/893 1854/45/925 1685/45/926 1701/47/894
f 2076/19/895 2074/17/927 1684/17/928 1700/19/896
f 2047/19/897 2045/17/929 1683/17/930 1699/19/898
f 2015/19/899 2013/17/931 1682/17/932 1698/601/900
f 1983/601/901 1981/17/933 1681/17/934 1697/601/902
f 1951/601/903 1949/17/935 1680/17/936 1696/601/904
f 1919/601/905 1917/17/937 1679/17/938 1695/601/906
f 1887/19/907 1885/17/939 1678/17/940 1694/19/908
f 1855/19/909 1853/17/941 1677/17/942 1693/19/910
f 2075/45/911 2073/43/943 1676/43/944 1692/45/912
f 2046/45/913 2044/43/945 1675/602/946 1691/45/914
f 2014/45/915 2012/602/947 1674/602/948 1690/45/916
f 1982/45/917 1980/602/949 1673/602/950 1689/45/918
f 1950/45/919 1948/602/951 1672/602/952 1688/45/920
f 1918/45/921 1916/43/953 1671/43/954 1687/45/922
f 1886/45/923 1884/43/955 1670/43/956 1686/45/924
f 1854/45/925 1852/43/957 1669/43/958 1685/45/926
f 2074/17/927 2072/15/959 1668/15/960 1684/17/928
f 2045/17/929 2043/15/961 1667/15/962 1683/17/930
f 2013/17/931 2011/15/963 1666/15/964 1682/17/932
f 1981/17/933 1979/15/965 1665/15/966 1681/17/934
f 1949/17/935 1947/15/967 1664/15/968 1680/17/936
f 1917/17/937 1915/15/969 1663/603/970 1679/17/938
f 1885/17/939 1883/603/971 1662/603/972 1678/17/940
f 1853/17/941 1851/603/973 1661/603/974 1677/17/942
f 2073/43/943 2071/41/975 1660/41/976 1676/43/944
f 2044/43/945 2042/41/977 1659/41/978 1675/602/946
f 2012/602/947 2010/41/979 1658/41/980 1674/602/948
f 1980/602/949 1978/41/981 1657/41/982 1673/602/950
f 1948/602/951 1946/41/983 1656/41/984 1672/602/952
f 1916/43/953 1914/41/985 1655/41/986 1671/43/954
f 1884/43/955 1882/41/987 1654/41/988 1670/43/956
f 1852/43/957 1850/41/989 1653/41/990 1669/43/958
f 2072/15/959 2070/13/991 1652/13/992 1668/15/960
f 2043/15/961 2041/13/993 1651/13/994 1667/15/962
f 2011/15/963 2009/13/995 1650/604/996 1666/15/964
f 1979/15/965 1977/604/997 1649/604/998 1665/15/966
f 1947/15/967 1945/13/999 1648/13/1000 1664/15/968
f 1915/15/969 1913/13/1001 1647/13/1002 1663/603/970
f 1883/603/971 1881/13/1003 1646/13/1004 1662/603/972
f 1851/603/973 1849/13/1005 1645/13/1006 1661/603/974
f 2071/41/975 2069/39/1007 1644/39/1008 1660/41/976
f 2042/41/977 2040/39/1009 1643/39/1010 1659/41/978
f 2010/41/979 2008/39/1011 1642/605/1012 1658/41/980
f 1978/41/981 1976/605/1013 1641/605/1014 1657/41/982
f 1946/41/983 1944/39/1015 1640/39/1016 1656/41/984
f 1914/41/985 1912/39/1017 1639/39/1018 1655/41/986
f 1882/41/987 1880/39/1019 1638/39/1020 1654/41/988
f 1850/41/989 1848/39/1021 1637/39/1022 1653/41/990
f 2070/13/991 2067/11/1023 1628/11/1024 1652/13/992
f 2041/13/993 2038/11/1025 1627/606/1026 1651/13/994
f 2009/13/995 2006/11/1027 1626/11/1028 1650/604/996
f 1977/604/997 1974/11/1029 1625/11/1030 1649/604/998
f 1945/13/999 1942/11/1031 1624/11/1032 1648/13/1000
f 1913/13/1001 1910/11/1033 1623/11/1034 1647/13/1002
f 1881/13/1003 1878/11/1035 1622/11/1036 1646/13/1004
f 1849/13/1005 1846/11/1037 1621/11/1038 1645/13/1006
f 2069/39/1007 2066/37/1039 1620/37/1040 1644/39/1008
f 2040/39/1009 2037/37/1041 1619/37/1042 1643/39/1010
f 2008/39/1011 2005/37/1043 1618/37/1044 1642/605/1012
f 1976/605/1013 1973/37/1045 1617/37/1046 1641/605/1014
f 1944/39/1015 1941/37/1047 1616/37/1048 1640/39/1016
f 1912/39/1017 1909/37/1049 1615/37/1050 1639/39/1018
f 1880/39/1019 1877/37/1051 1614/37/1052 1638/39/1020
f 1848/39/1021 1845/37/1053 1613/37/1054 1637/39/1022
f 2068/65/751 2065/63/1055 1612/63/1056 1636/65/752
f 2039/65/753 2036/63/1057 1611/63/1058 1635/65/754
f 2007/65/755 2004/63/1059 1610/63/1060 1634/65/756
f 1975/65/757 1972/63/1061 1609/63/1062 1633/65/758
f 1943/65/759 1940/63/1063 1608/63/1064 1632/65/760
f 1911/65/761 1908/63/1065 1607/63/1066 1631/65/762
f 1879/65/763 1876/63/1067 1606/63/1068 1630/65/764
f 1847/65/765 1844/63/1069 1605/63/1070 1629/65/766
f 2067/11/1023 2064/9/1071 1604/9/1072 1628/11/1024
f 2038/11/1025 2035/9/1073 1603/9/1074 1627/606/1026
f 2006/11/1027 2003/9/1075 1602/9/1076 1626/11/1028
f 1974/11/1029 1971/9/1077 1601/9/1078 1625/11/1030
f 1942/11/1031 1939/9/1079 1600/9/1080 1624/11/1032
f 1910/11/1033 1907/9/1081 1599/9/1082 1623/11/1034
f 1878/11/1035 1875/9/1083 1598/9/1084 1622/11/1036
f 1846/11/1037 1843/9/1085 1597/9/1086 1621/11/1038
f 2066/37/1039 2063/35/1087 1596/35/1088 1620/37/1040
f 2037/37/1041 2034/35/1089 1595/35/1090 1619/37/1042
f 2005/37/1043 2002/35/1091 1594/607/1092 1618/37/1044
f 1973/37/1045 1970/607/1093 1593/607/1094 1617/37/1046
f 1941/37/1047 1938/607/1095 1592/607/1096 1616/37/1048
f 1909/37/1049 1906/607/1097 1591/607/1098 1615/37/1050
f 1877/37/1051 1874/35/1099 1590/35/1100 1614/37/1052
f 1845/37/1053 1842/35/1101 1589/35/1102 1613/37/1054
f 2065/63/1055 2062/61/1103 1580/61/1104 1612/63/1056
f 2036/63/1057 2032/61/1105 1579/61/1106 1611/63/1058
f 2004/63/1059 2000/61/1107 1578/61/1108 1610/63/1060
f 1972/63/1061 1968/61/1109 1577/61/1110 1609/63/1062
f 1940/63/1063 1936/61/1111 1576/61/1112 1608/63/1064
f 1908/63/1065 1904/61/1113 1575/61/1114 1607/63/1066
f 1876/63/1067 1872/61/1115 1574/61/1116 1606/63/1068
f 1844/63/1069 1840/61/1117 1573/61/1118 1605/63/1070
f 2064/9/1071 2061/7/1119 1564/7/1120 1604/9/1072
f 2035/9/1073 2030/7/1121 1563/7/1122 1603/9/1074
f 2003/9/1075 1998/7/1123 1562/7/1124 1602/9/1076
f 1971/9/1077 1966/7/1125 1561/7/1126 1601/9/1078
f 1939/9/1079 1934/7/1127 1560/7/1128 1600/9/1080
f 1907/9/1081 1902/7/1129 1559/7/1130 1599/9/1082
f 1875/9/1083 1870/7/1131 1558/7/1132 1598/9/1084
f 1843/9/1085 1838/7/1133 1557/7/1134 1597/9/1086
f 2063/35/1087 2092/33/623 1581/33/626 1596/35/1088
f 2034/35/1089 2033/33/627 1582/33/630 1595/35/1090
f 2002/35/1091 2001/33/631 1583/33/634 1594/607/1092
f 1970/607/1093 1969/33/635 1584/33/638 1593/607/1094
f 1938/607/1095 1937/33/639 1585/33/642 1592/607/1096
f 1906/607/1097 1905/33/643 1586/33/646 1591/607/1098
f 1874/35/1099 1873/33/647 1587/33/650 1590/35/1100
f 1842/35/1101 1841/33/651 1588/33/654 1589/35/1102
f 2062/61/1103 2091/59/655 1565/59/658 1580/61/1104
f 2032/61/1105 2031/59/659 1566/59/662 1579/61/1106
f 2000/61/1107 1999/59/663 1567/59/666 1578/61/1108
f 1968/61/1109 1967/59/667 1568/59/670 1577/61/1110
f 1936/61/1111 1935/59/671 1569/59/674 1576/61/1112
f 1904/61/1113 1903/59/675 1570/59/678 1575/61/1114
f 1872/61/1115 1871/59/679 1571/59/682 1574/61/1116
f 1840/61/1117 1839/59/683 1572/59/686 1573/61/1118
f 2061/7/1119 2090/5/687 1549/5/690 1564/7/1120
f 2030/7/1121 2029/5/691 1550/5/694 1563/7/1122
f 1998/7/1123 1997/5/695 1551/598/698 1562/7/1124
f 1966/7/1125 1965/598/699 1552/598/702 1561/7/1126
f 1934/7/1127 1933/598/703 1553/598/706 1560/7/1128
f 1902/7/1129 1901/598/707 1554/598/710 1559/7/1130
f 1870/7/1131 1869/5/711 1555/5/714 1558/7/1132
f 1838/7/1133 1837/5/715 1556/5/718 1557/7/1134
f 1807/5/1135 1805/3/1136 2317/3/398 2319/5/399
f 1519/5/1137 1517/3/1138 1805/3/1136 1807/5/1135
f 1546/59/1139 1545/57/1140 1833/57/1141 1834/59/1142
f 1533/33/1143 1532/31/619 1820/31/622 1821/33/1144
f 1520/7/1145 1519/5/1137 1807/5/1135 1808/7/1146
f 1547/61/1147 1546/59/1139 1834/59/1142 1835/61/1148
f 1534/35/1149 1533/33/1143 1821/33/1144 1822/35/1150
f 1521/9/1151 1520/7/1145 1808/7/1146 1809/9/1152
f 1548/63/1153 1547/61/1147 1835/61/1148 1836/63/1154
f 1535/37/1155 1534/35/1149 1822/35/1150 1823/37/1156
f 1522/11/1157 1521/9/1151 1809/9/1152 1810/11/1158
f 1518/65/1159 1548/63/1153 1836/63/1154 1806/65/1160
f 1536/39/1161 1535/37/1155 1823/37/1156 1824/39/1162
f 1523/13/1163 1522/11/1157 1810/11/1158 1811/13/1164
f 1537/41/1165 1536/39/1161 1824/39/1162 1825/41/1166
f 1524/15/1167 1523/13/1163 1811/13/1164 1812/15/1168
f 1538/43/1169 1537/41/1165 1825/41/1166 1826/43/1170
f 1525/17/1171 1524/15/1167 1812/15/1168 1813/17/1172
f 1539/45/1173 1538/43/1169 1826/43/1170 1827/45/1174
f 1526/19/1175 1525/17/1171 1813/17/1172 1814/19/1176
f 1540/47/1177 1539/45/1173 1827/45/1174 1828/47/1178
f 1527/21/1179 1526/19/1175 1814/19/1176 1815/21/1180
f 1541/49/1181 1540/47/1177 1828/47/1178 1829/49/1182
f 1528/23/1183 1527/21/1179 1815/21/1180 1816/23/1184
f 1542/51/1185 1541/49/1181 1829/49/1182 1830/51/1186
f 1529/25/1187 1528/23/1183 1816/23/1184 1817/25/1188
f 1543/53/1189 1542/51/1185 1830/51/1186 1831/53/1190
f 1530/27/1191 1529/25/1187 1817/25/1188 1818/27/1192
f 1544/55/1193 1543/53/1189 1831/53/1190 1832/55/1194
f 1531/29/620 1530/27/1191 1818/27/1192 1819/29/621
f 1517/3/1138 1518/2/1159 1806/2/1160 1805/3/1136
f 1545/57/1140 1544/55/1193 1832/55/1194 1833/57/1141
f 2285/7/1195 2314/5/1196 1837/5/715 1838/7/1133
f 2286/61/1197 2315/59/1198 1839/59/683 1840/61/1117
f 2287/35/1199 2316/33/1200 1841/33/651 1842/35/1101
f 2288/9/1201 2285/7/1195 1838/7/1133 1843/9/1085
f 2289/63/1202 2286/61/1197 1840/61/1117 1844/63/1069
f 2290/37/1203 2287/35/1199 1842/35/1101 1845/37/1053
f 2291/11/1204 2288/9/1201 1843/9/1085 1846/11/1037
f 2292/65/1205 2289/63/1202 1844/63/1069 1847/65/765
f 2293/39/1206 2290/37/1203 1845/37/1053 1848/39/1021
f 2294/13/1207 2291/11/1204 1846/11/1037 1849/13/1005
f 2295/41/1208 2293/39/1206 1848/39/1021 1850/41/989
f 2296/603/1209 2294/13/1207 1849/13/1005 1851/603/973
f 2297/43/1210 2295/41/1208 1850/41/989 1852/43/957
f 2298/17/1211 2296/603/1209 1851/603/973 1853/17/941
f 2299/45/1212 2297/43/1210 1852/43/957 1854/45/925
f 2300/19/1213 2298/17/1211 1853/17/941 1855/19/909
f 2301/47/1214 2299/45/1212 1854/45/925 1856/47/893
f 2302/21/1215 2300/19/1213 1855/19/909 1857/21/877
f 2303/49/1216 2301/47/1214 1856/47/893 1858/49/861
f 2304/23/1217 2302/21/1215 1857/21/877 1859/23/845
f 2305/51/1218 2303/49/1216 1858/49/861 1860/51/829
f 2306/25/1219 2304/23/1217 1859/23/845 1861/25/813
f 2307/53/1220 2305/51/1218 1860/51/829 1862/53/797
f 2308/27/1221 2306/25/1219 1861/25/813 1863/27/781
f 2309/55/1222 2307/53/1220 1862/53/797 1864/55/749
f 2310/29/1223 2308/27/1221 1863/27/781 1865/29/733
f 2311/3/1224 2292/2/1205 1847/2/765 1866/3/716
f 2312/57/1225 2309/55/1222 1864/55/749 1867/57/684
f 2313/31/1226 2310/29/1223 1865/29/733 1868/31/652
f 2314/5/1196 2311/3/1224 1866/3/716 1837/5/715
f 2315/59/1198 2312/57/1225 1867/57/684 1839/59/683
f 2316/33/1200 2313/31/1226 1868/31/652 1841/33/651
f 2253/7/1227 2282/5/1228 1869/5/711 1870/7/1131
f 2254/61/1229 2283/59/1230 1871/59/679 1872/61/1115
f 2255/35/1231 2284/33/1232 1873/33/647 1874/35/1099
f 2256/9/1233 2253/7/1227 1870/7/1131 1875/9/1083
f 2257/63/1234 2254/61/1229 1872/61/1115 1876/63/1067
f 2258/37/1235 2255/35/1231 1874/35/1099 1877/37/1051
f 2259/11/1236 2256/9/1233 1875/9/1083 1878/11/1035
f 2260/65/1237 2257/63/1234 1876/63/1067 1879/65/763
f 2261/39/1238 2258/37/1235 1877/37/1051 1880/39/1019
f 2262/13/1239 2259/11/1236 1878/11/1035 1881/13/1003
f 2263/41/1240 2261/39/1238 1880/39/1019 1882/41/987
f 2264/603/1241 2262/13/1239 1881/13/1003 1883/603/971
f 2265/43/1242 2263/41/1240 1882/41/987 1884/43/955
f 2266/17/1243 2264/603/1241 1883/603/971 1885/17/939
f 2267/45/1244 2265/43/1242 1884/43/955 1886/45/923
f 2268/19/1245 2266/17/1243 1885/17/939 1887/19/907
f 2269/47/1246 2267/45/1244 1886/45/923 1888/47/891
f 2270/21/1247 2268/19/1245 1887/19/907 1889/21/875
f 2271/49/1248 2269/47/1246 1888/47/891 1890/49/859
f 2272/23/1249 2270/21/1247 1889/21/875 1891/23/843
f 2273/51/1250 2271/49/1248 1890/49/859 1892/51/827
f 2274/25/1251 2272/23/1249 1891/23/843 1893/25/811
f 2275/53/1252 2273/51/1250 1892/51/827 1894/53/795
f 2276/27/1253 2274/25/1251 1893/25/811 1895/27/779
f 2277/55/1254 2275/53/1252 1894/53/795 1896/55/747
f 2278/29/1255 2276/27/1253 1895/27/779 1897/29/731
f 2279/3/1256 2260/2/1237 1879/2/763 1898/3/712
f 2280/57/1257 2277/55/1254 1896/55/747 1899/57/680
f 2281/31/1258 2278/29/1255 1897/29/731 1900/31/648
f 2282/5/1228 2279/3/1256 1898/3/712 1869/5/711
f 2283/59/1230 2280/57/1257 1899/57/680 1871/59/679
f 2284/33/1232 2281/31/1258 1900/31/648 1873/33/647
f 2221/7/1259 2250/598/1260 1901/598/707 1902/7/1129
f 2222/61/1261 2251/59/1262 1903/59/675 1904/61/1113
f 2223/607/1263 2252/33/1264 1905/33/643 1906/607/1097
f 2224/9/1265 2221/7/1259 1902/7/1129 1907/9/1081
f 2225/63/1266 2222/61/1261 1904/61/1113 1908/63/1065
f 2226/37/1267 2223/607/1263 1906/607/1097 1909/37/1049
f 2227/11/1268 2224/9/1265 1907/9/1081 1910/11/1033
f 2228/65/1269 2225/63/1266 1908/63/1065 1911/65/761
f 2229/39/1270 2226/37/1267 1909/37/1049 1912/39/1017
f 2230/13/1271 2227/11/1268 1910/11/1033 1913/13/1001
f 2231/41/1272 2229/39/1270 1912/39/1017 1914/41/985
f 2232/15/1273 2230/13/1271 1913/13/1001 1915/15/969
f 2233/43/1274 2231/41/1272 1914/41/985 1916/43/953
f 2234/17/1275 2232/15/1273 1915/15/969 1917/17/937
f 2235/45/1276 2233/43/1274 1916/43/953 1918/45/921
f 2236/601/1277 2234/17/1275 1917/17/937 1919/601/905
f 2237/47/1278 2235/45/1276 1918/45/921 1920/47/889
f 2238/21/1279 2236/601/1277 1919/601/905 1921/21/873
f 2239/49/1280 2237/47/1278 1920/47/889 1922/49/857
f 2240/23/1281 2238/21/1279 1921/21/873 1923/23/841
f 2241/51/1282 2239/49/1280 1922/49/857 1924/51/825
f 2242/25/1283 2240/23/1281 1923/23/841 1925/25/809
f 2243/53/1284 2241/51/1282 1924/51/825 1926/53/793
f 2244/27/1285 2242/25/1283 1925/25/809 1927/27/777
f 2245/55/1286 2243/53/1284 1926/53/793 1928/55/745
f 2246/29/1287 2244/27/1285 1927/27/777 1929/29/729
f 2247/3/1288 2228/2/1269 1911/2/761 1930/3/708
f 2248/57/1289 2245/55/1286 1928/55/745 1931/57/676
f 2249/31/1290 2246/29/1287 1929/29/729 1932/31/644
f 2250/598/1260 2247/3/1288 1930/3/708 1901/598/707
f 2251/59/1262 2248/57/1289 1931/57/676 1903/59/675
f 2252/33/1264 2249/31/1290 1932/31/644 1905/33/643
f 2189/7/1291 2218/598/1292 1933/598/703 1934/7/1127
f 2190/61/1293 2219/59/1294 1935/59/671 1936/61/1111
f 2191/607/1295 2220/33/1296 1937/33/639 1938/607/1095
f 2192/9/1297 2189/7/1291 1934/7/1127 1939/9/1079
f 2193/63/1298 2190/61/1293 1936/61/1111 1940/63/1063
f 2194/37/1299 2191/607/1295 1938/607/1095 1941/37/1047
f 2195/11/1300 2192/9/1297 1939/9/1079 1942/11/1031
f 2196/65/1301 2193/63/1298 1940/63/1063 1943/65/759
f 2197/39/1302 2194/37/1299 1941/37/1047 1944/39/1015
f 2198/13/1303 2195/11/1300 1942/11/1031 1945/13/999
f 2199/41/1304 2197/39/1302 1944/39/1015 1946/41/983
f 2200/15/1305 2198/13/1303 1945/13/999 1947/15/967
f 2201/602/1306 2199/41/1304 1946/41/983 1948/602/951
f 2202/17/1307 2200/15/1305 1947/15/967 1949/17/935
f 2203/45/1308 2201/602/1306 1948/602/951 1950/45/919
f 2204/601/1309 2202/17/1307 1949/17/935 1951/601/903
f 2205/47/1310 2203/45/1308 1950/45/919 1952/47/887
f 2206/600/1311 2204/601/1309 1951/601/903 1953/600/871
f 2207/49/1312 2205/47/1310 1952/47/887 1954/49/855
f 2208/23/1313 2206/600/1311 1953/600/871 1955/23/839
f 2209/51/1314 2207/49/1312 1954/49/855 1956/51/823
f 2210/25/1315 2208/23/1313 1955/23/839 1957/25/807
f 2211/53/1316 2209/51/1314 1956/51/823 1958/53/791
f 2212/27/1317 2210/25/1315 1957/25/807 1959/27/775
f 2213/55/1318 2211/53/1316 1958/53/791 1960/55/743
f 2214/29/1319 2212/27/1317 1959/27/775 1961/29/727
f 2215/3/1320 2196/2/1301 1943/2/759 1962/3/704
f 2216/57/1321 2213/55/1318 1960/55/743 1963/57/672
f 2217/31/1322 2214/29/1319 1961/29/727 1964/31/640
f 2218/598/1292 2215/3/1320 1962/3/704 1933/598/703
f 2219/59/1294 2216/57/1321 1963/57/672 1935/59/671
f 2220/33/1296 2217/31/1322 1964/31/640 1937/33/639
f 2157/7/1323 2186/598/1324 1965/598/699 1966/7/1125
f 2158/61/1325 2187/59/1326 1967/59/667 1968/61/1109
f 2159/607/1327 2188/33/1328 1969/33/635 1970/607/1093
f 2160/9/1329 2157/7/1323 1966/7/1125 1971/9/1077
f 2161/63/1330 2158/61/1325 1968/61/1109 1972/63/1061
f 2162/37/1331 2159/607/1327 1970/607/1093 1973/37/1045
f 2163/11/1332 2160/9/1329 1971/9/1077 1974/11/1029
f 2164/65/1333 2161/63/1330 1972/63/1061 1975/65/757
f 2165/605/1334 2162/37/1331 1973/37/1045 1976/605/1013
f 2166/604/1335 2163/11/1332 1974/11/1029 1977/604/997
f 2167/41/1336 2165/605/1334 1976/605/1013 1978/41/981
f 2168/15/1337 2166/604/1335 1977/604/997 1979/15/965
f 2169/602/1338 2167/41/1336 1978/41/981 1980/602/949
f 2170/17/1339 2168/15/1337 1979/15/965 1981/17/933
f 2171/45/1340 2169/602/1338 1980/602/949 1982/45/917
f 2172/601/1341 2170/17/1339 1981/17/933 1983/601/901
f 2173/47/1342 2171/45/1340 1982/45/917 1984/47/885
f 2174/600/1343 2172/601/1341 1983/601/901 1985/600/869
f 2175/49/1344 2173/47/1342 1984/47/885 1986/49/853
f 2176/599/1345 2174/600/1343 1985/600/869 1987/599/837
f 2177/51/1346 2175/49/1344 1986/49/853 1988/51/821
f 2178/25/1347 2176/599/1345 1987/599/837 1989/25/805
f 2179/53/1348 2177/51/1346 1988/51/821 1990/53/789
f 2180/27/1349 2178/25/1347 1989/25/805 1991/27/773
f 2181/55/1350 2179/53/1348 1990/53/789 1992/55/741
f 2182/29/1351 2180/27/1349 1991/27/773 1993/29/725
f 2183/597/1352 2164/2/1333 1975/2/757 1994/597/700
f 2184/57/1353 2181/55/1350 1992/55/741 1995/57/668
f 2185/31/1354 2182/29/1351 1993/29/725 1996/31/636
f 2186/598/1324 2183/597/1352 1994/597/700 1965/598/699
f 2187/59/1326 2184/57/1353 1995/57/668 1967/59/667
f 2188/33/1328 2185/31/1354 1996/31/636 1969/33/635
f 2125/7/1355 2154/5/1356 1997/5/695 1998/7/1123
f 2126/61/1357 2155/59/1358 1999/59/663 2000/61/1107
f 2127/35/1359 2156/33/1360 2001/33/631 2002/35/1091
f 2128/9/1361 2125/7/1355 1998/7/1123 2003/9/1075
f 2129/63/1362 2126/61/1357 2000/61/1107 2004/63/1059
f 2130/37/1363 2127/35/1359 2002/35/1091 2005/37/1043
f 2131/11/1364 2128/9/1361 2003/9/1075 2006/11/1027
f 2132/65/1365 2129/63/1362 2004/63/1059 2007/65/755
f 2133/39/1366 2130/37/1363 2005/37/1043 2008/39/1011
f 2134/13/1367 2131/11/1364 2006/11/1027 2009/13/995
f 2135/41/1368 2133/39/1366 2008/39/1011 2010/41/979
f 2136/15/1369 2134/13/1367 2009/13/995 2011/15/963
f 2137/602/1370 2135/41/1368 2010/41/979 2012/602/947
f 2138/17/1371 2136/15/1369 2011/15/963 2013/17/931
f 2139/45/1372 2137/602/1370 2012/602/947 2014/45/915
f 2140/19/1373 2138/17/1371 2013/17/931 2015/19/899
f 2141/47/1374 2139/45/1372 2014/45/915 2016/47/883
f 2142/600/1375 2140/19/1373 2015/19/899 2017/600/867
f 2143/49/1376 2141/47/1374 2016/47/883 2018/49/851
f 2144/23/1377 2142/600/1375 2017/600/867 2019/23/835
f 2145/51/1378 2143/49/1376 2018/49/851 2020/51/819
f 2146/25/1379 2144/23/1377 2019/23/835 2021/25/803
f 2147/53/1380 2145/51/1378 2020/51/819 2022/53/787
f 2148/27/1381 2146/25/1379 2021/25/803 2023/27/771
f 2149/55/1382 2147/53/1380 2022/53/787 2024/55/739
f 2150/29/1383 2148/27/1381 2023/27/771 2025/29/723
f 2151/3/1384 2132/2/1365 2007/2/755 2026/3/696
f 2152/57/1385 2149/55/1382 2024/55/739 2027/57/664
f 2153/31/1386 2150/29/1383 2025/29/723 2028/31/632
f 2154/5/1356 2151/3/1384 2026/3/696 1997/5/695
f 2155/59/1358 2152/57/1385 2027/57/664 1999/59/663
f 2156/33/1360 2153/31/1386 2028/31/632 2001/33/631
f 2093/7/1387 2122/5/1388 2029/5/691 2030/7/1121
f 2094/61/1389 2123/59/1390 2031/59/659 2032/61/1105
f 2095/35/1391 2124/33/1392 2033/33/627 2034/35/1089
f 2096/9/1393 2093/7/1387 2030/7/1121 2035/9/1073
f 2097/63/1394 2094/61/1389 2032/61/1105 2036/63/1057
f 2098/37/1395 2095/35/1391 2034/35/1089 2037/37/1041
f 2099/11/1396 2096/9/1393 2035/9/1073 2038/11/1025
f 2100/65/1397 2097/63/1394 2036/63/1057 2039/65/753
f 2101/39/1398 2098/37/1395 2037/37/1041 2040/39/1009
f 2102/13/1399 2099/11/1396 2038/11/1025 2041/13/993
f 2103/41/1400 2101/39/1398 2040/39/1009 2042/41/977
f 2104/15/1401 2102/13/1399 2041/13/993 2043/15/961
f 2105/43/1402 2103/41/1400 2042/41/977 2044/43/945
f 2106/17/1403 2104/15/1401 2043/15/961 2045/17/929
f 2107/45/1404 2105/43/1402 2044/43/945 2046/45/913
f 2108/19/1405 2106/17/1403 2045/17/929 2047/19/897
f 2109/47/1406 2107/45/1404 2046/45/913 2048/47/881
f 2110/21/1407 2108/19/1405 2047/19/897 2049/21/865
f 2111/49/1408 2109/47/1406 2048/47/881 2050/49/849
f 2112/23/1409 2110/21/1407 2049/21/865 2051/23/833
f 2113/51/1410 2111/49/1408 2050/49/849 2052/51/817
f 2114/25/1411 2112/23/1409 2051/23/833 2053/25/801
f 2115/53/1412 2113/51/1410 2052/51/817 2054/53/785
f 2116/27/1413 2114/25/1411 2053/25/801 2055/27/769
f 2117/55/1414 2115/53/1412 2054/53/785 2056/55/737
f 2118/29/1415 2116/27/1413 2055/27/769 2057/29/721
f 2119/3/1416 2100/2/1397 2039/2/753 2058/3/692
f 2120/57/1417 2117/55/1414 2056/55/737 2059/57/660
f 2121/31/1418 2118/29/1415 2057/29/721 2060/31/628
f 2122/5/1388 2119/3/1416 2058/3/692 2029/5/691
f 2123/59/1390 2120/57/1417 2059/57/660 2031/59/659
f 2124/33/1392 2121/31/1418 2060/31/628 2033/33/627
f 1488/7/142 1487/5/139 2090/5/687 2061/7/1119
f 1515/61/143 1514/59/140 2091/59/655 2062/61/1103
f 1502/35/144 1501/33/141 2092/33/623 2063/35/1087
f 1489/9/145 1488/7/142 2061/7/1119 2064/9/1071
f 1516/63/146 1515/61/143 2062/61/1103 2065/63/1055
f 1503/37/147 1502/35/144 2063/35/1087 2066/37/1039
f 1490/11/148 1489/9/145 2064/9/1071 2067/11/1023
f 1486/65/135 1516/63/146 2065/63/1055 2068/65/751
f 1504/39/149 1503/37/147 2066/37/1039 2069/39/1007
f 1491/13/150 1490/11/148 2067/11/1023 2070/13/991
f 1505/41/151 1504/39/149 2069/39/1007 2071/41/975
f 1492/15/152 1491/13/150 2070/13/991 2072/15/959
f 1506/43/153 1505/41/151 2071/41/975 2073/43/943
f 1493/17/154 1492/15/152 2072/15/959 2074/17/927
f 1507/45/155 1506/43/153 2073/43/943 2075/45/911
f 1494/19/156 1493/17/154 2074/17/927 2076/19/895
f 1508/47/157 1507/45/155 2075/45/911 2077/47/879
f 1495/21/158 1494/19/156 2076/19/895 2078/21/863
f 1509/49/159 1508/47/157 2077/47/879 2079/49/847
f 1496/23/160 1495/21/158 2078/21/863 2080/23/831
f 1510/51/161 1509/49/159 2079/49/847 2081/51/815
f 1497/25/162 1496/23/160 2080/23/831 2082/25/799
f 1511/53/103 1510/51/161 2081/51/815 2083/53/783
f 1498/27/133 1497/25/162 2082/25/799 2084/27/767
f 1512/55/104 1511/53/103 2083/53/783 2085/55/735
f 1499/29/134 1498/27/133 2084/27/767 2086/29/719
f 1485/3/136 1486/2/135 2068/2/751 2087/3/688
f 1513/57/137 1512/55/104 2085/55/735 2088/57/656
f 1500/31/138 1499/29/134 2086/29/719 2089/31/624
f 1487/5/139 1485/3/136 2087/3/688 2090/5/687
f 1514/59/140 1513/57/137 2088/57/656 2091/59/655
f 1501/33/141 1500/31/138 2089/31/624 2092/33/623
f 2332/31/406 2331/29/431 2363/29/307 2364/31/304
f 1834/59/1142 1833/57/1141 2345/57/404 2346/59/405
f 1821/33/1144 1820/31/622 2332/31/406 2333/33/407
f 1808/7/1146 1807/5/1135 2319/5/399 2320/7/408
f 1835/61/1148 1834/59/1142 2346/59/405 2347/61/409
f 1822/35/1150 1821/33/1144 2333/33/407 2334/35/410
f 1809/9/1152 1808/7/1146 2320/7/408 2321/9/411
f 1836/63/1154 1835/61/1148 2347/61/409 2348/63/412
f 1823/37/1156 1822/35/1150 2334/35/410 2335/37/413
f 1810/11/1158 1809/9/1152 2321/9/411 2322/11/414
f 1806/65/1160 1836/63/1154 2348/63/412 2318/65/415
f 1824/39/1162 1823/37/1156 2335/37/413 2336/39/416
f 1811/13/1164 1810/11/1158 2322/11/414 2323/13/417
f 1825/41/1166 1824/39/1162 2336/39/416 2337/41/418
f 1812/15/1168 1811/13/1164 2323/13/417 2324/15/419
f 1826/43/1170 1825/41/1166 2337/41/418 2338/43/420
f 1813/17/1172 1812/15/1168 2324/15/419 2325/17/421
f 1827/45/1174 1826/43/1170 2338/43/420 2339/45/422
f 1814/19/1176 1813/17/1172 2325/17/421 2326/19/423
f 1828/47/1178 1827/45/1174 2339/45/422 2340/47/401
f 1815/21/1180 1814/19/1176 2326/19/423 2327/21/424
f 1829/49/1182 1828/47/1178 2340/47/401 2341/49/400
f 1816/23/1184 1815/21/1180 2327/21/424 2328/23/425
f 1830/51/1186 1829/49/1182 2341/49/400 2342/51/426
f 1817/25/1188 1816/23/1184 2328/23/425 2329/25/427
f 1831/53/1190 1830/51/1186 2342/51/426 2343/53/428
f 1818/27/1192 1817/25/1188 2329/25/427 2330/27/429
f 1832/55/1194 1831/53/1190 2343/53/428 2344/55/430
f 1819/29/621 1818/27/1192 2330/27/429 2331/29/431
f 1805/3/1136 1806/2/1160 2318/2/415 2317/3/398
f 1833/57/1141 1832/55/1194 2344/55/430 2345/57/404
f 1820/31/622 1819/29/621 2331/29/431 2332/31/406
f 2367/37/318 2366/35/315 2398/35/210 2399/37/211
f 2319/5/399 2317/3/398 2349/3/309 2351/5/311
f 2346/59/405 2345/57/404 2377/57/310 2378/59/312
f 2333/33/407 2332/31/406 2364/31/304 2365/33/303
f 2320/7/408 2319/5/399 2351/5/311 2352/7/313
f 2347/61/409 2346/59/405 2378/59/312 2379/61/314
f 2334/35/410 2333/33/407 2365/33/303 2366/35/315
f 2321/9/411 2320/7/408 2352/7/313 2353/9/316
f 2348/63/412 2347/61/409 2379/61/314 2380/63/317
f 2335/37/413 2334/35/410 2366/35/315 2367/37/318
f 2322/11/414 2321/9/411 2353/9/316 2354/11/319
f 2318/65/415 2348/63/412 2380/63/317 2350/65/308
f 2336/39/416 2335/37/413 2367/37/318 2368/39/320
f 2323/13/417 2322/11/414 2354/11/319 2355/13/321
f 2337/41/418 2336/39/416 2368/39/320 2369/41/322
f 2324/15/419 2323/13/417 2355/13/321 2356/15/323
f 2338/43/420 2337/41/418 2369/41/322 2370/43/324
f 2325/17/421 2324/15/419 2356/15/323 2357/17/325
f 2339/45/422 2338/43/420 2370/43/324 2371/45/326
f 2326/19/423 2325/17/421 2357/17/325 2358/19/327
f 2340/47/401 2339/45/422 2371/45/326 2372/47/328
f 2327/21/424 2326/19/423 2358/19/327 2359/21/329
f 2341/49/400 2340/47/401 2372/47/328 2373/49/330
f 2328/23/425 2327/21/424 2359/21/329 2360/23/331
f 2342/51/426 2341/49/400 2373/49/330 2374/51/332
f 2329/25/427 2328/23/425 2360/23/331 2361/25/301
f 2343/53/428 2342/51/426 2374/51/332 2375/53/305
f 2330/27/429 2329/25/427 2361/25/301 2362/27/302
f 2344/55/430 2343/53/428 2375/53/305 2376/55/306
f 2331/29/431 2330/27/429 2362/27/302 2363/29/307
f 2317/3/398 2318/2/415 2350/2/308 2349/3/309
f 2345/57/404 2344/55/430 2376/55/306 2377/57/310
f 2402/43/214 2401/41/213 2433/41/151 2434/43/153
f 2354/11/319 2353/9/316 2385/9/199 2386/11/200
f 2350/65/308 2380/63/317 2412/63/224 2382/65/195
f 2368/39/320 2367/37/318 2399/37/211 2400/39/212
f 2355/13/321 2354/11/319 2386/11/200 2387/13/201
f 2369/41/322 2368/39/320 2400/39/212 2401/41/213
f 2356/15/323 2355/13/321 2387/13/201 2388/15/202
f 2370/43/324 2369/41/322 2401/41/213 2402/43/214
f 2357/17/325 2356/15/323 2388/15/202 2389/17/194
f 2371/45/326 2370/43/324 2402/43/214 2403/45/215
f 2358/19/327 2357/17/325 2389/17/194 2390/19/193
f 2372/47/328 2371/45/326 2403/45/215 2404/47/216
f 2359/21/329 2358/19/327 2390/19/193 2391/21/203
f 2373/49/330 2372/47/328 2404/47/216 2405/49/217
f 2360/23/331 2359/21/329 2391/21/203 2392/23/204
f 2374/51/332 2373/49/330 2405/49/217 2406/51/218
f 2361/25/301 2360/23/331 2392/23/204 2393/25/205
f 2375/53/305 2374/51/332 2406/51/218 2407/53/219
f 2362/27/302 2361/25/301 2393/25/205 2394/27/206
f 2376/55/306 2375/53/305 2407/53/219 2408/55/220
f 2363/29/307 2362/27/302 2394/27/206 2395/29/207
f 2349/3/309 2350/2/308 2382/2/195 2381/3/196
f 2377/57/310 2376/55/306 2408/55/220 2409/57/221
f 2364/31/304 2363/29/307 2395/29/207 2396/31/208
f 2351/5/311 2349/3/309 2381/3/196 2383/5/197
f 2378/59/312 2377/57/310 2409/57/221 2410/59/222
f 2365/33/303 2364/31/304 2396/31/208 2397/33/209
f 2352/7/313 2351/5/311 2383/5/197 2384/7/198
f 2379/61/314 2378/59/312 2410/59/222 2411/61/223
f 2366/35/315 2365/33/303 2397/33/209 2398/35/210
f 2353/9/316 2352/7/313 2384/7/198 2385/9/199
f 2380/63/317 2379/61/314 2411/61/223 2412/63/224
f 2389/17/194 2388/15/202 2420/15/152 2421/17/154
f 2403/45/215 2402/43/214 2434/43/153 2435/45/155
f 2390/19/193 2389/17/194 2421/17/154 2422/19/156
f 2404/47/216 2403/45/215 2435/45/155 2436/47/157
f 2391/21/203 2390/19/193 2422/19/156 2423/21/158
f 2405/49/217 2404/47/216 2436/47/157 2437/49/159
f 2392/23/204 2391/21/203 2423/21/158 2424/23/160
f 2406/51/218 2405/49/217 2437/49/159 2438/51/161
f 2393/25/205 2392/23/204 2424/23/160 2425/25/162
f 2407/53/219 2406/51/218 2438/51/161 2439/53/103
f 2394/27/206 2393/25/205 2425/25/162 2426/27/133
f 2408/55/220 2407/53/219 2439/53/103 2440/55/104
f 2395/29/207 2394/27/206 2426/27/133 2427/29/134
f 2381/3/196 2382/2/195 2414/2/135 2413/3/136
f 2409/57/221 2408/55/220 2440/55/104 2441/57/137
f 2396/31/208 2395/29/207 2427/29/134 2428/31/138
f 2383/5/197 2381/3/196 2413/3/136 2415/5/139
f 2410/59/222 2409/57/221 2441/57/137 2442/59/140
f 2397/33/209 2396/31/208 2428/31/138 2429/33/141
f 2384/7/198 2383/5/197 2415/5/139 2416/7/142
f 2411/61/223 2410/59/222 2442/59/140 2443/61/143
f 2398/35/210 2397/33/209 2429/33/141 2430/35/144
f 2385/9/199 2384/7/198 2416/7/142 2417/9/145
f 2412/63/224 2411/61/223 2443/61/143 2444/63/146
f 2399/37/211 2398/35/210 2430/35/144 2431/37/147
f 2386/11/200 2385/9/199 2417/9/145 2418/11/148
f 2382/65/195 2412/63/224 2444/63/146 2414/65/135
f 2400/39/212 2399/37/211 2431/37/147 2432/39/149
f 2387/13/201 2386/11/200 2418/11/148 2419/13/150
f 2401/41/213 2400/39/212 2432/39/149 2433/41/151
f 2388/15/202 2387/13/201 2419/13/150 2420/15/152
usemtl Material.003
f 2448/7/142 2447/5/139 2479/5/465 2480/7/432
f 2483/13/455 2482/11/453 2514/11/414 2515/13/417
f 2475/61/143 2474/59/140 2506/59/446 2507/61/448
f 2462/35/144 2461/33/141 2493/33/447 2494/35/449
f 2449/9/145 2448/7/142 2480/7/432 2481/9/450
f 2476/63/146 2475/61/143 2507/61/448 2508/63/451
f 2463/37/147 2462/35/144 2494/35/449 2495/37/452
f 2450/11/148 2449/9/145 2481/9/450 2482/11/453
f 2446/65/135 2476/63/146 2508/63/451 2478/65/442
f 2464/39/149 2463/37/147 2495/37/452 2496/39/454
f 2451/13/150 2450/11/148 2482/11/453 2483/13/455
f 2465/41/151 2464/39/149 2496/39/454 2497/41/456
f 2452/15/152 2451/13/150 2483/13/455 2484/15/457
f 2466/43/153 2465/41/151 2497/41/456 2498/43/458
f 2453/17/154 2452/15/152 2484/15/457 2485/17/459
f 2467/45/155 2466/43/153 2498/43/458 2499/45/460
f 2454/19/156 2453/17/154 2485/17/459 2486/19/461
f 2468/47/157 2467/45/155 2499/45/460 2500/47/402
f 2455/21/158 2454/19/156 2486/19/461 2487/21/434
f 2469/49/159 2468/47/157 2500/47/402 2501/49/403
f 2456/23/160 2455/21/158 2487/21/434 2488/23/435
f 2470/51/161 2469/49/159 2501/49/403 2502/51/436
f 2457/25/162 2456/23/160 2488/23/435 2489/25/437
f 2471/53/103 2470/51/161 2502/51/436 2503/53/438
f 2458/27/133 2457/25/162 2489/25/437 2490/27/439
f 2472/55/104 2471/53/103 2503/53/438 2504/55/440
f 2459/29/134 2458/27/133 2490/27/439 2491/29/464
f 2445/3/136 2446/2/135 2478/2/442 2477/3/443
f 2473/57/137 2472/55/104 2504/55/440 2505/57/444
f 2460/31/138 2459/29/134 2491/29/464 2492/31/445
f 2447/5/139 2445/3/136 2477/3/443 2479/5/465
f 2474/59/140 2473/57/137 2505/57/444 2506/59/446
f 2461/33/141 2460/31/138 2492/31/445 2493/33/447
f 2518/19/423 2517/17/421 2549/17/325 2550/19/327
f 2497/41/456 2496/39/454 2528/39/416 2529/41/418
f 2484/15/457 2483/13/455 2515/13/417 2516/15/419
f 2498/43/458 2497/41/456 2529/41/418 2530/43/420
f 2485/17/459 2484/15/457 2516/15/419 2517/17/421
f 2499/45/460 2498/43/458 2530/43/420 2531/45/422
f 2486/19/461 2485/17/459 2517/17/421 2518/19/423
f 2500/47/402 2499/45/460 2531/45/422 2532/47/401
f 2487/21/434 2486/19/461 2518/19/423 2519/21/424
f 2501/49/403 2500/47/402 2532/47/401 2533/49/400
f 2488/23/435 2487/21/434 2519/21/424 2520/23/425
f 2502/51/436 2501/49/403 2533/49/400 2534/51/426
f 2489/25/437 2488/23/435 2520/23/425 2521/25/427
f 2503/53/438 2502/51/436 2534/51/426 2535/53/428
f 2490/27/439 2489/25/437 2521/25/427 2522/27/429
f 2504/55/440 2503/53/438 2535/53/428 2536/55/430
f 2491/29/464 2490/27/439 2522/27/429 2523/29/431
f 2477/3/443 2478/2/442 2510/2/415 2509/3/398
f 2505/57/444 2504/55/440 2536/55/430 2537/57/404
f 2492/31/445 2491/29/464 2523/29/431 2524/31/406
f 2479/5/465 2477/3/443 2509/3/398 2511/5/399
f 2506/59/446 2505/57/444 2537/57/404 2538/59/405
f 2493/33/447 2492/31/445 2524/31/406 2525/33/407
f 2480/7/432 2479/5/465 2511/5/399 2512/7/408
f 2507/61/448 2506/59/446 2538/59/405 2539/61/409
f 2494/35/449 2493/33/447 2525/33/407 2526/35/410
f 2481/9/450 2480/7/432 2512/7/408 2513/9/411
f 2508/63/451 2507/61/448 2539/61/409 2540/63/412
f 2495/37/452 2494/35/449 2526/35/410 2527/37/413
f 2482/11/453 2481/9/450 2513/9/411 2514/11/414
f 2478/65/442 2508/63/451 2540/63/412 2510/65/415
f 2496/39/454 2495/37/452 2527/37/413 2528/39/416
f 2553/25/301 2552/23/331 2584/23/204 2585/25/205
f 2532/47/401 2531/45/422 2563/45/326 2564/47/328
f 2519/21/424 2518/19/423 2550/19/327 2551/21/329
f 2533/49/400 2532/47/401 2564/47/328 2565/49/330
f 2520/23/425 2519/21/424 2551/21/329 2552/23/331
f 2534/51/426 2533/49/400 2565/49/330 2566/51/332
f 2521/25/427 2520/23/425 2552/23/331 2553/25/301
f 2535/53/428 2534/51/426 2566/51/332 2567/53/305
f 2522/27/429 2521/25/427 2553/25/301 2554/27/302
f 2536/55/430 2535/53/428 2567/53/305 2568/55/306
f 2523/29/431 2522/27/429 2554/27/302 2555/29/307
f 2509/3/398 2510/2/415 2542/2/308 2541/3/309
f 2537/57/404 2536/55/430 2568/55/306 2569/57/310
f 2524/31/406 2523/29/431 2555/29/307 2556/31/304
f 2511/5/399 2509/3/398 2541/3/309 2543/5/311
f 2538/59/405 2537/57/404 2569/57/310 2570/59/312
f 2525/33/407 2524/31/406 2556/31/304 2557/33/303
f 2512/7/408 2511/5/399 2543/5/311 2544/7/313
f 2539/61/409 2538/59/405 2570/59/312 2571/61/314
f 2526/35/410 2525/33/407 2557/33/303 2558/35/315
f 2513/9/411 2512/7/408 2544/7/313 2545/9/316
f 2540/63/412 2539/61/409 2571/61/314 2572/63/317
f 2527/37/413 2526/35/410 2558/35/315 2559/37/318
f 2514/11/414 2513/9/411 2545/9/316 2546/11/319
f 2510/65/415 2540/63/412 2572/63/317 2542/65/308
f 2528/39/416 2527/37/413 2559/37/318 2560/39/320
f 2515/13/417 2514/11/414 2546/11/319 2547/13/321
f 2529/41/418 2528/39/416 2560/39/320 2561/41/322
f 2516/15/419 2515/13/417 2547/13/321 2548/15/323
f 2530/43/420 2529/41/418 2561/41/322 2562/43/324
f 2517/17/421 2516/15/419 2548/15/323 2549/17/325
f 2531/45/422 2530/43/420 2562/43/324 2563/45/326
f 2588/31/208 2587/29/207 2619/29/134 2620/31/138
f 2567/53/305 2566/51/332 2598/51/218 2599/53/219
f 2554/27/302 2553/25/301 2585/25/205 2586/27/206
f 2568/55/306 2567/53/305 2599/53/219 2600/55/220
f 2555/29/307 2554/27/302 2586/27/206 2587/29/207
f 2541/3/309 2542/2/308 2574/2/195 2573/3/196
f 2569/57/310 2568/55/306 2600/55/220 2601/57/221
f 2556/31/304 2555/29/307 2587/29/207 2588/31/208
f 2543/5/311 2541/3/309 2573/3/196 2575/5/197
f 2570/59/312 2569/57/310 2601/57/221 2602/59/222
f 2557/33/303 2556/31/304 2588/31/208 2589/33/209
f 2544/7/313 2543/5/311 2575/5/197 2576/7/198
f 2571/61/314 2570/59/312 2602/59/222 2603/61/223
f 2558/35/315 2557/33/303 2589/33/209 2590/35/210
f 2545/9/316 2544/7/313 2576/7/198 2577/9/199
f 2572/63/317 2571/61/314 2603/61/223 2604/63/224
f 2559/37/318 2558/35/315 2590/35/210 2591/37/211
f 2546/11/319 2545/9/316 2577/9/199 2578/11/200
f 2542/65/308 2572/63/317 2604/63/224 2574/65/195
f 2560/39/320 2559/37/318 2591/37/211 2592/39/212
f 2547/13/321 2546/11/319 2578/11/200 2579/13/201
f 2561/41/322 2560/39/320 2592/39/212 2593/41/213
f 2548/15/323 2547/13/321 2579/13/201 2580/15/202
f 2562/43/324 2561/41/322 2593/41/213 2594/43/214
f 2549/17/325 2548/15/323 2580/15/202 2581/17/194
f 2563/45/326 2562/43/324 2594/43/214 2595/45/215
f 2550/19/327 2549/17/325 2581/17/194 2582/19/193
f 2564/47/328 2563/45/326 2595/45/215 2596/47/216
f 2551/21/329 2550/19/327 2582/19/193 2583/21/203
f 2565/49/330 2564/47/328 2596/47/216 2597/49/217
f 2552/23/331 2551/21/329 2583/21/203 2584/23/204
f 2566/51/332 2565/49/330 2597/49/217 2598/51/218
f 2575/5/197 2573/3/196 2605/3/136 2607/5/139
f 2602/59/222 2601/57/221 2633/57/137 2634/59/140
f 2589/33/209 2588/31/208 2620/31/138 2621/33/141
f 2576/7/198 2575/5/197 2607/5/139 2608/7/142
f 2603/61/223 2602/59/222 2634/59/140 2635/61/143
f 2590/35/210 2589/33/209 2621/33/141 2622/35/144
f 2577/9/199 2576/7/198 2608/7/142 2609/9/145
f 2604/63/224 2603/61/223 2635/61/143 2636/63/146
f 2591/37/211 2590/35/210 2622/35/144 2623/37/147
f 2578/11/200 2577/9/199 2609/9/145 2610/11/148
f 2574/65/195 2604/63/224 2636/63/146 2606/65/135
f 2592/39/212 2591/37/211 2623/37/147 2624/39/149
f 2579/13/201 2578/11/200 2610/11/148 2611/13/150
f 2593/41/213 2592/39/212 2624/39/149 2625/41/151
f 2580/15/202 2579/13/201 2611/13/150 2612/15/152
f 2594/43/214 2593/41/213 2625/41/151 2626/43/153
f 2581/17/194 2580/15/202 2612/15/152 2613/17/154
f 2595/45/215 2594/43/214 2626/43/153 2627/45/155
f 2582/19/193 2581/17/194 2613/17/154 2614/19/156
f 2596/47/216 2595/45/215 2627/45/155 2628/47/157
f 2583/21/203 2582/19/193 2614/19/156 2615/21/158
f 2597/49/217 2596/47/216 2628/47/157 2629/49/159
f 2584/23/204 2583/21/203 2615/21/158 2616/23/160
f 2598/51/218 2597/49/217 2629/49/159 2630/51/161
f 2585/25/205 2584/23/204 2616/23/160 2617/25/162
f 2599/53/219 2598/51/218 2630/51/161 2631/53/103
f 2586/27/206 2585/25/205 2617/25/162 2618/27/133
f 2600/55/220 2599/53/219 2631/53/103 2632/55/104
f 2587/29/207 2586/27/206 2618/27/133 2619/29/134
f 2573/3/196 2574/2/195 2606/2/135 2605/3/136
f 2601/57/221 2600/55/220 2632/55/104 2633/57/137
f 3237/174/159 3154/173/581 3150/348/618 3165/608/137
f 3261/609/1643 3158/610/617 3152/26/1644 3189/611/145
f 3163/612/617 3150/10/618 3154/170/581 3164/169/368
f 3157/613/612 3151/42/1645 3155/167/578 3160/166/225
f 3189/611/145 3152/26/1644 3156/161/574 3213/160/154
f 3161/614/612 3157/613/612 3160/166/225 3162/177/225
f 3152/26/1644 3158/615/617 3159/175/368 3156/161/574
f 3285/616/1643 3163/617/617 3158/610/617 3261/609/1643
f 3165/608/137 3150/348/618 3163/617/617 3285/616/1643
f 3149/58/616 3161/614/612 3162/177/225 3153/181/582
f 3158/615/617 3163/612/617 3164/169/368 3159/175/368
f 3149/382/616 3188/618/137 3308/619/1643 3161/620/612
f 3188/618/137 3187/621/137 3307/622/1643 3308/619/1643
f 3187/621/137 3186/623/137 3306/624/1643 3307/622/1643
f 3186/623/137 3185/625/137 3305/626/1643 3306/624/1643
f 3185/625/137 3184/627/137 3304/628/1643 3305/626/1643
f 3184/627/137 3183/629/137 3303/630/1643 3304/628/1643
f 3183/629/137 3182/631/137 3302/632/1643 3303/630/1643
f 3182/631/137 3181/633/137 3301/634/1643 3302/632/1643
f 3181/633/137 3180/635/137 3300/636/1643 3301/634/1643
f 3180/635/137 3179/637/137 3299/638/1643 3300/636/1643
f 3179/637/137 3178/639/137 3298/640/1643 3299/638/1643
f 3178/639/137 3177/641/137 3297/642/1643 3298/640/1643
f 3177/641/137 3176/643/137 3296/644/1643 3297/642/1643
f 3176/643/137 3175/645/137 3295/646/1643 3296/644/1643
f 3175/645/137 3174/647/137 3294/648/1643 3295/646/1643
f 3174/647/137 3173/649/137 3293/650/1643 3294/648/1643
f 3173/649/137 3172/651/137 3292/652/1643 3293/650/1643
f 3172/651/137 3171/653/137 3291/654/1643 3292/652/1643
f 3171/653/137 3170/655/137 3290/656/1643 3291/654/1643
f 3170/655/137 3169/657/137 3289/658/1643 3290/656/1643
f 3169/657/137 3168/659/137 3288/660/1643 3289/658/1643
f 3168/659/137 3167/661/137 3287/662/1643 3288/660/1643
f 3167/661/137 3166/663/137 3286/664/1643 3287/662/1643
f 3166/663/137 3165/608/137 3285/616/1643 3286/664/1643
f 3161/620/612 3308/619/1643 3284/665/1643 3157/666/612
f 3298/640/1643 3297/642/1643 3345/642/574 3346/640/1646
f 3307/622/1643 3306/624/1643 3282/667/1643 3283/668/1643
f 3283/668/1643 3284/665/1643 3332/665/1647 3331/668/581
f 3305/626/1643 3304/628/1643 3280/669/1643 3281/670/1643
f 3274/671/1643 3298/640/1643 3346/640/1646 3322/671/1647
f 3303/630/1643 3302/632/1643 3278/672/1643 3279/673/1643
f 3269/674/1643 3270/675/1643 3318/675/1647 3317/674/581
f 3301/634/1643 3300/636/1643 3276/676/1643 3277/677/1643
f 3285/616/1643 3261/609/1643 3309/609/581 3333/616/574
f 3299/638/1643 3298/640/1643 3274/671/1643 3275/678/1643
f 3299/638/1643 3275/678/1643 3323/678/581 3347/638/574
f 3297/642/1643 3296/644/1643 3272/679/1643 3273/680/1643
f 3296/644/1643 3295/646/1643 3343/646/574 3344/644/1646
f 3295/646/1643 3294/648/1643 3270/675/1643 3271/681/1643
f 3262/682/1643 3286/664/1643 3334/664/1646 3310/682/1647
f 3293/650/1643 3292/652/1643 3268/683/1643 3269/674/1643
f 3281/670/1643 3282/667/1643 3330/667/1647 3329/670/581
f 3291/654/1643 3290/656/1643 3266/684/1643 3267/685/1643
f 3276/676/1643 3300/636/1643 3348/636/1646 3324/676/1647
f 3289/658/1643 3288/660/1643 3264/686/1643 3265/687/1643
f 3267/685/1643 3268/683/1643 3316/683/1647 3315/685/581
f 3287/662/1643 3286/664/1643 3262/682/1643 3263/688/1643
f 3287/662/1643 3263/688/1643 3311/688/581 3335/662/574
f 3151/42/1645 3212/689/145 3236/323/154 3155/167/578
f 3212/689/145 3211/690/145 3235/324/154 3236/323/154
f 3211/690/145 3210/691/145 3234/325/154 3235/324/154
f 3210/691/145 3209/692/145 3233/326/154 3234/325/154
f 3209/692/145 3208/693/145 3232/327/154 3233/326/154
f 3208/693/145 3207/694/145 3231/328/154 3232/327/154
f 3207/694/145 3206/695/145 3230/329/154 3231/328/154
f 3206/695/145 3205/696/145 3229/330/154 3230/329/154
f 3205/696/145 3204/697/145 3228/331/154 3229/330/154
f 3204/697/145 3203/698/145 3227/332/154 3228/331/154
f 3203/698/145 3202/699/145 3226/333/154 3227/332/154
f 3202/699/145 3201/700/145 3225/334/154 3226/333/154
f 3201/700/145 3200/701/145 3224/335/154 3225/334/154
f 3200/701/145 3199/702/145 3223/336/154 3224/335/154
f 3199/702/145 3198/703/145 3222/337/154 3223/336/154
f 3198/703/145 3197/704/145 3221/338/154 3222/337/154
f 3197/704/145 3196/705/145 3220/339/154 3221/338/154
f 3196/705/145 3195/706/145 3219/340/154 3220/339/154
f 3195/706/145 3194/707/145 3218/341/154 3219/340/154
f 3194/707/145 3193/708/145 3217/342/154 3218/341/154
f 3193/708/145 3192/709/145 3216/343/154 3217/342/154
f 3192/709/145 3191/710/145 3215/344/154 3216/343/154
f 3191/710/145 3190/711/145 3214/345/154 3215/344/154
f 3190/711/145 3189/611/145 3213/160/154 3214/345/154
f 3157/666/612 3284/665/1643 3212/689/145 3151/42/1645
f 3284/665/1643 3283/668/1643 3211/690/145 3212/689/145
f 3283/668/1643 3282/667/1643 3210/691/145 3211/690/145
f 3282/667/1643 3281/670/1643 3209/692/145 3210/691/145
f 3281/670/1643 3280/669/1643 3208/693/145 3209/692/145
f 3280/669/1643 3279/673/1643 3207/694/145 3208/693/145
f 3279/673/1643 3278/672/1643 3206/695/145 3207/694/145
f 3278/672/1643 3277/677/1643 3205/696/145 3206/695/145
f 3277/677/1643 3276/676/1643 3204/697/145 3205/696/145
f 3276/676/1643 3275/678/1643 3203/698/145 3204/697/145
f 3275/678/1643 3274/671/1643 3202/699/145 3203/698/145
f 3274/671/1643 3273/680/1643 3201/700/145 3202/699/145
f 3273/680/1643 3272/679/1643 3200/701/145 3201/700/145
f 3272/679/1643 3271/681/1643 3199/702/145 3200/701/145
f 3271/681/1643 3270/675/1643 3198/703/145 3199/702/145
f 3270/675/1643 3269/674/1643 3197/704/145 3198/703/145
f 3269/674/1643 3268/683/1643 3196/705/145 3197/704/145
f 3268/683/1643 3267/685/1643 3195/706/145 3196/705/145
f 3267/685/1643 3266/684/1643 3194/707/145 3195/706/145
f 3266/684/1643 3265/687/1643 3193/708/145 3194/707/145
f 3265/687/1643 3264/686/1643 3192/709/145 3193/708/145
f 3264/686/1643 3263/688/1643 3191/710/145 3192/709/145
f 3263/688/1643 3262/682/1643 3190/711/145 3191/710/145
f 3262/682/1643 3261/609/1643 3189/611/145 3190/711/145
f 3153/255/582 3260/254/159 3188/618/137 3149/382/616
f 3260/254/159 3259/257/159 3187/621/137 3188/618/137
f 3259/257/159 3258/259/159 3186/623/137 3187/621/137
f 3258/259/159 3257/261/159 3185/625/137 3186/623/137
f 3257/261/159 3256/263/159 3184/627/137 3185/625/137
f 3256/263/159 3255/265/159 3183/629/137 3184/627/137
f 3255/265/159 3254/267/159 3182/631/137 3183/629/137
f 3254/267/159 3253/269/159 3181/633/137 3182/631/137
f 3253/269/159 3252/271/159 3180/635/137 3181/633/137
f 3252/271/159 3251/273/159 3179/637/137 3180/635/137
f 3251/273/159 3250/275/159 3178/639/137 3179/637/137
f 3250/275/159 3249/277/159 3177/641/137 3178/639/137
f 3249/277/159 3248/279/159 3176/643/137 3177/641/137
f 3248/279/159 3247/281/159 3175/645/137 3176/643/137
f 3247/281/159 3246/283/159 3174/647/137 3175/645/137
f 3246/283/159 3245/285/159 3173/649/137 3174/647/137
f 3245/285/159 3244/287/159 3172/651/137 3173/649/137
f 3244/287/159 3243/289/159 3171/653/137 3172/651/137
f 3243/289/159 3242/291/159 3170/655/137 3171/653/137
f 3242/291/159 3241/293/159 3169/657/137 3170/655/137
f 3241/293/159 3240/295/159 3168/659/137 3169/657/137
f 3240/295/159 3239/297/159 3167/661/137 3168/659/137
f 3239/297/159 3238/299/159 3166/663/137 3167/661/137
f 3238/299/159 3237/174/159 3165/608/137 3166/663/137
f 3321/680/581 3322/671/1647 3370/671/581 3369/680/582
f 3310/682/1647 3334/664/1646 3382/664/574 3358/682/581
f 3348/636/1646 3347/638/574 3395/638/578 3396/636/574
f 3324/676/1647 3348/636/1646 3396/636/574 3372/676/581
f 3319/681/581 3320/679/1647 3368/679/581 3367/681/582
f 3335/662/574 3311/688/581 3359/688/582 3383/662/578
f 3346/640/1646 3345/642/574 3393/642/578 3394/640/574
f 3349/634/574 3325/677/581 3373/677/582 3397/634/578
f 3317/674/581 3318/675/1647 3366/675/581 3365/674/582
f 3312/686/1647 3336/660/1646 3384/660/574 3360/686/581
f 3344/644/1646 3343/646/574 3391/646/578 3392/644/574
f 3326/672/1647 3350/632/1646 3398/632/574 3374/672/581
f 3297/642/1643 3273/680/1643 3321/680/581 3345/642/574
f 3271/681/1643 3272/679/1643 3320/679/1647 3319/681/581
f 3272/679/1643 3296/644/1643 3344/644/1646 3320/679/1647
f 3286/664/1643 3285/616/1643 3333/616/574 3334/664/1646
f 3300/636/1643 3299/638/1643 3347/638/574 3348/636/1646
f 3295/646/1643 3271/681/1643 3319/681/581 3343/646/574
f 3284/665/1643 3308/619/1643 3356/619/1646 3332/665/1647
f 3273/680/1643 3274/671/1643 3322/671/1647 3321/680/581
f 3270/675/1643 3294/648/1643 3342/648/1646 3318/675/1647
f 3288/660/1643 3287/662/1643 3335/662/574 3336/660/1646
f 3307/622/1643 3283/668/1643 3331/668/581 3355/622/574
f 3302/632/1643 3301/634/1643 3349/634/574 3350/632/1646
f 3293/650/1643 3269/674/1643 3317/674/581 3341/650/574
f 3261/609/1643 3262/682/1643 3310/682/1647 3309/609/581
f 3282/667/1643 3306/624/1643 3354/624/1646 3330/667/1647
f 3275/678/1643 3276/676/1643 3324/676/1647 3323/678/581
f 3268/683/1643 3292/652/1643 3340/652/1646 3316/683/1647
f 3290/656/1643 3289/658/1643 3337/658/574 3338/656/1646
f 3305/626/1643 3281/670/1643 3329/670/581 3353/626/574
f 3304/628/1643 3303/630/1643 3351/630/574 3352/628/1646
f 3291/654/1643 3267/685/1643 3315/685/581 3339/654/574
f 3263/688/1643 3264/686/1643 3312/686/1647 3311/688/581
f 3280/669/1643 3304/628/1643 3352/628/1646 3328/669/1647
f 3277/677/1643 3278/672/1643 3326/672/1647 3325/677/581
f 3266/684/1643 3290/656/1643 3338/656/1646 3314/684/1647
f 3292/652/1643 3291/654/1643 3339/654/574 3340/652/1646
f 3303/630/1643 3279/673/1643 3327/673/581 3351/630/574
f 3306/624/1643 3305/626/1643 3353/626/574 3354/624/1646
f 3289/658/1643 3265/687/1643 3313/687/581 3337/658/574
f 3265/687/1643 3266/684/1643 3314/684/1647 3313/687/581
f 3278/672/1643 3302/632/1643 3350/632/1646 3326/672/1647
f 3279/673/1643 3280/669/1643 3328/669/1647 3327/673/581
f 3264/686/1643 3288/660/1643 3336/660/1646 3312/686/1647
f 3294/648/1643 3293/650/1643 3341/650/574 3342/648/1646
f 3301/634/1643 3277/677/1643 3325/677/581 3349/634/574
f 3308/619/1643 3307/622/1643 3355/622/574 3356/619/1646
f 3347/638/574 3323/678/581 3371/678/582 3395/638/578
f 3350/632/1646 3349/634/574 3397/634/578 3398/632/574
f 3333/616/574 3309/609/581 3357/609/582 3381/616/578
f 3323/678/581 3324/676/1647 3372/676/581 3371/678/582
f 3322/671/1647 3346/640/1646 3394/640/574 3370/671/581
f 3352/628/1646 3351/630/574 3399/630/578 3400/628/574
f 3325/677/581 3326/672/1647 3374/672/581 3373/677/582
f 3345/642/574 3321/680/581 3369/680/582 3393/642/578
f 3354/624/1646 3353/626/574 3401/626/578 3402/624/574
f 3327/673/581 3328/669/1647 3376/669/581 3375/673/582
f 3320/679/1647 3344/644/1646 3392/644/574 3368/679/581
f 3356/619/1646 3355/622/574 3403/622/578 3404/619/574
f 3329/670/581 3330/667/1647 3378/667/581 3377/670/582
f 3343/646/574 3319/681/581 3367/681/582 3391/646/578
f 3332/665/1647 3356/619/1646 3404/619/574 3380/665/581
f 3331/668/581 3332/665/1647 3380/665/581 3379/668/582
f 3318/675/1647 3342/648/1646 3390/648/574 3366/675/581
f 3355/622/574 3331/668/581 3379/668/582 3403/622/578
f 3334/664/1646 3333/616/574 3381/616/578 3382/664/574
f 3341/650/574 3317/674/581 3365/674/582 3389/650/578
f 3330/667/1647 3354/624/1646 3402/624/574 3378/667/581
f 3336/660/1646 3335/662/574 3383/662/578 3384/660/574
f 3316/683/1647 3340/652/1646 3388/652/574 3364/683/581
f 3309/609/581 3310/682/1647 3358/682/581 3357/609/582
f 3353/626/574 3329/670/581 3377/670/582 3401/626/578
f 3338/656/1646 3337/658/574 3385/658/578 3386/656/574
f 3339/654/574 3315/685/581 3363/685/582 3387/654/578
f 3311/688/581 3312/686/1647 3360/686/581 3359/688/582
f 3328/669/1647 3352/628/1646 3400/628/574 3376/669/581
f 3340/652/1646 3339/654/574 3387/654/578 3388/652/574
f 3314/684/1647 3338/656/1646 3386/656/574 3362/684/581
f 3313/687/581 3314/684/1647 3362/684/581 3361/687/582
f 3351/630/574 3327/673/581 3375/673/582 3399/630/578
f 3342/648/1646 3341/650/574 3389/650/578 3390/648/574
f 3337/658/574 3313/687/581 3361/687/582 3385/658/578
f 3315/685/581 3316/683/1647 3364/683/581 3363/685/582
s 0
usemtl Material.006
f 3453/139/159 3454/140/159 3455/382/159
f 3458/42/154 3457/132/154 3456/131/154
f 3456/131/576 3457/132/576 3454/25/576 3453/41/576
f 3455/58/225 3458/42/225 3456/131/225 3453/145/225
f 3454/154/617 3457/132/617 3458/42/617 3455/382/617
usemtl Material.007
f 3459/139/159 3460/140/159 3461/382/159
f 3464/42/154 3463/132/154 3462/131/154
f 3462/131/612 3463/132/612 3460/25/612 3459/41/612
f 3461/58/368 3464/42/368 3462/131/368 3459/145/368
f 3460/154/580 3463/132/580 3464/42/580 3461/382/580
o Sphere
v 0.000000 67.964912 -0.102422
v 0.000000 67.935036 -0.200909
v 0.000000 67.886520 -0.291674
v 0.000000 67.821228 -0.371231
v 0.000000 67.741669 -0.436522
v 0.000000 67.650909 -0.485037
v 0.000000 67.552422 -0.514912
v 0.000000 67.449997 -0.525000
v 0.019982 67.964912 -0.100454
v 0.039195 67.935036 -0.197048
v 0.056903 67.886520 -0.286070
v 0.072424 67.821228 -0.364098
v 0.085161 67.741669 -0.428134
v 0.094626 67.650909 -0.475717
v 0.100454 67.552422 -0.505018
v 0.102422 67.449997 -0.514912
v 0.039195 67.964912 -0.094626
v 0.076885 67.935036 -0.185616
v 0.111619 67.886520 -0.269472
v 0.142064 67.821228 -0.342973
v 0.167050 67.741669 -0.403293
v 0.185616 67.650909 -0.448115
v 0.197048 67.552422 -0.475717
v 0.056903 67.964912 -0.085161
v 0.111619 67.935036 -0.167050
v 0.162046 67.886520 -0.242518
v 0.206245 67.821228 -0.308667
v 0.242518 67.741669 -0.362954
v 0.269472 67.650909 -0.403293
v 0.286070 67.552422 -0.428134
v 0.072424 67.964912 -0.072424
v 0.142064 67.935036 -0.142064
v 0.206245 67.886520 -0.206245
v 0.262500 67.821228 -0.262500
v 0.308667 67.741669 -0.308667
v 0.342973 67.650909 -0.342973
v 0.364098 67.552422 -0.364098
v 0.371231 67.449997 -0.371231
v 0.085161 67.964912 -0.056903
v 0.167050 67.935036 -0.111619
v 0.242518 67.886520 -0.162046
v 0.308667 67.821228 -0.206245
v 0.362954 67.741669 -0.242518
v 0.403293 67.650909 -0.269472
v 0.428134 67.552422 -0.286070
v 0.436522 67.449997 -0.291674
v 0.094626 67.964912 -0.039195
v 0.185616 67.935036 -0.076884
v 0.269472 67.886520 -0.111619
v 0.342973 67.821228 -0.142064
v 0.403293 67.741669 -0.167049
v 0.448116 67.650909 -0.185615
v 0.475717 67.552422 -0.197048
v 0.485037 67.449997 -0.200909
v 0.100455 67.964912 -0.019981
v 0.197049 67.935036 -0.039195
v 0.286070 67.886520 -0.056903
v 0.364098 67.821228 -0.072423
v 0.428134 67.741669 -0.085161
v 0.475717 67.650909 -0.094626
v 0.505018 67.552422 -0.100454
v 0.514912 67.449997 -0.102422
v 0.102423 67.964912 0.000000
v 0.200909 67.935036 0.000000
v 0.291674 67.886520 0.000000
v 0.371231 67.821228 0.000000
v 0.436522 67.741669 0.000000
v 0.485037 67.650909 0.000000
v 0.514912 67.552422 0.000000
v 0.525000 67.449997 0.000000
v 0.100455 67.964912 0.019982
v 0.197049 67.935036 0.039196
v 0.286070 67.886520 0.056903
v 0.364098 67.821228 0.072424
v 0.428134 67.741669 0.085161
v 0.475717 67.650909 0.094626
v 0.505018 67.552422 0.100455
v 0.094626 67.964912 0.039196
v 0.185616 67.935036 0.076885
v 0.269472 67.886520 0.111619
v 0.342973 67.821228 0.142064
v 0.403293 67.741669 0.167050
v 0.448116 67.650909 0.185616
v 0.475717 67.552422 0.197049
v 0.485037 67.449997 0.200909
v 0.085161 67.964912 0.056903
v 0.167050 67.935036 0.111619
v 0.242518 67.886520 0.162046
v 0.308667 67.821228 0.206245
v 0.362954 67.741669 0.242519
v 0.403293 67.650909 0.269472
v 0.428134 67.552422 0.286070
v 0.436522 67.449997 0.291675
v 0.072424 67.964912 0.072424
v 0.142064 67.935036 0.142064
v 0.206245 67.886520 0.206245
v 0.262500 67.821228 0.262500
v 0.308667 67.741669 0.308668
v 0.342973 67.650909 0.342973
v 0.364098 67.552422 0.364098
v 0.371231 67.449997 0.371231
v 0.056903 67.964912 0.085161
v 0.111619 67.935036 0.167050
v 0.162046 67.886520 0.242519
v 0.206245 67.821228 0.308668
v 0.242518 67.741669 0.362955
v 0.269472 67.650909 0.403293
v 0.286070 67.552422 0.428134
v 0.039195 67.964912 0.094626
v 0.076885 67.935036 0.185616
v 0.111619 67.886520 0.269472
v 0.142064 67.821228 0.342973
v 0.167050 67.741669 0.403293
v 0.185616 67.650909 0.448116
v 0.197048 67.552422 0.475717
v 0.019982 67.964912 0.100455
v 0.039195 67.935036 0.197049
v 0.056903 67.886520 0.286070
v 0.072424 67.821228 0.364098
v 0.085161 67.741669 0.428134
v 0.094626 67.650909 0.475717
v 0.100454 67.552422 0.505018
v 0.102422 67.449997 0.514912
v -0.000000 67.964912 0.102423
v 0.000000 67.935036 0.200909
v 0.000000 67.886520 0.291675
v -0.000000 67.821228 0.371231
v -0.000000 67.741669 0.436522
v 0.000000 67.650909 0.485037
v -0.000000 67.552422 0.514912
v -0.000000 67.449997 0.525000
v -0.019982 67.964912 0.100455
v -0.039195 67.935036 0.197049
v -0.056903 67.886520 0.286070
v -0.072424 67.821228 0.364098
v -0.085161 67.741669 0.428134
v -0.094626 67.650909 0.475717
v -0.100454 67.552422 0.505018
v -0.102422 67.449997 0.514912
v -0.039195 67.964912 0.094626
v -0.076884 67.935036 0.185616
v -0.111619 67.886520 0.269472
v -0.142064 67.821228 0.342973
v -0.167050 67.741669 0.403293
v -0.185615 67.650909 0.448116
v -0.197048 67.552422 0.475717
v -0.200909 67.449997 0.485037
v -0.056903 67.964912 0.085161
v -0.111619 67.935036 0.167050
v -0.162046 67.886520 0.242519
v -0.206245 67.821228 0.308667
v -0.242518 67.741669 0.362954
v -0.269472 67.650909 0.403293
v -0.286070 67.552422 0.428134
v -0.000000 67.974998 0.000000
v -0.072424 67.964912 0.072424
v -0.142064 67.935036 0.142064
v -0.206245 67.886520 0.206245
v -0.262500 67.821228 0.262500
v -0.308667 67.741669 0.308667
v -0.342973 67.650909 0.342973
v -0.364098 67.552422 0.364098
v -0.371231 67.449997 0.371231
v -0.085161 67.964912 0.056903
v -0.167050 67.935036 0.111619
v -0.242518 67.886520 0.162046
v -0.308667 67.821228 0.206245
v -0.362954 67.741669 0.242518
v -0.403293 67.650909 0.269472
v -0.428134 67.552422 0.286070
v -0.436522 67.449997 0.291674
v -0.094626 67.964912 0.039196
v -0.185616 67.935036 0.076885
v -0.269472 67.886520 0.111619
v -0.342973 67.821228 0.142064
v -0.403293 67.741669 0.167050
v -0.448115 67.650909 0.185616
v -0.475717 67.552422 0.197048
v -0.485037 67.449997 0.200909
v -0.100454 67.964912 0.019982
v -0.197048 67.935036 0.039196
v -0.286070 67.886520 0.056903
v -0.364098 67.821228 0.072424
v -0.428134 67.741669 0.085161
v -0.475717 67.650909 0.094626
v -0.505018 67.552422 0.100454
v -0.102422 67.964912 0.000000
v -0.200909 67.935036 0.000000
v -0.291674 67.886520 0.000000
v -0.371231 67.821228 0.000000
v -0.436521 67.741669 0.000000
v -0.485037 67.650909 0.000000
v -0.514912 67.552422 0.000000
v -0.525000 67.449997 0.000000
v -0.100454 67.964912 -0.019981
v -0.197048 67.935036 -0.039195
v -0.286070 67.886520 -0.056903
v -0.364098 67.821228 -0.072423
v -0.428134 67.741669 -0.085161
v -0.475717 67.650909 -0.094626
v -0.505018 67.552422 -0.100454
v -0.514912 67.449997 -0.102422
v -0.094626 67.964912 -0.039195
v -0.185615 67.935036 -0.076884
v -0.269472 67.886520 -0.111619
v -0.342973 67.821228 -0.142064
v -0.403293 67.741669 -0.167049
v -0.448115 67.650909 -0.185615
v -0.475717 67.552422 -0.197048
v -0.485037 67.449997 -0.200909
v -0.085161 67.964912 -0.056903
v -0.167050 67.935036 -0.111619
v -0.242518 67.886520 -0.162045
v -0.308667 67.821228 -0.206245
v -0.362954 67.741669 -0.242518
v -0.403293 67.650909 -0.269472
v -0.428134 67.552422 -0.286070
v -0.436521 67.449997 -0.291674
v -0.072424 67.964912 -0.072423
v -0.142064 67.935036 -0.142064
v -0.206245 67.886520 -0.206245
v -0.262500 67.821228 -0.262500
v -0.308667 67.741669 -0.308667
v -0.342973 67.650909 -0.342973
v -0.364098 67.552422 -0.364098
v -0.371231 67.449997 -0.371231
v -0.056903 67.964912 -0.085161
v -0.111619 67.935036 -0.167049
v -0.162046 67.886520 -0.242518
v -0.206245 67.821228 -0.308667
v -0.242518 67.741669 -0.362954
v -0.269472 67.650909 -0.403293
v -0.286070 67.552422 -0.428134
v -0.291674 67.449997 -0.436521
v -0.039195 67.964912 -0.094626
v -0.076884 67.935036 -0.185615
v -0.111619 67.886520 -0.269472
v -0.142064 67.821228 -0.342973
v -0.167049 67.741669 -0.403293
v -0.185615 67.650909 -0.448115
v -0.197048 67.552422 -0.475716
v -0.200909 67.449997 -0.485036
v -0.019982 67.964912 -0.100454
v -0.039195 67.935036 -0.197048
v -0.056903 67.886520 -0.286070
v -0.072423 67.821228 -0.364098
v -0.085161 67.741669 -0.428133
v -0.094626 67.650909 -0.475717
v -0.100454 67.552422 -0.505018
v -0.102422 67.449997 -0.514912
v 0.000000 16.400005 -0.525000
v 0.102422 16.400005 -0.514912
v 0.200909 16.400005 -0.485037
v 0.200909 67.450005 -0.485037
v 0.291674 16.400005 -0.436522
v 0.291674 67.450005 -0.436522
v 0.371231 16.400005 -0.371231
v 0.436522 16.400005 -0.291674
v 0.485037 16.400005 -0.200909
v 0.514912 16.400005 -0.102422
v 0.525000 16.400005 -0.000000
v 0.514912 16.400005 0.102422
v 0.514912 67.450005 0.102422
v 0.485037 16.400005 0.200909
v 0.436522 16.400005 0.291674
v 0.371231 16.400005 0.371231
v 0.291674 16.400005 0.436522
v 0.291674 67.450005 0.436522
v 0.200909 16.400005 0.485037
v 0.200909 67.450005 0.485037
v 0.102422 16.400005 0.514912
v -0.000000 16.400005 0.525000
v -0.102423 16.400005 0.514912
v -0.200909 16.400005 0.485037
v -0.291675 16.400005 0.436521
v -0.291675 67.450005 0.436521
v -0.371231 16.400005 0.371231
v -0.436522 16.400005 0.291674
v -0.485037 16.400005 0.200908
v -0.514912 16.400005 0.102422
v -0.514912 67.450005 0.102422
v -0.525000 16.400005 -0.000001
v -0.514912 16.400005 -0.102423
v -0.485036 16.400005 -0.200909
v -0.436521 16.400005 -0.291675
v -0.371231 16.400005 -0.371231
v -0.291674 16.400005 -0.436522
v -0.200908 16.400005 -0.485037
v -0.102422 16.400005 -0.514912
vn -0.0000 0.9796 -0.2010
vn -0.0000 0.9217 -0.3879
vn -0.0000 0.8286 -0.5598
vn -0.0000 0.7041 -0.7101
vn -0.0000 0.5528 -0.8333
vn -0.0000 0.3805 -0.9248
vn -0.0000 0.1939 -0.9810
vn -0.0000 0.4631 -0.8863
vn 0.0392 0.9796 -0.1971
vn 0.0757 0.9217 -0.3804
vn 0.1092 0.8286 -0.5490
vn 0.1385 0.7041 -0.6965
vn 0.1626 0.5528 -0.8173
vn 0.1804 0.3805 -0.9070
vn 0.1914 0.1939 -0.9622
vn 0.1729 0.4631 -0.8693
vn 0.0769 0.9796 -0.1857
vn 0.1484 0.9217 -0.3584
vn 0.2142 0.8286 -0.5172
vn 0.2718 0.7041 -0.6561
vn 0.3189 0.5528 -0.7699
vn 0.3539 0.3805 -0.8544
vn 0.3754 0.1939 -0.9063
vn 0.1117 0.9796 -0.1671
vn 0.2155 0.9217 -0.3225
vn 0.3110 0.8286 -0.4654
vn 0.3945 0.7041 -0.5905
vn 0.4630 0.5528 -0.6929
vn 0.5138 0.3805 -0.7689
vn 0.5450 0.1939 -0.8157
vn 0.1421 0.9796 -0.1421
vn 0.2743 0.9217 -0.2743
vn 0.3958 0.8286 -0.3958
vn 0.5021 0.7041 -0.5021
vn 0.5893 0.5528 -0.5893
vn 0.6539 0.3805 -0.6539
vn 0.6937 0.1939 -0.6937
vn 0.6267 0.4631 -0.6267
vn 0.1671 0.9796 -0.1117
vn 0.3225 0.9217 -0.2155
vn 0.4654 0.8286 -0.3110
vn 0.5905 0.7041 -0.3945
vn 0.6929 0.5528 -0.4630
vn 0.7689 0.3805 -0.5138
vn 0.8157 0.1939 -0.5450
vn 0.7369 0.4631 -0.4924
vn 0.1857 0.9796 -0.0769
vn 0.3584 0.9217 -0.1484
vn 0.5172 0.8286 -0.2142
vn 0.6561 0.7041 -0.2718
vn 0.7699 0.5528 -0.3189
vn 0.8544 0.3805 -0.3539
vn 0.9063 0.1939 -0.3754
vn 0.8188 0.4631 -0.3392
vn 0.1971 0.9796 -0.0392
vn 0.3804 0.9217 -0.0757
vn 0.5490 0.8286 -0.1092
vn 0.6965 0.7041 -0.1385
vn 0.8173 0.5528 -0.1626
vn 0.9070 0.3805 -0.1804
vn 0.9622 0.1939 -0.1914
vn 0.8693 0.4631 -0.1729
vn 0.2010 0.9796 -0.0000
vn 0.3879 0.9217 -0.0000
vn 0.5598 0.8286 -0.0000
vn 0.7101 0.7041 -0.0000
vn 0.8333 0.5528 -0.0000
vn 0.9248 0.3805 -0.0000
vn 0.9810 0.1939 -0.0000
vn 0.8863 0.4631 -0.0000
vn 0.1971 0.9796 0.0392
vn 0.3804 0.9217 0.0757
vn 0.5490 0.8286 0.1092
vn 0.6965 0.7041 0.1385
vn 0.8173 0.5528 0.1626
vn 0.9070 0.3805 0.1804
vn 0.9622 0.1939 0.1914
vn 0.1857 0.9796 0.0769
vn 0.3584 0.9217 0.1484
vn 0.5172 0.8286 0.2142
vn 0.6561 0.7041 0.2718
vn 0.7699 0.5528 0.3189
vn 0.8544 0.3805 0.3539
vn 0.9063 0.1939 0.3754
vn 0.8188 0.4631 0.3392
vn 0.1671 0.9796 0.1117
vn 0.3225 0.9217 0.2155
vn 0.4654 0.8286 0.3110
vn 0.5905 0.7041 0.3945
vn 0.6929 0.5528 0.4630
vn 0.7689 0.3805 0.5138
vn 0.8157 0.1939 0.5450
vn 0.7369 0.4631 0.4924
vn 0.1421 0.9796 0.1421
vn 0.2743 0.9217 0.2743
vn 0.3958 0.8286 0.3958
vn 0.5021 0.7041 0.5021
vn 0.5893 0.5528 0.5893
vn 0.6539 0.3805 0.6539
vn 0.6937 0.1939 0.6937
vn 0.6267 0.4631 0.6267
vn 0.1117 0.9796 0.1671
vn 0.2155 0.9217 0.3225
vn 0.3110 0.8286 0.4654
vn 0.3945 0.7041 0.5905
vn 0.4630 0.5528 0.6929
vn 0.5138 0.3805 0.7689
vn 0.5450 0.1939 0.8157
vn 0.0769 0.9796 0.1857
vn 0.1484 0.9217 0.3584
vn 0.2142 0.8286 0.5172
vn 0.2718 0.7041 0.6561
vn 0.3189 0.5528 0.7699
vn 0.3539 0.3805 0.8544
vn 0.3754 0.1939 0.9063
vn 0.0392 0.9796 0.1971
vn 0.0757 0.9217 0.3804
vn 0.1092 0.8286 0.5490
vn 0.1385 0.7041 0.6965
vn 0.1626 0.5528 0.8173
vn 0.1804 0.3805 0.9070
vn 0.1914 0.1939 0.9622
vn 0.1729 0.4631 0.8693
vn -0.0000 0.9796 0.2010
vn -0.0000 0.9217 0.3879
vn -0.0000 0.8286 0.5598
vn -0.0000 0.7041 0.7101
vn -0.0000 0.5528 0.8333
vn -0.0000 0.3805 0.9248
vn -0.0000 0.1939 0.9810
vn -0.0000 0.4631 0.8863
vn -0.0392 0.9796 0.1971
vn -0.0757 0.9217 0.3804
vn -0.1092 0.8286 0.5490
vn -0.1385 0.7041 0.6965
vn -0.1626 0.5528 0.8173
vn -0.1804 0.3805 0.9070
vn -0.1914 0.1939 0.9622
vn -0.1729 0.4631 0.8693
vn -0.0769 0.9796 0.1857
vn -0.1484 0.9217 0.3584
vn -0.2142 0.8286 0.5172
vn -0.2718 0.7041 0.6561
vn -0.3189 0.5528 0.7699
vn -0.3539 0.3805 0.8544
vn -0.3754 0.1939 0.9063
vn -0.3392 0.4631 0.8188
vn -0.1117 0.9796 0.1671
vn -0.2155 0.9217 0.3225
vn -0.3110 0.8286 0.4654
vn -0.3945 0.7041 0.5905
vn -0.4630 0.5528 0.6929
vn -0.5138 0.3805 0.7689
vn -0.5450 0.1939 0.8157
vn -0.0000 1.0000 -0.0000
vn -0.1421 0.9796 0.1421
vn -0.2743 0.9217 0.2743
vn -0.3958 0.8286 0.3958
vn -0.5021 0.7041 0.5021
vn -0.5893 0.5528 0.5893
vn -0.6539 0.3805 0.6539
vn -0.6937 0.1939 0.6937
vn -0.6267 0.4631 0.6267
vn -0.1671 0.9796 0.1117
vn -0.3225 0.9217 0.2155
vn -0.4654 0.8286 0.3110
vn -0.5905 0.7041 0.3945
vn -0.6929 0.5528 0.4630
vn -0.7689 0.3805 0.5138
vn -0.8157 0.1939 0.5450
vn -0.7369 0.4631 0.4924
vn -0.1857 0.9796 0.0769
vn -0.3584 0.9217 0.1484
vn -0.5172 0.8286 0.2142
vn -0.6561 0.7041 0.2718
vn -0.7699 0.5528 0.3189
vn -0.8544 0.3805 0.3539
vn -0.9063 0.1939 0.3754
vn -0.8188 0.4631 0.3392
vn -0.1971 0.9796 0.0392
vn -0.3804 0.9217 0.0757
vn -0.5490 0.8286 0.1092
vn -0.6965 0.7041 0.1385
vn -0.8173 0.5528 0.1626
vn -0.9070 0.3805 0.1804
vn -0.9622 0.1939 0.1914
vn -0.2010 0.9796 -0.0000
vn -0.3879 0.9217 -0.0000
vn -0.5598 0.8286 -0.0000
vn -0.7101 0.7041 -0.0000
vn -0.8333 0.5528 -0.0000
vn -0.9248 0.3805 -0.0000
vn -0.9810 0.1939 -0.0000
vn -0.8863 0.4631 -0.0000
vn -0.1971 0.9796 -0.0392
vn -0.3804 0.9217 -0.0757
vn -0.5490 0.8286 -0.1092
vn -0.6965 0.7041 -0.1385
vn -0.8173 0.5528 -0.1626
vn -0.9070 0.3805 -0.1804
vn -0.9622 0.1939 -0.1914
vn -0.8693 0.4631 -0.1729
vn -0.1857 0.9796 -0.0769
vn -0.3584 0.9217 -0.1484
vn -0.5172 0.8286 -0.2142
vn -0.6561 0.7041 -0.2718
vn -0.7699 0.5528 -0.3189
vn -0.8544 0.3805 -0.3539
vn -0.9063 0.1939 -0.3754
vn -0.8188 0.4631 -0.3392
vn -0.1671 0.9796 -0.1117
vn -0.3225 0.9217 -0.2155
vn -0.4654 0.8286 -0.3110
vn -0.5905 0.7041 -0.3945
vn -0.6929 0.5528 -0.4630
vn -0.7689 0.3805 -0.5138
vn -0.8157 0.1939 -0.5450
vn -0.7369 0.4631 -0.4924
vn -0.1421 0.9796 -0.1421
vn -0.2743 0.9217 -0.2743
vn -0.3958 0.8286 -0.3958
vn -0.5021 0.7041 -0.5021
vn -0.5893 0.5528 -0.5893
vn -0.6539 0.3805 -0.6539
vn -0.6937 0.1939 -0.6937
vn -0.6267 0.4631 -0.6267
vn -0.1117 0.9796 -0.1671
vn -0.2155 0.9217 -0.3225
vn -0.3110 0.8286 -0.4654
vn -0.3945 0.7041 -0.5905
vn -0.4630 0.5528 -0.6929
vn -0.5138 0.3805 -0.7689
vn -0.5450 0.1939 -0.8157
vn -0.4924 0.4631 -0.7369
vn -0.0769 0.9796 -0.1857
vn -0.1484 0.9217 -0.3584
vn -0.2142 0.8286 -0.5172
vn -0.2718 0.7041 -0.6561
vn -0.3189 0.5528 -0.7699
vn -0.3539 0.3805 -0.8544
vn -0.3754 0.1939 -0.9063
vn -0.3392 0.4631 -0.8188
vn -0.0392 0.9796 -0.1971
vn -0.0757 0.9217 -0.3804
vn -0.1092 0.8286 -0.5490
vn -0.1385 0.7041 -0.6965
vn -0.1626 0.5528 -0.8173
vn -0.1804 0.3805 -0.9070
vn -0.1914 0.1939 -0.9622
vn -0.1729 0.4631 -0.8693
vn -0.0000 -0.6857 -0.7279
vn 0.1420 -0.6857 -0.7139
vn 0.2786 -0.6857 -0.6725
vn 0.3392 0.4631 -0.8188
vn 0.4044 -0.6857 -0.6052
vn 0.4924 0.4631 -0.7369
vn 0.5147 -0.6857 -0.5147
vn 0.6052 -0.6857 -0.4044
vn 0.6725 -0.6857 -0.2785
vn 0.7139 -0.6857 -0.1420
vn 0.7279 -0.6857 -0.0000
vn 0.7139 -0.6857 0.1420
vn 0.8693 0.4631 0.1729
vn 0.6725 -0.6857 0.2785
vn 0.6052 -0.6857 0.4044
vn 0.5147 -0.6857 0.5147
vn 0.4044 -0.6857 0.6052
vn 0.4924 0.4631 0.7369
vn 0.2786 -0.6857 0.6725
vn 0.3392 0.4631 0.8188
vn 0.1420 -0.6857 0.7139
vn -0.0000 -0.6857 0.7279
vn -0.1420 -0.6857 0.7139
vn -0.2785 -0.6857 0.6725
vn -0.4044 -0.6857 0.6052
vn -0.4924 0.4631 0.7369
vn -0.5147 -0.6857 0.5147
vn -0.6052 -0.6857 0.4044
vn -0.6725 -0.6857 0.2785
vn -0.7139 -0.6857 0.1420
vn -0.8693 0.4631 0.1729
vn -0.7279 -0.6857 -0.0000
vn -0.7139 -0.6857 -0.1420
vn -0.6725 -0.6857 -0.2786
vn -0.6052 -0.6857 -0.4044
vn -0.5147 -0.6857 -0.5147
vn -0.4044 -0.6857 -0.6052
vn -0.2785 -0.6857 -0.6725
vn -0.1420 -0.6857 -0.7139
vt 0.750000 0.625000
vt 0.750000 0.687500
vt 0.718750 0.687500
vt 0.718750 0.625000
vt 0.750000 0.562500
vt 0.718750 0.562500
vt 0.750000 0.500000
vt 0.718750 0.500000
vt 0.750000 0.937500
vt 0.734375 1.000000
vt 0.718750 0.937500
vt 0.750000 0.875000
vt 0.718750 0.875000
vt 0.750000 0.812500
vt 0.718750 0.812500
vt 0.750000 0.750000
vt 0.718750 0.750000
vt 0.687500 0.750000
vt 0.687500 0.687500
vt 0.687500 0.625000
vt 0.687500 0.562500
vt 0.687500 0.500000
vt 0.703125 1.000000
vt 0.687500 0.937500
vt 0.687500 0.875000
vt 0.687500 0.812500
vt 0.671875 1.000000
vt 0.656250 0.937500
vt 0.656250 0.875000
vt 0.656250 0.812500
vt 0.656250 0.750000
vt 0.656250 0.687500
vt 0.656250 0.625000
vt 0.656250 0.562500
vt 0.656250 0.500000
vt 0.625000 0.750000
vt 0.625000 0.687500
vt 0.625000 0.625000
vt 0.625000 0.562500
vt 0.625000 0.500000
vt 0.640625 1.000000
vt 0.625000 0.937500
vt 0.625000 0.875000
vt 0.625000 0.812500
vt 0.593750 0.937500
vt 0.593750 0.875000
vt 0.593750 0.812500
vt 0.593750 0.750000
vt 0.593750 0.687500
vt 0.593750 0.625000
vt 0.593750 0.562500
vt 0.593750 0.500000
vt 0.609375 1.000000
vt 0.562500 0.687500
vt 0.562500 0.625000
vt 0.562500 0.562500
vt 0.562500 0.500000
vt 0.578125 1.000000
vt 0.562500 0.937500
vt 0.562500 0.875000
vt 0.562500 0.812500
vt 0.562500 0.750000
vt 0.531250 0.875000
vt 0.531250 0.812500
vt 0.531250 0.750000
vt 0.531250 0.687500
vt 0.531250 0.625000
vt 0.531250 0.562500
vt 0.531250 0.500000
vt 0.546875 1.000000
vt 0.531250 0.937500
vt 0.500000 0.625000
vt 0.500000 0.562500
vt 0.500000 0.500000
vt 0.515625 1.000000
vt 0.500000 0.937500
vt 0.500000 0.875000
vt 0.500000 0.812500
vt 0.500000 0.750000
vt 0.500000 0.687500
vt 0.468750 0.875000
vt 0.468750 0.812500
vt 0.468750 0.750000
vt 0.468750 0.687500
vt 0.468750 0.625000
vt 0.468750 0.562500
vt 0.468750 0.500000
vt 0.484374 1.000000
vt 0.468750 0.937500
vt 0.437500 0.625000
vt 0.437500 0.562500
vt 0.437500 0.500000
vt 0.453124 1.000000
vt 0.437500 0.937500
vt 0.437500 0.875000
vt 0.437500 0.812500
vt 0.437500 0.750000
vt 0.437500 0.687500
vt 0.406250 0.812500
vt 0.406250 0.750000
vt 0.406250 0.687500
vt 0.406250 0.625000
vt 0.406250 0.562500
vt 0.406250 0.500000
vt 0.421874 1.000000
vt 0.406250 0.937500
vt 0.406250 0.875000
vt 0.375000 0.562500
vt 0.375000 0.500000
vt 0.390625 1.000000
vt 0.375000 0.937500
vt 0.375000 0.875000
vt 0.375000 0.812500
vt 0.375000 0.750000
vt 0.375000 0.687500
vt 0.375000 0.625000
vt 0.343750 0.812500
vt 0.343750 0.750000
vt 0.343750 0.687500
vt 0.343750 0.625000
vt 0.343750 0.562500
vt 0.343750 0.500000
vt 0.359375 1.000000
vt 0.343750 0.937500
vt 0.343750 0.875000
vt 0.312500 0.562500
vt 0.312500 0.500000
vt 0.328125 1.000000
vt 0.312500 0.937500
vt 0.312500 0.875000
vt 0.312500 0.812500
vt 0.312500 0.750000
vt 0.312500 0.687500
vt 0.312500 0.625000
vt 0.281250 0.750000
vt 0.281250 0.687500
vt 0.281250 0.625000
vt 0.281250 0.562500
vt 0.281250 0.500000
vt 0.296875 1.000000
vt 0.281250 0.937500
vt 0.281250 0.875000
vt 0.281250 0.812500
vt 0.250000 0.937500
vt 0.250000 0.875000
vt 0.250000 0.812500
vt 0.250000 0.750000
vt 0.250000 0.687500
vt 0.250000 0.625000
vt 0.250000 0.562500
vt 0.250000 0.500000
vt 0.265625 1.000000
vt 0.218750 0.687500
vt 0.218750 0.625000
vt 0.218750 0.562500
vt 0.218750 0.500000
vt 0.234375 1.000000
vt 0.218750 0.937500
vt 0.218750 0.875000
vt 0.218750 0.812500
vt 0.218750 0.750000
vt 0.187500 0.937500
vt 0.187500 0.875000
vt 0.187500 0.812500
vt 0.187500 0.750000
vt 0.187500 0.687500
vt 0.187500 0.625000
vt 0.187500 0.562500
vt 0.187500 0.500000
vt 0.203125 1.000000
vt 0.156250 0.687500
vt 0.156250 0.625000
vt 0.156250 0.562500
vt 0.156250 0.500000
vt 0.171875 1.000000
vt 0.156250 0.937500
vt 0.156250 0.875000
vt 0.156250 0.812500
vt 0.156250 0.750000
vt 0.125000 0.875000
vt 0.125000 0.812500
vt 0.125000 0.750000
vt 0.125000 0.687500
vt 0.125000 0.625000
vt 0.125000 0.562500
vt 0.125000 0.500000
vt 0.140625 1.000000
vt 0.125000 0.937500
vt 0.093750 0.625000
vt 0.093750 0.562500
vt 0.093750 0.500000
vt 0.109375 1.000000
vt 0.093750 0.937500
vt 0.093750 0.875000
vt 0.093750 0.812500
vt 0.093750 0.750000
vt 0.093750 0.687500
vt 0.062500 0.875000
vt 0.062500 0.812500
vt 0.062500 0.750000
vt 0.062500 0.687500
vt 0.062500 0.625000
vt 0.062500 0.562500
vt 0.062500 0.500000
vt 0.078125 1.000000
vt 0.062500 0.937500
vt 0.031250 0.625000
vt 0.031250 0.562500
vt 0.031250 0.500000
vt 0.046875 1.000000
vt 0.031250 0.937500
vt 0.031250 0.875000
vt 0.031250 0.812500
vt 0.031250 0.750000
vt 0.031250 0.687500
vt 0.000000 0.812500
vt 0.000000 0.750000
vt 0.000000 0.687500
vt 0.000000 0.625000
vt 0.000000 0.562500
vt 0.000000 0.500000
vt 0.015625 1.000000
vt 0.000000 0.937500
vt 0.000000 0.875000
vt 1.000000 0.500000
vt 1.000000 0.562500
vt 0.968750 0.562500
vt 0.968750 0.500000
vt 1.000000 0.937500
vt 0.984375 1.000000
vt 0.968750 0.937500
vt 1.000000 0.875000
vt 0.968750 0.875000
vt 1.000000 0.812500
vt 0.968750 0.812500
vt 1.000000 0.750000
vt 0.968750 0.750000
vt 1.000000 0.687500
vt 0.968750 0.687500
vt 1.000000 0.625000
vt 0.968750 0.625000
vt 0.937500 0.750000
vt 0.937500 0.687500
vt 0.937500 0.625000
vt 0.937500 0.562500
vt 0.937500 0.500000
vt 0.953125 1.000000
vt 0.937500 0.937500
vt 0.937500 0.875000
vt 0.937500 0.812500
vt 0.921875 1.000000
vt 0.906250 0.937500
vt 0.906250 0.875000
vt 0.906250 0.812500
vt 0.906250 0.750000
vt 0.906250 0.687500
vt 0.906250 0.625000
vt 0.906250 0.562500
vt 0.906250 0.500000
vt 0.875000 0.750000
vt 0.875000 0.687500
vt 0.875000 0.625000
vt 0.875000 0.562500
vt 0.875000 0.500000
vt 0.890625 1.000000
vt 0.875000 0.937500
vt 0.875000 0.875000
vt 0.875000 0.812500
vt 0.843750 0.937500
vt 0.843750 0.875000
vt 0.843750 0.812500
vt 0.843750 0.750000
vt 0.843750 0.687500
vt 0.843750 0.625000
vt 0.843750 0.562500
vt 0.843750 0.500000
vt 0.859375 1.000000
vt 0.812500 0.687500
vt 0.812500 0.625000
vt 0.812500 0.562500
vt 0.812500 0.500000
vt 0.828125 1.000000
vt 0.812500 0.937500
vt 0.812500 0.875000
vt 0.812500 0.812500
vt 0.812500 0.750000
vt 0.781250 0.937500
vt 0.781250 0.875000
vt 0.781250 0.812500
vt 0.781250 0.750000
vt 0.781250 0.687500
vt 0.781250 0.625000
vt 0.781250 0.562500
vt 0.781250 0.500000
vt 0.796875 1.000000
vt 0.765625 1.000000
vt 1.000000 1.000000
vt 0.968750 1.000000
vt 0.937500 1.000000
vt 0.906250 1.000000
vt 0.875000 1.000000
vt 0.843750 1.000000
vt 0.812500 1.000000
vt 0.781250 1.000000
vt 0.781250 0.500000
vt 0.750000 1.000000
vt 0.718750 1.000000
vt 0.687500 1.000000
vt 0.656250 1.000000
vt 0.656250 0.500000
vt 0.625000 1.000000
vt 0.625000 0.500000
vt 0.593750 1.000000
vt 0.593750 0.500000
vt 0.562500 1.000000
vt 0.562500 0.500000
vt 0.531250 1.000000
vt 0.531250 0.500000
vt 0.500000 1.000000
vt 0.500000 0.500000
vt 0.468750 1.000000
vt 0.468750 0.500000
vt 0.437500 1.000000
vt 0.437500 0.500000
vt 0.406250 1.000000
vt 0.406250 0.500000
vt 0.375000 1.000000
vt 0.375000 0.500000
vt 0.343750 1.000000
vt 0.343750 0.500000
vt 0.312500 1.000000
vt 0.312500 0.500000
vt 0.281250 1.000000
vt 0.281250 0.500000
vt 0.250000 1.000000
vt 0.250000 0.500000
vt 0.218750 1.000000
vt 0.218750 0.500000
vt 0.187500 1.000000
vt 0.187500 0.500000
vt 0.156250 1.000000
vt 0.125000 1.000000
vt 0.125000 0.500000
vt 0.093750 1.000000
vt 0.062500 1.000000
vt 0.296822 0.485388
vt 0.250000 0.490000
vt 0.203179 0.485389
vt 0.158156 0.471731
vt 0.116663 0.449553
vt 0.080295 0.419706
vt 0.050447 0.383337
vt 0.028269 0.341844
vt 0.014612 0.296822
vt 0.010000 0.250000
vt 0.014611 0.203179
vt 0.028269 0.158156
vt 0.050447 0.116663
vt 0.080294 0.080294
vt 0.116663 0.050447
vt 0.158156 0.028269
vt 0.203178 0.014612
vt 0.250000 0.010000
vt 0.296822 0.014612
vt 0.341844 0.028269
vt 0.383337 0.050447
vt 0.419706 0.080294
vt 0.449553 0.116663
vt 0.471731 0.158156
vt 0.485388 0.203178
vt 0.490000 0.250000
vt 0.485388 0.296822
vt 0.471731 0.341844
vt 0.449553 0.383337
vt 0.419706 0.419706
vt 0.383337 0.449553
vt 0.341844 0.471731
vt 0.031250 1.000000
vt 0.031250 0.500000
vt 0.000000 1.000000
vt 0.750000 0.490000
vt 0.796822 0.485388
vt 0.841844 0.471731
vt 0.883337 0.449553
vt 0.919706 0.419706
vt 0.949553 0.383337
vt 0.971731 0.341844
vt 0.985388 0.296822
vt 0.990000 0.250000
vt 0.985388 0.203178
vt 0.971731 0.158156
vt 0.949553 0.116663
vt 0.919706 0.080294
vt 0.883337 0.050447
vt 0.841844 0.028269
vt 0.796822 0.014612
vt 0.750000 0.010000
vt 0.703178 0.014612
vt 0.658156 0.028269
vt 0.616663 0.050447
vt 0.580294 0.080294
vt 0.550447 0.116663
vt 0.528269 0.158156
vt 0.514611 0.203179
vt 0.510000 0.250000
vt 0.514612 0.296822
vt 0.528269 0.341844
vt 0.550447 0.383337
vt 0.580295 0.419706
vt 0.616663 0.449553
vt 0.658156 0.471731
vt 0.703179 0.485389
s 1
usemtl Material.005
f 3470/712/1653 3469/713/1652 3477/714/1660 3478/715/1661
f 3471/716/1654 3470/712/1653 3478/715/1661 3479/717/1662
f 3472/718/1655 3471/716/1654 3479/717/1662 3480/719/1663
f 3465/720/1648 3619/721/1802 3473/722/1656
f 3466/723/1649 3465/720/1648 3473/722/1656 3474/724/1657
f 3467/725/1650 3466/723/1649 3474/724/1657 3475/726/1658
f 3468/727/1651 3467/725/1650 3475/726/1658 3476/728/1659
f 3469/713/1652 3468/727/1651 3476/728/1659 3477/714/1660
f 3477/714/1660 3476/728/1659 3484/729/1667 3485/730/1668
f 3478/715/1661 3477/714/1660 3485/730/1668 3486/731/1669
f 3479/717/1662 3478/715/1661 3486/731/1669 3487/732/1670
f 3480/719/1663 3479/717/1662 3487/732/1670 3718/733/1901
f 3473/722/1656 3619/734/1802 3481/735/1664
f 3474/724/1657 3473/722/1656 3481/735/1664 3482/736/1665
f 3475/726/1658 3474/724/1657 3482/736/1665 3483/737/1666
f 3476/728/1659 3475/726/1658 3483/737/1666 3484/729/1667
f 3481/735/1664 3619/738/1802 3488/739/1671
f 3482/736/1665 3481/735/1664 3488/739/1671 3489/740/1672
f 3483/737/1666 3482/736/1665 3489/740/1672 3490/741/1673
f 3484/729/1667 3483/737/1666 3490/741/1673 3491/742/1674
f 3485/730/1668 3484/729/1667 3491/742/1674 3492/743/1675
f 3486/731/1669 3485/730/1668 3492/743/1675 3493/744/1676
f 3487/732/1670 3486/731/1669 3493/744/1676 3494/745/1677
f 3718/733/1901 3487/732/1670 3494/745/1677 3720/746/1903
f 3492/743/1675 3491/742/1674 3498/747/1681 3499/748/1682
f 3493/744/1676 3492/743/1675 3499/748/1682 3500/749/1683
f 3494/745/1677 3493/744/1676 3500/749/1683 3501/750/1684
f 3720/746/1903 3494/745/1677 3501/750/1684 3502/751/1685
f 3488/739/1671 3619/752/1802 3495/753/1678
f 3489/740/1672 3488/739/1671 3495/753/1678 3496/754/1679
f 3490/741/1673 3489/740/1672 3496/754/1679 3497/755/1680
f 3491/742/1674 3490/741/1673 3497/755/1680 3498/747/1681
f 3496/754/1679 3495/753/1678 3503/756/1686 3504/757/1687
f 3497/755/1680 3496/754/1679 3504/757/1687 3505/758/1688
f 3498/747/1681 3497/755/1680 3505/758/1688 3506/759/1689
f 3499/748/1682 3498/747/1681 3506/759/1689 3507/760/1690
f 3500/749/1683 3499/748/1682 3507/760/1690 3508/761/1691
f 3501/750/1684 3500/749/1683 3508/761/1691 3509/762/1692
f 3502/751/1685 3501/750/1684 3509/762/1692 3510/763/1693
f 3495/753/1678 3619/764/1802 3503/756/1686
f 3508/761/1691 3507/760/1690 3515/765/1698 3516/766/1699
f 3509/762/1692 3508/761/1691 3516/766/1699 3517/767/1700
f 3510/763/1693 3509/762/1692 3517/767/1700 3518/768/1701
f 3503/756/1686 3619/769/1802 3511/770/1694
f 3504/757/1687 3503/756/1686 3511/770/1694 3512/771/1695
f 3505/758/1688 3504/757/1687 3512/771/1695 3513/772/1696
f 3506/759/1689 3505/758/1688 3513/772/1696 3514/773/1697
f 3507/760/1690 3506/759/1689 3514/773/1697 3515/765/1698
f 3513/772/1696 3512/771/1695 3520/774/1703 3521/775/1704
f 3514/773/1697 3513/772/1696 3521/775/1704 3522/776/1705
f 3515/765/1698 3514/773/1697 3522/776/1705 3523/777/1706
f 3516/766/1699 3515/765/1698 3523/777/1706 3524/778/1707
f 3517/767/1700 3516/766/1699 3524/778/1707 3525/779/1708
f 3518/768/1701 3517/767/1700 3525/779/1708 3526/780/1709
f 3511/770/1694 3619/781/1802 3519/782/1702
f 3512/771/1695 3511/770/1694 3519/782/1702 3520/774/1703
f 3525/779/1708 3524/778/1707 3532/783/1715 3533/784/1716
f 3526/780/1709 3525/779/1708 3533/784/1716 3534/785/1717
f 3519/782/1702 3619/786/1802 3527/787/1710
f 3520/774/1703 3519/782/1702 3527/787/1710 3528/788/1711
f 3521/775/1704 3520/774/1703 3528/788/1711 3529/789/1712
f 3522/776/1705 3521/775/1704 3529/789/1712 3530/790/1713
f 3523/777/1706 3522/776/1705 3530/790/1713 3531/791/1714
f 3524/778/1707 3523/777/1706 3531/791/1714 3532/783/1715
f 3529/789/1712 3528/788/1711 3536/792/1719 3537/793/1720
f 3530/790/1713 3529/789/1712 3537/793/1720 3538/794/1721
f 3531/791/1714 3530/790/1713 3538/794/1721 3539/795/1722
f 3532/783/1715 3531/791/1714 3539/795/1722 3540/796/1723
f 3533/784/1716 3532/783/1715 3540/796/1723 3541/797/1724
f 3534/785/1717 3533/784/1716 3541/797/1724 3727/798/1910
f 3527/787/1710 3619/799/1802 3535/800/1718
f 3528/788/1711 3527/787/1710 3535/800/1718 3536/792/1719
f 3541/797/1724 3540/796/1723 3547/801/1730 3548/802/1731
f 3727/798/1910 3541/797/1724 3548/802/1731 3549/803/1732
f 3535/800/1718 3619/804/1802 3542/805/1725
f 3536/792/1719 3535/800/1718 3542/805/1725 3543/806/1726
f 3537/793/1720 3536/792/1719 3543/806/1726 3544/807/1727
f 3538/794/1721 3537/793/1720 3544/807/1727 3545/808/1728
f 3539/795/1722 3538/794/1721 3545/808/1728 3546/809/1729
f 3540/796/1723 3539/795/1722 3546/809/1729 3547/801/1730
f 3545/808/1728 3544/807/1727 3552/810/1735 3553/811/1736
f 3546/809/1729 3545/808/1728 3553/811/1736 3554/812/1737
f 3547/801/1730 3546/809/1729 3554/812/1737 3555/813/1738
f 3548/802/1731 3547/801/1730 3555/813/1738 3556/814/1739
f 3549/803/1732 3548/802/1731 3556/814/1739 3557/815/1740
f 3542/805/1725 3619/816/1802 3550/817/1733
f 3543/806/1726 3542/805/1725 3550/817/1733 3551/818/1734
f 3544/807/1727 3543/806/1726 3551/818/1734 3552/810/1735
f 3557/815/1740 3556/814/1739 3564/819/1747 3565/820/1748
f 3550/817/1733 3619/821/1802 3558/822/1741
f 3551/818/1734 3550/817/1733 3558/822/1741 3559/823/1742
f 3552/810/1735 3551/818/1734 3559/823/1742 3560/824/1743
f 3553/811/1736 3552/810/1735 3560/824/1743 3561/825/1744
f 3554/812/1737 3553/811/1736 3561/825/1744 3562/826/1745
f 3555/813/1738 3554/812/1737 3562/826/1745 3563/827/1746
f 3556/814/1739 3555/813/1738 3563/827/1746 3564/819/1747
f 3561/825/1744 3560/824/1743 3568/828/1751 3569/829/1752
f 3562/826/1745 3561/825/1744 3569/829/1752 3570/830/1753
f 3563/827/1746 3562/826/1745 3570/830/1753 3571/831/1754
f 3564/819/1747 3563/827/1746 3571/831/1754 3572/832/1755
f 3565/820/1748 3564/819/1747 3572/832/1755 3732/833/1915
f 3558/822/1741 3619/834/1802 3566/835/1749
f 3559/823/1742 3558/822/1741 3566/835/1749 3567/836/1750
f 3560/824/1743 3559/823/1742 3567/836/1750 3568/828/1751
f 3732/833/1915 3572/832/1755 3579/837/1762 3734/838/1917
f 3566/835/1749 3619/839/1802 3573/840/1756
f 3567/836/1750 3566/835/1749 3573/840/1756 3574/841/1757
f 3568/828/1751 3567/836/1750 3574/841/1757 3575/842/1758
f 3569/829/1752 3568/828/1751 3575/842/1758 3576/843/1759
f 3570/830/1753 3569/829/1752 3576/843/1759 3577/844/1760
f 3571/831/1754 3570/830/1753 3577/844/1760 3578/845/1761
f 3572/832/1755 3571/831/1754 3578/845/1761 3579/837/1762
f 3577/844/1760 3576/843/1759 3583/846/1766 3584/847/1767
f 3578/845/1761 3577/844/1760 3584/847/1767 3585/848/1768
f 3579/837/1762 3578/845/1761 3585/848/1768 3586/849/1769
f 3734/838/1917 3579/837/1762 3586/849/1769 3587/850/1770
f 3573/840/1756 3619/851/1802 3580/852/1763
f 3574/841/1757 3573/840/1756 3580/852/1763 3581/853/1764
f 3575/842/1758 3574/841/1757 3581/853/1764 3582/854/1765
f 3576/843/1759 3575/842/1758 3582/854/1765 3583/846/1766
f 3581/853/1764 3580/852/1763 3588/855/1771 3589/856/1772
f 3582/854/1765 3581/853/1764 3589/856/1772 3590/857/1773
f 3583/846/1766 3582/854/1765 3590/857/1773 3591/858/1774
f 3584/847/1767 3583/846/1766 3591/858/1774 3592/859/1775
f 3585/848/1768 3584/847/1767 3592/859/1775 3593/860/1776
f 3586/849/1769 3585/848/1768 3593/860/1776 3594/861/1777
f 3587/850/1770 3586/849/1769 3594/861/1777 3595/862/1778
f 3580/852/1763 3619/863/1802 3588/855/1771
f 3593/860/1776 3592/859/1775 3600/864/1783 3601/865/1784
f 3594/861/1777 3593/860/1776 3601/865/1784 3602/866/1785
f 3595/862/1778 3594/861/1777 3602/866/1785 3603/867/1786
f 3588/855/1771 3619/868/1802 3596/869/1779
f 3589/856/1772 3588/855/1771 3596/869/1779 3597/870/1780
f 3590/857/1773 3589/856/1772 3597/870/1780 3598/871/1781
f 3591/858/1774 3590/857/1773 3598/871/1781 3599/872/1782
f 3592/859/1775 3591/858/1774 3599/872/1782 3600/864/1783
f 3597/870/1780 3596/869/1779 3604/873/1787 3605/874/1788
f 3598/871/1781 3597/870/1780 3605/874/1788 3606/875/1789
f 3599/872/1782 3598/871/1781 3606/875/1789 3607/876/1790
f 3600/864/1783 3599/872/1782 3607/876/1790 3608/877/1791
f 3601/865/1784 3600/864/1783 3608/877/1791 3609/878/1792
f 3602/866/1785 3601/865/1784 3609/878/1792 3610/879/1793
f 3603/867/1786 3602/866/1785 3610/879/1793 3611/880/1794
f 3596/869/1779 3619/881/1802 3604/873/1787
f 3609/878/1792 3608/877/1791 3616/882/1799 3617/883/1800
f 3610/879/1793 3609/878/1792 3617/883/1800 3618/884/1801
f 3611/880/1794 3610/879/1793 3618/884/1801 3740/885/1923
f 3604/873/1787 3619/886/1802 3612/887/1795
f 3605/874/1788 3604/873/1787 3612/887/1795 3613/888/1796
f 3606/875/1789 3605/874/1788 3613/888/1796 3614/889/1797
f 3607/876/1790 3606/875/1789 3614/889/1797 3615/890/1798
f 3608/877/1791 3607/876/1790 3615/890/1798 3616/882/1799
f 3614/889/1797 3613/888/1796 3621/891/1804 3622/892/1805
f 3615/890/1798 3614/889/1797 3622/892/1805 3623/893/1806
f 3616/882/1799 3615/890/1798 3623/893/1806 3624/894/1807
f 3617/883/1800 3616/882/1799 3624/894/1807 3625/895/1808
f 3618/884/1801 3617/883/1800 3625/895/1808 3626/896/1809
f 3740/885/1923 3618/884/1801 3626/896/1809 3627/897/1810
f 3612/887/1795 3619/898/1802 3620/899/1803
f 3613/888/1796 3612/887/1795 3620/899/1803 3621/891/1804
f 3626/896/1809 3625/895/1808 3633/900/1816 3634/901/1817
f 3627/897/1810 3626/896/1809 3634/901/1817 3635/902/1818
f 3620/899/1803 3619/903/1802 3628/904/1811
f 3621/891/1804 3620/899/1803 3628/904/1811 3629/905/1812
f 3622/892/1805 3621/891/1804 3629/905/1812 3630/906/1813
f 3623/893/1806 3622/892/1805 3630/906/1813 3631/907/1814
f 3624/894/1807 3623/893/1806 3631/907/1814 3632/908/1815
f 3625/895/1808 3624/894/1807 3632/908/1815 3633/900/1816
f 3630/906/1813 3629/905/1812 3637/909/1820 3638/910/1821
f 3631/907/1814 3630/906/1813 3638/910/1821 3639/911/1822
f 3632/908/1815 3631/907/1814 3639/911/1822 3640/912/1823
f 3633/900/1816 3632/908/1815 3640/912/1823 3641/913/1824
f 3634/901/1817 3633/900/1816 3641/913/1824 3642/914/1825
f 3635/902/1818 3634/901/1817 3642/914/1825 3643/915/1826
f 3628/904/1811 3619/916/1802 3636/917/1819
f 3629/905/1812 3628/904/1811 3636/917/1819 3637/909/1820
f 3642/914/1825 3641/913/1824 3649/918/1832 3650/919/1833
f 3643/915/1826 3642/914/1825 3650/919/1833 3745/920/1928
f 3636/917/1819 3619/921/1802 3644/922/1827
f 3637/909/1820 3636/917/1819 3644/922/1827 3645/923/1828
f 3638/910/1821 3637/909/1820 3645/923/1828 3646/924/1829
f 3639/911/1822 3638/910/1821 3646/924/1829 3647/925/1830
f 3640/912/1823 3639/911/1822 3647/925/1830 3648/926/1831
f 3641/913/1824 3640/912/1823 3648/926/1831 3649/918/1832
f 3647/925/1830 3646/924/1829 3653/927/1836 3654/928/1837
f 3648/926/1831 3647/925/1830 3654/928/1837 3655/929/1838
f 3649/918/1832 3648/926/1831 3655/929/1838 3656/930/1839
f 3650/919/1833 3649/918/1832 3656/930/1839 3657/931/1840
f 3745/920/1928 3650/919/1833 3657/931/1840 3658/932/1841
f 3644/922/1827 3619/933/1802 3651/934/1834
f 3645/923/1828 3644/922/1827 3651/934/1834 3652/935/1835
f 3646/924/1829 3645/923/1828 3652/935/1835 3653/927/1836
f 3658/936/1841 3657/937/1840 3665/938/1848 3666/939/1849
f 3651/940/1834 3619/941/1802 3659/942/1842
f 3652/943/1835 3651/940/1834 3659/942/1842 3660/944/1843
f 3653/945/1836 3652/943/1835 3660/944/1843 3661/946/1844
f 3654/947/1837 3653/945/1836 3661/946/1844 3662/948/1845
f 3655/949/1838 3654/947/1837 3662/948/1845 3663/950/1846
f 3656/951/1839 3655/949/1838 3663/950/1846 3664/952/1847
f 3657/937/1840 3656/951/1839 3664/952/1847 3665/938/1848
f 3663/950/1846 3662/948/1845 3670/953/1853 3671/954/1854
f 3664/952/1847 3663/950/1846 3671/954/1854 3672/955/1855
f 3665/938/1848 3664/952/1847 3672/955/1855 3673/956/1856
f 3666/939/1849 3665/938/1848 3673/956/1856 3674/957/1857
f 3659/942/1842 3619/958/1802 3667/959/1850
f 3660/944/1843 3659/942/1842 3667/959/1850 3668/960/1851
f 3661/946/1844 3660/944/1843 3668/960/1851 3669/961/1852
f 3662/948/1845 3661/946/1844 3669/961/1852 3670/953/1853
f 3667/959/1850 3619/962/1802 3675/963/1858
f 3668/960/1851 3667/959/1850 3675/963/1858 3676/964/1859
f 3669/961/1852 3668/960/1851 3676/964/1859 3677/965/1860
f 3670/953/1853 3669/961/1852 3677/965/1860 3678/966/1861
f 3671/954/1854 3670/953/1853 3678/966/1861 3679/967/1862
f 3672/955/1855 3671/954/1854 3679/967/1862 3680/968/1863
f 3673/956/1856 3672/955/1855 3680/968/1863 3681/969/1864
f 3674/957/1857 3673/956/1856 3681/969/1864 3682/970/1865
f 3679/967/1862 3678/966/1861 3686/971/1869 3687/972/1870
f 3680/968/1863 3679/967/1862 3687/972/1870 3688/973/1871
f 3681/969/1864 3680/968/1863 3688/973/1871 3689/974/1872
f 3682/970/1865 3681/969/1864 3689/974/1872 3690/975/1873
f 3675/963/1858 3619/976/1802 3683/977/1866
f 3676/964/1859 3675/963/1858 3683/977/1866 3684/978/1867
f 3677/965/1860 3676/964/1859 3684/978/1867 3685/979/1868
f 3678/966/1861 3677/965/1860 3685/979/1868 3686/971/1869
f 3684/978/1867 3683/977/1866 3691/980/1874 3692/981/1875
f 3685/979/1868 3684/978/1867 3692/981/1875 3693/982/1876
f 3686/971/1869 3685/979/1868 3693/982/1876 3694/983/1877
f 3687/972/1870 3686/971/1869 3694/983/1877 3695/984/1878
f 3688/973/1871 3687/972/1870 3695/984/1878 3696/985/1879
f 3689/974/1872 3688/973/1871 3696/985/1879 3697/986/1880
f 3690/975/1873 3689/974/1872 3697/986/1880 3698/987/1881
f 3683/977/1866 3619/988/1802 3691/980/1874
f 3696/985/1879 3695/984/1878 3703/989/1886 3704/990/1887
f 3697/986/1880 3696/985/1879 3704/990/1887 3705/991/1888
f 3698/987/1881 3697/986/1880 3705/991/1888 3706/992/1889
f 3691/980/1874 3619/993/1802 3699/994/1882
f 3692/981/1875 3691/980/1874 3699/994/1882 3700/995/1883
f 3693/982/1876 3692/981/1875 3700/995/1883 3701/996/1884
f 3694/983/1877 3693/982/1876 3701/996/1884 3702/997/1885
f 3695/984/1878 3694/983/1877 3702/997/1885 3703/989/1886
f 3700/995/1883 3699/994/1882 3707/998/1890 3708/999/1891
f 3701/996/1884 3700/995/1883 3708/999/1891 3709/1000/1892
f 3702/997/1885 3701/996/1884 3709/1000/1892 3710/1001/1893
f 3703/989/1886 3702/997/1885 3710/1001/1893 3711/1002/1894
f 3704/990/1887 3703/989/1886 3711/1002/1894 3712/1003/1895
f 3705/991/1888 3704/990/1887 3712/1003/1895 3713/1004/1896
f 3706/992/1889 3705/991/1888 3713/1004/1896 3714/1005/1897
f 3699/994/1882 3619/1006/1802 3707/998/1890
f 3712/1003/1895 3711/1002/1894 3469/713/1652 3470/712/1653
f 3713/1004/1896 3712/1003/1895 3470/712/1653 3471/716/1654
f 3714/1005/1897 3713/1004/1896 3471/716/1654 3472/718/1655
f 3707/998/1890 3619/1007/1802 3465/720/1648
f 3708/999/1891 3707/998/1890 3465/720/1648 3466/723/1649
f 3709/1000/1892 3708/999/1891 3466/723/1649 3467/725/1650
f 3710/1001/1893 3709/1000/1892 3467/725/1650 3468/727/1651
f 3711/1002/1894 3710/1001/1893 3468/727/1651 3469/713/1652
f 3715/936/1898 3472/1008/1655 3480/1009/1663 3716/939/1899
f 3716/939/1899 3480/1009/1663 3718/1010/1901 3717/957/1900
f 3717/957/1900 3718/1010/1901 3720/1011/1903 3719/970/1902
f 3719/970/1902 3720/1011/1903 3502/1012/1685 3721/975/1904
f 3721/975/1904 3502/1012/1685 3510/1013/1693 3722/987/1905
f 3722/987/1905 3510/1013/1693 3518/1014/1701 3723/992/1906
f 3723/992/1906 3518/1014/1701 3526/1015/1709 3724/1016/1907
f 3724/1016/1907 3526/1015/1709 3534/1017/1717 3725/718/1908
f 3725/718/1908 3534/1017/1717 3727/1018/1910 3726/719/1909
f 3726/719/1909 3727/1018/1910 3549/1019/1732 3728/733/1911
f 3728/733/1911 3549/1019/1732 3557/1020/1740 3729/1021/1912
f 3729/1021/1912 3557/1020/1740 3565/1022/1748 3730/1023/1913
f 3730/1023/1913 3565/1022/1748 3732/1024/1915 3731/1025/1914
f 3731/1025/1914 3732/1024/1915 3734/1026/1917 3733/1027/1916
f 3733/1027/1916 3734/1026/1917 3587/1028/1770 3735/1029/1918
f 3735/1029/1918 3587/1028/1770 3595/1030/1778 3736/1031/1919
f 3736/1031/1919 3595/1030/1778 3603/1032/1786 3737/1033/1920
f 3737/1033/1920 3603/1032/1786 3611/1034/1794 3738/1035/1921
f 3738/1035/1921 3611/1034/1794 3740/1036/1923 3739/1037/1922
f 3739/1037/1922 3740/1036/1923 3627/1038/1810 3741/1039/1924
f 3741/1039/1924 3627/1038/1810 3635/1040/1818 3742/1041/1925
f 3742/1041/1925 3635/1040/1818 3643/1042/1826 3743/1043/1926
f 3743/1043/1926 3643/1042/1826 3745/1044/1928 3744/1045/1927
f 3744/1045/1927 3745/1044/1928 3658/1046/1841 3746/1047/1929
f 3746/1047/1929 3658/1046/1841 3666/1048/1849 3747/1049/1930
f 3747/1049/1930 3666/1048/1849 3674/1050/1857 3748/1051/1931
f 3748/1051/1931 3674/1050/1857 3682/1052/1865 3749/885/1932
f 3749/885/1932 3682/1052/1865 3690/1053/1873 3750/1054/1933
f 3750/1054/1933 3690/1053/1873 3698/1055/1881 3751/902/1934
f 3751/902/1934 3698/1055/1881 3706/1056/1889 3752/915/1935
f 3480/1057/1663 3472/1058/1655 3714/1059/1897 3706/1060/1889 3698/1061/1881 3690/1062/1873 3682/1063/1865 3674/1064/1857 3666/1065/1849 3658/1066/1841 3745/1067/1928 3643/1068/1826 3635/1069/1818 3627/1070/1810 3740/1071/1923 3611/1072/1794 3603/1073/1786 3595/1074/1778 3587/1075/1770 3734/1076/1917 3732/1077/1915 3565/1078/1748 3557/1079/1740 3549/1080/1732 3727/1081/1910 3534/1082/1717 3526/1083/1709 3518/1084/1701 3510/1085/1693 3502/1086/1685 3720/1087/1903 3718/1088/1901
f 3752/915/1935 3706/1056/1889 3714/1089/1897 3753/1090/1936
f 3753/1090/1936 3714/1089/1897 3472/1091/1655 3715/932/1898
f 3715/1092/1898 3716/1093/1899 3717/1094/1900 3719/1095/1902 3721/1096/1904 3722/1097/1905 3723/1098/1906 3724/1099/1907 3725/1100/1908 3726/1101/1909 3728/1102/1911 3729/1103/1912 3730/1104/1913 3731/1105/1914 3733/1106/1916 3735/1107/1918 3736/1108/1919 3737/1109/1920 3738/1110/1921 3739/1111/1922 3741/1112/1924 3742/1113/1925 3743/1114/1926 3744/1115/1927 3746/1116/1929 3747/1117/1930 3748/1118/1931 3749/1119/1932 3750/1120/1933 3751/1121/1934 3752/1122/1935 3753/1123/1936
