# Blender 3.6.0
# www.blender.org
mtllib PipeWrench.mtl
o PipeWrench_01
v 0.000000 -0.016524 -0.175371
v 0.000000 -0.012986 -0.316125
v 0.000000 -0.014755 -0.244538
v 0.000000 0.027369 -0.166468
v 0.000000 0.025359 -0.175371
v 0.000000 0.081675 -0.087641
v 0.000000 0.083706 -0.070885
v 0.000000 0.021699 -0.244538
v 0.000000 0.020272 -0.316125
v 0.000000 -0.018591 -0.092257
v 0.000000 -0.017454 -0.132466
v 0.000000 0.026483 -0.106716
v 0.000000 0.028275 -0.103086
v 0.000000 0.026483 -0.127045
v 0.000000 0.031036 -0.131710
v 0.000000 0.028275 -0.130677
v 0.008912 0.083141 -0.070885
v 0.006023 0.081035 -0.087366
v 0.008691 0.079977 -0.086922
v 0.000000 0.078813 -0.093412
v 0.005955 0.077979 -0.093412
v 0.008602 0.077108 -0.093022
v 0.000000 0.083431 -0.079785
v 0.008814 0.082279 -0.078327
v 0.006116 0.082883 -0.079062
v 0.000000 0.075302 -0.097178
v 0.000000 0.064095 -0.102077
v 0.004517 0.064347 -0.102078
v 0.005901 0.074477 -0.097167
v 0.008791 0.060631 -0.101716
v 0.008533 0.073556 -0.096791
v 0.000000 0.082311 -0.063227
v 0.000000 0.079327 -0.054793
v 0.000000 0.019336 -0.406252
v 0.000000 -0.010742 -0.406941
v 0.003398 0.002704 -0.316154
v 0.004036 0.001717 -0.244570
v 0.004625 0.000763 -0.175404
v 0.004946 0.000169 -0.132314
v 0.009010 0.082324 -0.063258
v 0.009127 0.079333 -0.054808
v 0.005973 0.079332 -0.054804
v 0.005623 0.082320 -0.063248
v 0.005755 0.083707 -0.070885
v 0.006954 0.054789 -0.040962
v 0.000000 0.062734 -0.042829
v 0.006941 0.061138 -0.042252
v 0.006975 0.038771 -0.038347
v 0.004381 0.062734 -0.042830
v 0.000000 0.029331 -0.162096
v 0.012903 0.001963 -0.058946
v 0.012894 -0.014242 -0.060220
v 0.006699 0.060660 -0.064625
v 0.006706 0.055028 -0.063817
v 0.006720 0.038047 -0.062192
v 0.000000 0.062242 -0.064975
v 0.004197 0.062252 -0.064976
v 0.000000 0.001114 -0.062871
v 0.013063 -0.011336 -0.051142
v 0.013001 -0.008214 -0.054264
v 0.013021 -0.010422 -0.053350
v 0.013104 -0.010422 -0.048934
v 0.013120 -0.008214 -0.048020
v 0.013017 -0.006006 -0.053349
v 0.013058 -0.005093 -0.051142
v 0.013100 -0.006006 -0.048934
v 0.011235 -0.008214 -0.048610
v 0.011235 -0.006424 -0.049352
v 0.011235 -0.010004 -0.052932
v 0.011235 -0.010746 -0.051142
v 0.011235 -0.010004 -0.049352
v 0.011235 -0.006424 -0.052932
v 0.011235 -0.008214 -0.053673
v 0.011235 -0.005687 -0.051142
v 0.012709 0.037712 -0.067478
v 0.012639 0.050698 -0.070577
v 0.012592 0.059353 -0.072642
v 0.012514 0.073713 -0.076071
v 0.012492 0.077667 -0.077014
v 0.012765 0.027375 -0.065011
v 0.009664 -0.016524 -0.175371
v 0.010713 -0.015543 -0.175372
v 0.012260 0.024840 -0.037539
v 0.013287 0.025840 -0.037531
v 0.012270 0.025834 -0.036541
v 0.008015 0.019291 -0.316130
v 0.006747 0.020272 -0.316125
v 0.003193 0.009021 -0.444335
v 0.006747 -0.012986 -0.316125
v 0.008043 -0.012018 -0.316130
v 0.009370 0.020713 -0.244541
v 0.008198 0.021699 -0.244538
v 0.009401 -0.013780 -0.244542
v 0.008198 -0.014755 -0.244538
v 0.003156 0.007872 -0.448325
v 0.013209 0.054625 -0.040323
v 0.012236 0.054776 -0.039167
v 0.003155 0.001017 -0.448324
v 0.012206 0.063424 -0.041027
v 0.013164 0.063466 -0.042252
v 0.009664 0.025359 -0.175371
v 0.010677 0.024370 -0.175371
v 0.010853 0.026486 -0.165992
v 0.009851 0.027369 -0.166469
v 0.003190 0.000073 -0.444652
v 0.012609 0.080566 -0.070703
v 0.011504 0.081693 -0.070886
v 0.011334 -0.018591 -0.092257
v 0.012291 -0.017605 -0.092201
v 0.011527 -0.016470 -0.132455
v 0.010552 -0.017454 -0.132466
v 0.011470 0.041017 -0.132709
v 0.010547 0.042017 -0.132710
v 0.010567 0.041017 -0.131710
v 0.011041 0.026483 -0.106716
v 0.011991 0.025483 -0.105977
v 0.011236 0.032124 -0.102069
v 0.012078 0.032124 -0.101054
v 0.011117 0.028227 -0.103184
v 0.012056 0.027215 -0.102448
v 0.011480 0.030855 -0.132709
v 0.010567 0.031036 -0.131710
v 0.010680 0.026483 -0.127045
v 0.011586 0.025499 -0.127345
v 0.011506 0.027533 -0.131465
v 0.010599 0.028275 -0.130677
v 0.005916 0.041017 -0.132710
v 0.007098 0.041017 -0.131710
v 0.006883 0.042017 -0.132710
v 0.000000 0.032125 -0.131710
v 0.000000 0.032447 -0.132710
v 0.006795 0.032124 -0.102069
v 0.000000 0.031871 -0.101696
v 0.006593 0.059947 -0.101716
v 0.000000 0.061883 -0.102077
v 0.005484 -0.001258 -0.450653
v 0.004820 -0.000026 -0.449367
v 0.004877 -0.001935 -0.444757
v 0.005586 -0.003466 -0.445369
v 0.004875 0.010816 -0.444767
v 0.005572 0.012398 -0.445372
v 0.005474 0.010197 -0.450651
v 0.004820 0.008914 -0.449366
v 0.006899 0.010221 -0.316130
v 0.008022 0.011717 -0.316130
v 0.008038 -0.006396 -0.316130
v 0.006898 -0.004933 -0.316130
v 0.008316 -0.006603 -0.244544
v 0.009396 -0.008012 -0.244542
v 0.009378 0.011335 -0.244542
v 0.008316 0.009892 -0.244544
v 0.012298 -0.011451 -0.091553
v 0.011419 -0.010139 -0.092086
v 0.012277 0.010338 -0.091588
v 0.011420 0.008965 -0.092146
v 0.011514 0.010740 -0.131865
v 0.010644 0.009360 -0.132187
v 0.010641 -0.009206 -0.132384
v 0.011523 -0.010538 -0.132392
v 0.009760 -0.008210 -0.175376
v 0.010708 -0.009570 -0.175371
v 0.009759 0.009567 -0.175376
v 0.010689 0.010967 -0.175371
v 0.006095 -0.008191 -0.093716
v 0.005177 -0.006824 -0.093765
v 0.002471 0.008819 -0.439917
v 0.002448 -0.000054 -0.439885
v 0.012320 0.077084 -0.086150
v 0.011542 0.078030 -0.086678
v 0.012230 0.073896 -0.091021
v 0.011530 0.074304 -0.092504
v 0.011451 0.080582 -0.077758
v 0.012483 0.079378 -0.077456
v 0.011290 0.056825 -0.102076
v 0.012058 0.055517 -0.100985
v 0.011481 0.070412 -0.096002
v 0.012167 0.069893 -0.094554
v 0.011567 0.081344 -0.063283
v 0.012740 0.080415 -0.063790
v 0.012884 0.077605 -0.056335
v 0.011738 0.078274 -0.055076
v 0.003175 0.005761 -0.449811
v 0.003174 0.003125 -0.449810
v 0.004779 0.006087 -0.451143
v 0.005434 0.006523 -0.452916
v 0.004779 0.002800 -0.451142
v 0.005438 0.002431 -0.452919
v 0.006306 0.018359 -0.406342
v 0.005184 0.019336 -0.406252
v 0.005381 0.010637 -0.406934
v 0.006301 0.012202 -0.406890
v 0.006317 -0.004347 -0.406857
v 0.005380 -0.002815 -0.406826
v 0.005174 -0.010742 -0.406941
v 0.006321 -0.009785 -0.406931
v 0.002664 0.008599 -0.406797
v 0.006094 0.007226 -0.093747
v 0.005177 0.005855 -0.093787
v 0.005858 0.007469 -0.132232
v 0.004945 0.006081 -0.132252
v 0.004947 -0.005928 -0.132379
v 0.005860 -0.007317 -0.132389
v 0.002681 -0.000808 -0.406771
v 0.005526 0.007734 -0.175399
v 0.004623 0.006320 -0.175404
v 0.004628 -0.004970 -0.175404
v 0.005534 -0.006384 -0.175399
v 0.004032 0.006699 -0.244570
v 0.004911 0.008165 -0.244565
v 0.004924 -0.004889 -0.244564
v 0.004041 -0.003423 -0.244570
v 0.004255 -0.003348 -0.316148
v 0.003404 -0.001821 -0.316154
v 0.003393 0.007090 -0.316154
v 0.004238 0.008617 -0.316149
v 0.012041 -0.016011 -0.045805
v 0.013148 -0.015306 -0.046886
v 0.012012 0.010588 -0.105582
v 0.011226 0.009213 -0.106082
v 0.005119 0.005912 -0.107371
v 0.006035 0.007287 -0.107336
v 0.013179 -0.001227 -0.044564
v 0.012095 -0.001111 -0.043461
v 0.006795 0.036820 -0.102069
v 0.006901 0.055444 -0.102076
v 0.012066 0.046747 -0.101008
v 0.011263 0.047946 -0.102069
v 0.011246 0.036537 -0.102069
v 0.012075 0.036519 -0.101032
v 0.012270 0.038810 -0.036560
v 0.013276 0.037726 -0.037557
v 0.003513 0.061910 -0.102078
v 0.009450 0.062955 -0.041065
v 0.007790 0.062002 -0.041457
v 0.007785 0.054781 -0.039945
v 0.009429 0.054776 -0.039167
v 0.000000 0.063605 -0.042048
v 0.000000 0.065215 -0.041985
v 0.006460 0.023859 -0.039533
v 0.005469 0.025852 -0.040268
v 0.006357 0.024840 -0.037597
v 0.006582 0.025834 -0.036593
v 0.005569 0.025818 -0.037596
v 0.007758 0.038793 -0.037349
v 0.009386 0.038810 -0.036560
v 0.005763 0.065210 -0.041984
v 0.005153 0.063602 -0.042047
v 0.010930 0.028322 -0.161814
v 0.009943 0.029332 -0.162085
v 0.012168 -0.017750 -0.062292
v 0.010978 -0.018801 -0.062863
v 0.006348 -0.019535 -0.047455
v 0.006477 -0.019087 -0.046289
v 0.005357 -0.018674 -0.047306
v 0.012159 0.023859 -0.039532
v 0.013236 0.025858 -0.040267
v 0.010824 -0.018943 -0.047456
v 0.012169 -0.017887 -0.047313
v 0.011096 -0.018451 -0.046189
v 0.000000 0.025481 -0.062593
v 0.005175 0.025481 -0.062593
v 0.006353 -0.019161 -0.063359
v 0.005357 -0.018320 -0.062322
v 0.000000 -0.019161 -0.063359
v 0.000000 -0.018320 -0.062322
v 0.005347 0.000720 -0.044241
v 0.006464 0.000394 -0.043224
v 0.005166 0.001104 -0.062358
v 0.000000 0.032447 -0.155825
v 0.000000 0.032004 -0.158073
v 0.011313 0.040221 -0.141049
v 0.011394 0.041017 -0.136739
v 0.010374 0.041221 -0.141235
v 0.010461 0.042017 -0.136925
v 0.005864 0.041017 -0.136740
v 0.005810 0.040221 -0.141050
v 0.006830 0.042017 -0.136925
v 0.006774 0.041221 -0.141235
v 0.010173 0.036727 -0.150997
v 0.010290 0.039656 -0.145327
v 0.011137 0.035835 -0.150536
v 0.011242 0.038761 -0.144864
v 0.005762 0.038772 -0.144839
v 0.005689 0.035880 -0.150528
v 0.006720 0.039656 -0.145327
v 0.006644 0.036685 -0.150968
v 0.005915 0.033484 -0.132710
v 0.004782 0.032447 -0.132710
v 0.007104 0.033190 -0.131710
v 0.005958 0.032148 -0.131710
v 0.005423 0.032003 -0.158076
v 0.006569 0.033055 -0.156473
v 0.010038 0.032371 -0.157529
v 0.004495 0.032447 -0.155819
v 0.005642 0.033487 -0.154214
v 0.000000 -0.004423 -0.456645
v 0.000000 -0.007338 -0.453887
v 0.000000 0.002879 -0.459100
v 0.000000 -0.001198 -0.458150
v 0.000000 -0.008804 -0.450314
v 0.000000 -0.009767 -0.446404
v 0.000000 0.018919 -0.446400
v 0.000000 0.018077 -0.450591
v 0.000000 0.016569 -0.453709
v 0.000000 0.014296 -0.456329
v 0.000000 0.010586 -0.458339
v 0.000000 0.006476 -0.459092
v 0.004479 -0.001199 -0.458150
v 0.004468 0.002879 -0.459100
v 0.005362 -0.000970 -0.457082
v 0.005341 0.002879 -0.458050
v 0.005445 -0.006628 -0.452970
v 0.005390 -0.003730 -0.455759
v 0.004532 -0.007339 -0.453884
v 0.004497 -0.004423 -0.456645
v 0.004468 0.006475 -0.459091
v 0.004479 0.010586 -0.458338
v 0.005338 0.006213 -0.458041
v 0.005348 0.010320 -0.457273
v 0.004573 0.018077 -0.450591
v 0.004628 0.018919 -0.446398
v 0.005478 0.017126 -0.450116
v 0.005557 0.017955 -0.445915
v 0.004496 0.014296 -0.456329
v 0.004532 0.016570 -0.453706
v 0.005380 0.013564 -0.455444
v 0.005428 0.015820 -0.452796
v 0.005581 -0.008835 -0.445915
v 0.005506 -0.007885 -0.449836
v 0.004628 -0.009767 -0.446402
v 0.004573 -0.008804 -0.450314
v 0.011494 -0.008761 -0.088147
v 0.011556 -0.006275 -0.084892
v 0.012380 -0.009913 -0.087109
v 0.012447 -0.007084 -0.083479
v 0.012481 -0.002865 -0.081466
v 0.012477 0.001775 -0.081460
v 0.011590 -0.002548 -0.083079
v 0.011590 0.001574 -0.083082
v 0.012434 0.005961 -0.083519
v 0.012362 0.008756 -0.087199
v 0.011556 0.005301 -0.084891
v 0.011494 0.007776 -0.088159
v 0.006166 0.001187 -0.086399
v 0.006167 -0.002134 -0.086390
v 0.005237 0.000866 -0.087982
v 0.005237 -0.001813 -0.087982
v 0.005203 0.004894 -0.091281
v 0.005225 0.003258 -0.089158
v 0.006125 0.006087 -0.090598
v 0.006151 0.004140 -0.087914
v 0.005225 -0.004212 -0.089151
v 0.005203 -0.005865 -0.091257
v 0.006152 -0.005095 -0.087894
v 0.006126 -0.007057 -0.090563
v 0.000000 0.008836 -0.439878
v 0.000000 0.008599 -0.406797
v 0.000000 -0.000808 -0.406771
v 0.000000 -0.000054 -0.439885
v 0.002685 -0.000098 -0.404919
v 0.002689 0.001141 -0.403375
v 0.002697 0.000528 -0.402294
v 0.002695 0.002912 -0.402512
v 0.002694 0.004895 -0.402519
v 0.002707 0.003874 -0.400915
v 0.002688 0.006661 -0.403393
v 0.002677 0.007891 -0.404945
v 0.002697 0.007218 -0.402294
v 0.000000 0.004895 -0.402519
v 0.000000 0.002912 -0.402512
v 0.000000 0.007891 -0.404944
v 0.000000 0.006661 -0.403393
v 0.000000 0.001141 -0.403375
v 0.000000 -0.000098 -0.404919
v 0.002447 0.008289 -0.441751
v 0.002429 0.007051 -0.443165
v 0.002429 0.001705 -0.443140
v 0.002438 0.000474 -0.441719
v 0.002423 0.005322 -0.443942
v 0.002423 0.003426 -0.443934
v 0.000000 0.007075 -0.443142
v 0.000000 0.008309 -0.441718
v 0.000000 0.000478 -0.441724
v 0.000000 0.001715 -0.443147
v 0.000000 0.003445 -0.443935
v 0.000000 0.005346 -0.443934
v 0.000000 0.070717 -0.045340
v 0.000000 0.075102 -0.049303
v 0.000000 0.071932 -0.099285
v 0.000000 0.066384 -0.101446
v 0.005013 0.065985 -0.101547
v 0.005865 0.071399 -0.099203
v 0.008438 0.069660 -0.099219
v 0.008596 0.063403 -0.101252
v 0.009289 0.070653 -0.045417
v 0.009202 0.075122 -0.049332
v 0.005815 0.075107 -0.049311
v 0.005751 0.070713 -0.045339
v 0.012562 0.064862 -0.073956
v 0.012535 0.069819 -0.075140
v 0.013072 0.070053 -0.046808
v 0.012984 0.074308 -0.051252
v 0.012000 0.074665 -0.049826
v 0.012150 0.070392 -0.045600
v 0.011318 0.060581 -0.101123
v 0.011404 0.066291 -0.098775
v 0.012115 0.065573 -0.097505
v 0.012075 0.059908 -0.099878
v 0.011018 0.031496 -0.157049
v 0.000000 0.019386 -0.401450
v 0.005462 0.010615 -0.402095
v 0.006393 0.012176 -0.402054
v 0.002748 0.008599 -0.401967
v 0.005267 0.019386 -0.401450
v 0.006397 0.018409 -0.401535
v 0.000000 -0.010861 -0.402146
v 0.006408 -0.004456 -0.402067
v 0.005460 -0.002927 -0.402037
v 0.006411 -0.009903 -0.402136
v 0.005257 -0.010861 -0.402146
v 0.002764 -0.000942 -0.401986
v 0.000000 -0.018139 -0.108249
v 0.005086 -0.006468 -0.109122
v 0.006002 -0.007844 -0.109096
v 0.011990 -0.011088 -0.107795
v 0.011110 -0.009768 -0.108113
v 0.011987 -0.017154 -0.108211
v 0.011023 -0.018139 -0.108249
v 0.000000 -0.016989 -0.153918
v 0.004786 0.000466 -0.153859
v 0.011120 -0.016006 -0.153914
v 0.010108 -0.016989 -0.153919
v 0.004784 0.006200 -0.153828
v 0.005692 0.007602 -0.153816
v 0.010202 0.009464 -0.153781
v 0.011101 0.010853 -0.153618
v 0.005697 -0.006850 -0.153894
v 0.004788 -0.005449 -0.153892
v 0.011115 -0.010054 -0.153882
v 0.010200 -0.008708 -0.153880
v -0.008912 0.083141 -0.070885
v -0.006023 0.081035 -0.087366
v -0.008690 0.079977 -0.086922
v -0.005954 0.077979 -0.093412
v -0.008601 0.077108 -0.093022
v -0.008813 0.082279 -0.078327
v -0.006116 0.082883 -0.079062
v -0.004516 0.064347 -0.102078
v -0.005901 0.074477 -0.097167
v -0.008791 0.060631 -0.101716
v -0.008532 0.073556 -0.096791
v -0.003398 0.002704 -0.316154
v -0.004035 0.001717 -0.244570
v -0.004625 0.000763 -0.175404
v -0.004945 0.000169 -0.132314
v -0.009010 0.082324 -0.063258
v -0.009127 0.079333 -0.054808
v -0.005972 0.079332 -0.054804
v -0.005623 0.082320 -0.063248
v -0.005754 0.083707 -0.070885
v -0.006953 0.054789 -0.040962
v -0.006940 0.061138 -0.042252
v -0.006974 0.038771 -0.038347
v -0.004381 0.062734 -0.042830
v -0.012903 0.001963 -0.058946
v -0.012893 -0.014242 -0.060220
v -0.006698 0.060660 -0.064625
v -0.006706 0.055028 -0.063817
v -0.006719 0.038047 -0.062192
v -0.004197 0.062252 -0.064976
v -0.013063 -0.011336 -0.051142
v -0.013001 -0.008214 -0.054264
v -0.013020 -0.010422 -0.053350
v -0.013104 -0.010422 -0.048934
v -0.013119 -0.008214 -0.048020
v -0.013016 -0.006006 -0.053349
v -0.013057 -0.005093 -0.051142
v -0.013100 -0.006006 -0.048934
v -0.011235 -0.008214 -0.048610
v -0.011235 -0.006424 -0.049352
v -0.011235 -0.010004 -0.052932
v -0.011235 -0.010746 -0.051142
v -0.011235 -0.010004 -0.049352
v -0.011235 -0.006424 -0.052932
v -0.011235 -0.008214 -0.053673
v -0.011235 -0.005687 -0.051142
v -0.012709 0.037712 -0.067478
v -0.012638 0.050698 -0.070577
v -0.012591 0.059353 -0.072642
v -0.012513 0.073713 -0.076071
v -0.012492 0.077667 -0.077014
v -0.012765 0.027375 -0.065011
v -0.009664 -0.016524 -0.175371
v -0.010713 -0.015543 -0.175372
v -0.012259 0.024840 -0.037539
v -0.013287 0.025840 -0.037531
v -0.012270 0.025834 -0.036541
v -0.008014 0.019291 -0.316130
v -0.006746 0.020272 -0.316125
v -0.003192 0.009021 -0.444335
v -0.006746 -0.012986 -0.316125
v -0.008042 -0.012018 -0.316130
v -0.009369 0.020713 -0.244541
v -0.008197 0.021699 -0.244538
v -0.009400 -0.013780 -0.244542
v -0.008197 -0.014755 -0.244538
v -0.003156 0.007872 -0.448325
v -0.013208 0.054625 -0.040323
v -0.012236 0.054776 -0.039167
v -0.003154 0.001017 -0.448324
v -0.012206 0.063424 -0.041027
v -0.013163 0.063466 -0.042252
v -0.009664 0.025359 -0.175371
v -0.010676 0.024370 -0.175371
v -0.010852 0.026486 -0.165992
v -0.009851 0.027369 -0.166469
v -0.003190 0.000073 -0.444652
v -0.012609 0.080566 -0.070703
v -0.011503 0.081693 -0.070886
v -0.011333 -0.018591 -0.092257
v -0.012290 -0.017605 -0.092201
v -0.011527 -0.016470 -0.132455
v -0.010551 -0.017454 -0.132466
v -0.011470 0.041017 -0.132709
v -0.010546 0.042017 -0.132710
v -0.010567 0.041017 -0.131710
v -0.011040 0.026483 -0.106716
v -0.011990 0.025483 -0.105977
v -0.011235 0.032124 -0.102069
v -0.012078 0.032124 -0.101054
v -0.011116 0.028227 -0.103184
v -0.012056 0.027215 -0.102448
v -0.011479 0.030855 -0.132709
v -0.010567 0.031036 -0.131710
v -0.010680 0.026483 -0.127045
v -0.011585 0.025499 -0.127345
v -0.011506 0.027533 -0.131465
v -0.010598 0.028275 -0.130677
v -0.005915 0.041017 -0.132710
v -0.007097 0.041017 -0.131710
v -0.006883 0.042017 -0.132710
v -0.006795 0.032124 -0.102069
v -0.006593 0.059947 -0.101716
v -0.005484 -0.001258 -0.450653
v -0.004819 -0.000026 -0.449367
v -0.004877 -0.001935 -0.444757
v -0.005586 -0.003466 -0.445369
v -0.004875 0.010816 -0.444767
v -0.005572 0.012398 -0.445372
v -0.005473 0.010197 -0.450651
v -0.004819 0.008914 -0.449366
v -0.006898 0.010221 -0.316130
v -0.008021 0.011717 -0.316130
v -0.008037 -0.006396 -0.316130
v -0.006897 -0.004933 -0.316130
v -0.008316 -0.006603 -0.244544
v -0.009395 -0.008012 -0.244542
v -0.009378 0.011335 -0.244542
v -0.008316 0.009892 -0.244544
v -0.012297 -0.011451 -0.091553
v -0.011418 -0.010139 -0.092086
v -0.012277 0.010338 -0.091588
v -0.011419 0.008965 -0.092146
v -0.011513 0.010740 -0.131865
v -0.010643 0.009360 -0.132187
v -0.010640 -0.009206 -0.132384
v -0.011522 -0.010538 -0.132392
v -0.009759 -0.008210 -0.175376
v -0.010707 -0.009570 -0.175371
v -0.009759 0.009567 -0.175376
v -0.010689 0.010967 -0.175371
v -0.006095 -0.008191 -0.093716
v -0.005176 -0.006824 -0.093765
v -0.002471 0.008819 -0.439917
v -0.002448 -0.000054 -0.439885
v -0.012319 0.077084 -0.086150
v -0.011542 0.078030 -0.086678
v -0.012230 0.073896 -0.091021
v -0.011530 0.074304 -0.092504
v -0.011451 0.080582 -0.077758
v -0.012482 0.079378 -0.077456
v -0.011289 0.056825 -0.102076
v -0.012058 0.055517 -0.100985
v -0.011481 0.070412 -0.096002
v -0.012167 0.069893 -0.094554
v -0.011567 0.081344 -0.063283
v -0.012740 0.080415 -0.063790
v -0.012884 0.077605 -0.056335
v -0.011738 0.078274 -0.055076
v -0.003174 0.005761 -0.449811
v -0.003174 0.003125 -0.449810
v -0.004778 0.006087 -0.451143
v -0.005434 0.006523 -0.452916
v -0.004778 0.002800 -0.451142
v -0.005438 0.002431 -0.452919
v -0.006306 0.018359 -0.406342
v -0.005184 0.019336 -0.406252
v -0.005380 0.010637 -0.406934
v -0.006301 0.012202 -0.406890
v -0.006316 -0.004347 -0.406857
v -0.005380 -0.002815 -0.406826
v -0.005173 -0.010742 -0.406941
v -0.006320 -0.009785 -0.406931
v -0.002664 0.008599 -0.406797
v -0.006093 0.007226 -0.093747
v -0.005176 0.005855 -0.093787
v -0.005858 0.007469 -0.132232
v -0.004944 0.006081 -0.132252
v -0.004946 -0.005928 -0.132379
v -0.005860 -0.007317 -0.132389
v -0.002681 -0.000808 -0.406771
v -0.005526 0.007734 -0.175399
v -0.004622 0.006320 -0.175404
v -0.004628 -0.004970 -0.175404
v -0.005533 -0.006384 -0.175399
v -0.004031 0.006699 -0.244570
v -0.004910 0.008165 -0.244565
v -0.004923 -0.004889 -0.244564
v -0.004040 -0.003423 -0.244570
v -0.004254 -0.003348 -0.316148
v -0.003404 -0.001821 -0.316154
v -0.003392 0.007090 -0.316154
v -0.004237 0.008617 -0.316149
v -0.012041 -0.016011 -0.045806
v -0.013147 -0.015306 -0.046886
v -0.012011 0.010588 -0.105582
v -0.011225 0.009213 -0.106082
v -0.005118 0.005912 -0.107371
v -0.006034 0.007287 -0.107336
v -0.013178 -0.001227 -0.044564
v -0.012094 -0.001111 -0.043462
v -0.006795 0.036820 -0.102069
v -0.006901 0.055444 -0.102076
v -0.012065 0.046747 -0.101008
v -0.011263 0.047946 -0.102069
v -0.011245 0.036537 -0.102069
v -0.012074 0.036519 -0.101032
v -0.012269 0.038810 -0.036560
v -0.013276 0.037726 -0.037557
v -0.003513 0.061910 -0.102078
v -0.009449 0.062955 -0.041065
v -0.007789 0.062002 -0.041457
v -0.007784 0.054781 -0.039945
v -0.009428 0.054776 -0.039167
v -0.006460 0.023859 -0.039533
v -0.005469 0.025852 -0.040268
v -0.006357 0.024840 -0.037597
v -0.006581 0.025834 -0.036593
v -0.005568 0.025818 -0.037596
v -0.007758 0.038793 -0.037349
v -0.009386 0.038810 -0.036560
v -0.005763 0.065210 -0.041984
v -0.005152 0.063602 -0.042047
v -0.010930 0.028322 -0.161814
v -0.009943 0.029332 -0.162085
v -0.012167 -0.017750 -0.062292
v -0.010977 -0.018801 -0.062863
v -0.006347 -0.019535 -0.047455
v -0.006476 -0.019087 -0.046290
v -0.005357 -0.018674 -0.047306
v -0.012159 0.023859 -0.039533
v -0.013235 0.025858 -0.040267
v -0.010823 -0.018943 -0.047456
v -0.012169 -0.017887 -0.047313
v -0.011095 -0.018451 -0.046190
v -0.005174 0.025481 -0.062593
v -0.006353 -0.019161 -0.063359
v -0.005357 -0.018320 -0.062322
v -0.005346 0.000720 -0.044241
v -0.006464 0.000395 -0.043225
v -0.005166 0.001104 -0.062358
v -0.011312 0.040221 -0.141049
v -0.011393 0.041017 -0.136739
v -0.010373 0.041221 -0.141235
v -0.010461 0.042017 -0.136925
v -0.005864 0.041017 -0.136740
v -0.005809 0.040221 -0.141050
v -0.006829 0.042017 -0.136925
v -0.006773 0.041221 -0.141235
v -0.010172 0.036727 -0.150997
v -0.010289 0.039656 -0.145327
v -0.011137 0.035835 -0.150536
v -0.011242 0.038761 -0.144864
v -0.005761 0.038772 -0.144839
v -0.005688 0.035880 -0.150528
v -0.006719 0.039656 -0.145327
v -0.006643 0.036685 -0.150968
v -0.005915 0.033484 -0.132710
v -0.004781 0.032447 -0.132710
v -0.007103 0.033190 -0.131710
v -0.005957 0.032148 -0.131710
v -0.005422 0.032003 -0.158076
v -0.006568 0.033055 -0.156473
v -0.010037 0.032371 -0.157529
v -0.004495 0.032447 -0.155819
v -0.005641 0.033487 -0.154214
v -0.004478 -0.001199 -0.458150
v -0.004468 0.002879 -0.459100
v -0.005362 -0.000970 -0.457082
v -0.005340 0.002879 -0.458050
v -0.005445 -0.006628 -0.452970
v -0.005389 -0.003730 -0.455759
v -0.004532 -0.007339 -0.453884
v -0.004496 -0.004423 -0.456645
v -0.004468 0.006475 -0.459091
v -0.004478 0.010586 -0.458338
v -0.005337 0.006213 -0.458041
v -0.005348 0.010320 -0.457273
v -0.004573 0.018077 -0.450591
v -0.004628 0.018919 -0.446398
v -0.005477 0.017126 -0.450116
v -0.005556 0.017955 -0.445915
v -0.004496 0.014296 -0.456329
v -0.004531 0.016570 -0.453706
v -0.005380 0.013564 -0.455444
v -0.005428 0.015820 -0.452796
v -0.005580 -0.008835 -0.445915
v -0.005505 -0.007885 -0.449836
v -0.004628 -0.009767 -0.446402
v -0.004573 -0.008804 -0.450314
v -0.011493 -0.008761 -0.088147
v -0.011555 -0.006275 -0.084892
v -0.012380 -0.009913 -0.087109
v -0.012446 -0.007084 -0.083479
v -0.012480 -0.002865 -0.081466
v -0.012476 0.001775 -0.081460
v -0.011589 -0.002548 -0.083079
v -0.011589 0.001574 -0.083082
v -0.012434 0.005961 -0.083519
v -0.012361 0.008756 -0.087199
v -0.011555 0.005301 -0.084891
v -0.011494 0.007776 -0.088159
v -0.006166 0.001187 -0.086399
v -0.006166 -0.002134 -0.086390
v -0.005237 0.000866 -0.087982
v -0.005237 -0.001813 -0.087982
v -0.005202 0.004894 -0.091281
v -0.005225 0.003258 -0.089158
v -0.006124 0.006087 -0.090598
v -0.006151 0.004140 -0.087914
v -0.005225 -0.004212 -0.089151
v -0.005203 -0.005865 -0.091257
v -0.006152 -0.005095 -0.087894
v -0.006126 -0.007057 -0.090563
v -0.002684 -0.000098 -0.404919
v -0.002689 0.001141 -0.403375
v -0.002697 0.000528 -0.402294
v -0.002694 0.002912 -0.402512
v -0.002694 0.004895 -0.402519
v -0.002707 0.003874 -0.400915
v -0.002688 0.006661 -0.403393
v -0.002677 0.007891 -0.404945
v -0.002697 0.007218 -0.402294
v -0.002446 0.008289 -0.441751
v -0.002429 0.007051 -0.443165
v -0.002428 0.001705 -0.443140
v -0.002437 0.000474 -0.441719
v -0.002423 0.005322 -0.443942
v -0.002423 0.003426 -0.443934
v -0.005013 0.065985 -0.101547
v -0.005864 0.071399 -0.099203
v -0.008438 0.069660 -0.099219
v -0.008595 0.063403 -0.101252
v -0.009288 0.070653 -0.045417
v -0.009201 0.075122 -0.049332
v -0.005814 0.075107 -0.049311
v -0.005750 0.070713 -0.045339
v -0.012561 0.064862 -0.073956
v -0.012534 0.069819 -0.075140
v -0.013071 0.070053 -0.046808
v -0.012983 0.074308 -0.051252
v -0.012000 0.074665 -0.049826
v -0.012149 0.070392 -0.045600
v -0.011317 0.060581 -0.101123
v -0.011404 0.066291 -0.098775
v -0.012115 0.065573 -0.097505
v -0.012075 0.059908 -0.099878
v -0.011017 0.031496 -0.157049
v -0.005461 0.010615 -0.402095
v -0.006392 0.012176 -0.402054
v -0.002747 0.008599 -0.401967
v -0.005267 0.019386 -0.401450
v -0.006397 0.018409 -0.401535
v -0.006407 -0.004456 -0.402067
v -0.005460 -0.002927 -0.402037
v -0.006411 -0.009903 -0.402136
v -0.005256 -0.010861 -0.402146
v -0.002764 -0.000942 -0.401986
v -0.005085 -0.006468 -0.109122
v -0.006001 -0.007844 -0.109096
v -0.011989 -0.011088 -0.107795
v -0.011109 -0.009768 -0.108113
v -0.011987 -0.017154 -0.108211
v -0.011022 -0.018139 -0.108249
v -0.004785 0.000466 -0.153859
v -0.011120 -0.016006 -0.153914
v -0.010107 -0.016989 -0.153919
v -0.004783 0.006200 -0.153828
v -0.005692 0.007602 -0.153816
v -0.010201 0.009464 -0.153781
v -0.011101 0.010853 -0.153618
v -0.005696 -0.006850 -0.153894
v -0.004787 -0.005449 -0.153892
v -0.011115 -0.010054 -0.153882
v -0.010200 -0.008708 -0.153880
v 0.011331 -0.007519 -0.049234
v 0.011331 -0.006621 -0.048818
v 0.012998 -0.006621 -0.048818
v 0.012866 -0.007519 -0.049234
v 0.013086 -0.005897 -0.051142
v 0.012941 -0.007035 -0.051131
v 0.012941 -0.007303 -0.052041
v 0.013086 -0.006424 -0.052932
v 0.013086 -0.008214 -0.053673
v 0.012941 -0.008214 -0.052418
v 0.012941 -0.009125 -0.052041
v 0.013086 -0.010004 -0.052932
v 0.013086 -0.010531 -0.051142
v 0.012941 -0.009393 -0.051131
v 0.012866 -0.008920 -0.049234
v 0.012998 -0.009860 -0.048823
v 0.011331 -0.008920 -0.049234
v 0.011331 -0.009860 -0.048823
v 0.011331 -0.010531 -0.051142
v 0.011331 -0.009393 -0.051131
v 0.011331 -0.009125 -0.052041
v 0.011331 -0.010004 -0.052932
v 0.011331 -0.008214 -0.053673
v 0.011331 -0.008214 -0.052418
v 0.011331 -0.007303 -0.052041
v 0.011331 -0.006424 -0.052932
v 0.011331 -0.005897 -0.051142
v 0.011331 -0.007035 -0.051131
v 0.013167 -0.019763 -0.046455
v 0.013167 0.025012 -0.039411
v 0.005422 0.025012 -0.039411
v 0.005422 -0.019757 -0.046455
v 0.005422 -0.019265 -0.062866
v 0.005422 0.010058 -0.058251
v 0.013176 -0.020088 -0.035611
v 0.013176 -0.019647 -0.032754
v 0.013175 -0.017863 -0.031080
v 0.013175 -0.014967 -0.031428
v 0.013167 0.024288 -0.027508
v 0.013175 -0.016019 -0.030949
v -0.013177 -0.016019 -0.030951
v -0.005421 -0.019265 -0.062866
v -0.005421 0.010058 -0.058251
v -0.013175 -0.019647 -0.032754
v -0.013174 -0.014967 -0.031428
v -0.013178 -0.017863 -0.031082
v -0.005423 0.025012 -0.039412
v -0.005423 -0.019757 -0.046456
v -0.013178 -0.020088 -0.035612
v -0.013168 0.025012 -0.039412
v -0.013168 -0.019763 -0.046457
v -0.013169 0.024288 -0.027510
vn -0.0495 -0.0009 0.9988
vn -0.0000 0.0062 1.0000
vn -0.0492 0.0062 0.9988
vn -0.0000 0.6866 -0.7271
vn 0.0895 0.9931 -0.0760
vn -0.0000 0.9972 -0.0750
vn 0.1898 -0.1201 -0.9745
vn 0.9823 0.0179 -0.1867
vn 0.9818 -0.0212 -0.1887
vn 0.1667 0.6432 -0.7474
vn 0.5230 0.6960 -0.4920
vn 0.5167 0.5403 -0.6642
vn 0.1940 -0.8056 -0.5598
vn -0.0000 -0.9513 -0.3084
vn -0.0000 -0.8228 -0.5683
vn -0.0012 -1.0000 -0.0049
vn -0.0000 -0.9997 -0.0233
vn 0.0930 -0.9955 -0.0203
vn 0.9998 0.0009 -0.0189
vn 0.9855 0.1690 0.0176
vn 0.9961 0.0851 0.0215
vn 0.1923 0.8162 -0.5449
vn -0.0000 0.6549 -0.7557
vn -0.0000 0.8313 -0.5558
vn 0.9920 0.1252 -0.0161
vn 0.9872 -0.1577 -0.0228
vn 0.9906 0.1362 -0.0159
vn -0.1659 0.9859 -0.0226
vn -0.0000 0.8797 -0.4756
vn -0.0000 0.9998 -0.0186
vn 0.9884 0.1481 -0.0328
vn 0.9612 0.1177 0.2495
vn 0.9996 0.0049 0.0267
vn 0.9981 -0.0585 -0.0195
vn 0.9995 0.0262 -0.0170
vn 0.9988 0.0440 -0.0220
vn 0.7210 0.6929 0.0064
vn 0.6230 0.7820 0.0196
vn 0.6177 0.7863 0.0114
vn 0.8835 -0.3860 0.2654
vn 0.7413 -0.6712 0.0093
vn 0.8048 -0.5692 0.1681
vn 0.9347 -0.0997 0.3413
vn 0.8360 -0.4552 0.3063
vn 0.5158 0.8566 0.0134
vn 0.5397 0.8418 0.0098
vn 0.5539 0.8325 0.0120
vn 0.5954 0.8034 0.0108
vn 0.6333 0.7739 0.0075
vn 0.6800 0.7332 0.0083
vn -0.0000 -0.9997 -0.0251
vn 0.1214 -0.9922 -0.0268
vn 0.1033 -0.9943 -0.0271
vn 0.6702 -0.7420 -0.0139
vn 0.6187 -0.7856 -0.0108
vn 0.7266 -0.6870 -0.0132
vn 0.6221 0.7640 -0.1708
vn 0.4878 0.8175 -0.3062
vn 0.4198 0.8904 -0.1759
vn 0.4860 -0.8707 -0.0752
vn 0.9995 -0.0226 -0.0210
vn 0.9867 0.0986 -0.1289
vn 0.9949 -0.0837 -0.0558
vn 0.9867 -0.0994 -0.1285
vn -0.0000 -0.8690 -0.4948
vn -0.0031 -0.9996 -0.0275
vn -0.0000 -0.8689 -0.4949
vn -0.0000 1.0000 0.0003
vn -0.0000 0.8673 -0.4979
vn -0.0000 0.8673 -0.4977
vn -0.0000 0.9523 -0.3053
vn 0.1964 0.8174 -0.5416
vn -0.0000 0.8354 -0.5496
vn 0.9999 0.0069 0.0143
vn 0.9998 0.0043 0.0175
vn 0.9810 -0.1366 0.1379
vn 0.9991 -0.0379 -0.0171
vn 0.5787 -0.8154 -0.0142
vn 0.5544 -0.8322 -0.0112
vn 0.5962 -0.8027 -0.0117
vn 0.5723 0.8200 0.0088
vn -0.0000 -0.9997 -0.0247
vn 0.1561 -0.9874 -0.0270
vn 0.1328 -0.9908 -0.0269
vn 0.5475 -0.7394 -0.3919
vn 0.9481 0.2911 -0.1280
vn 0.9627 0.2605 -0.0731
vn 0.6580 0.6995 -0.2788
vn 0.7089 0.5601 -0.4287
vn 0.1438 0.9782 -0.1496
vn 0.0729 0.1071 -0.9916
vn -0.0000 0.3567 -0.9342
vn 0.1222 0.3291 -0.9364
vn 0.9952 0.0661 -0.0718
vn 0.9990 0.0432 0.0143
vn 0.4743 0.7907 0.3870
vn 0.4365 0.6889 0.5787
vn 0.9990 0.0096 -0.0447
vn 0.1944 0.9277 -0.3189
vn -0.0000 0.9467 -0.3220
vn 0.0713 0.0693 -0.9950
vn 0.5913 0.2478 -0.7674
vn 0.3343 0.0662 -0.9401
vn 0.3128 0.2850 -0.9060
vn 0.9991 0.0027 -0.0428
vn 0.1561 0.8797 0.4492
vn 0.4991 0.8473 0.1814
vn 0.2064 0.9515 0.2281
vn -0.0000 0.9901 -0.1407
vn 0.1358 0.4290 -0.8930
vn 0.4146 0.3825 -0.8257
vn 0.0141 0.9662 0.2572
vn 0.3071 0.9517 -0.0008
vn 0.0670 0.9969 0.0415
vn 0.9000 0.4340 -0.0408
vn 0.9890 0.1469 -0.0155
vn 0.9826 -0.1841 -0.0231
vn 0.9885 0.1507 -0.0152
vn -0.0000 -0.9997 -0.0245
vn 0.0949 -0.9951 -0.0264
vn -0.0000 0.9999 -0.0104
vn 0.1632 0.9862 -0.0295
vn -0.0000 0.9996 -0.0273
vn 0.1598 0.9871 -0.0129
vn 0.1354 0.9907 -0.0128
vn 0.9875 0.1559 -0.0224
vn 0.9940 -0.1075 -0.0188
vn 0.9948 -0.1012 -0.0145
vn 0.8350 0.1614 0.5261
vn 0.9341 0.1004 0.3425
vn 0.9883 0.1510 -0.0202
vn 0.9932 -0.1145 -0.0193
vn 0.9925 -0.1203 -0.0192
vn -0.0000 0.9579 -0.2871
vn 0.0972 0.9924 -0.0753
vn -0.0000 0.9973 -0.0740
vn 0.9900 0.1397 -0.0208
vn 0.9957 -0.0908 -0.0194
vn -0.0627 0.3887 0.9192
vn -0.0000 0.2743 0.9616
vn 0.1546 0.1396 0.9781
vn 0.9909 -0.1342 -0.0095
vn 1.0000 0.0009 -0.0085
vn 0.9939 -0.1102 -0.0095
vn 1.0000 -0.0002 -0.0069
vn 0.9873 -0.1586 -0.0082
vn 0.9970 -0.0777 -0.0065
vn 0.8351 0.4563 0.3071
vn 0.8813 0.3891 0.2680
vn 0.9996 0.0226 -0.0182
vn 0.9556 -0.2945 -0.0104
vn 0.9810 -0.1933 -0.0141
vn 1.0000 0.0007 -0.0085
vn 0.9911 0.1329 -0.0058
vn 1.0000 0.0009 -0.0087
vn 0.9914 -0.1302 -0.0090
vn 0.9939 0.1103 -0.0065
vn 0.5728 0.5194 -0.6341
vn 0.9417 0.0748 -0.3282
vn 0.6004 0.1803 -0.7791
vn 0.9882 0.1518 -0.0199
vn -0.0000 0.9993 0.0361
vn 0.0005 0.8797 0.4756
vn -0.0000 0.8797 0.4755
vn 0.2015 0.6000 -0.7742
vn 0.9842 0.0542 -0.1686
vn 0.1973 0.3260 -0.9245
vn 0.6226 -0.7825 -0.0045
vn 0.5650 0.7234 -0.3970
vn 0.9955 0.0747 -0.0586
vn 0.9993 0.0009 -0.0378
vn 0.9984 -0.0202 0.0534
vn 0.9980 0.0233 0.0582
vn -0.0000 0.8805 -0.4741
vn 0.0917 0.9535 -0.2871
vn -0.1667 0.0936 0.9816
vn 0.1646 -0.0828 0.9829
vn 0.2343 0.0759 0.9692
vn 0.1947 0.0967 -0.9761
vn -0.0000 -0.1219 -0.9925
vn -0.0000 0.0984 -0.9951
vn 0.9941 0.1064 -0.0226
vn 0.9969 -0.0762 -0.0194
vn 0.1048 0.9937 -0.0392
vn -0.0000 0.9993 -0.0375
vn 0.1595 -0.9862 -0.0454
vn -0.9959 0.0895 -0.0152
vn -0.9992 0.0393 -0.0005
vn -0.9995 0.0313 -0.0074
vn -0.9813 0.1924 -0.0057
vn -0.1907 0.9661 0.1738
vn -0.2134 0.9730 -0.0880
vn 0.9986 -0.0105 0.0526
vn -0.0158 0.2058 -0.9785
vn 0.1191 0.6823 -0.7213
vn 0.4879 -0.8728 -0.0150
vn 0.4690 -0.8804 -0.0704
vn 0.4772 -0.8787 -0.0117
vn 0.9856 -0.1674 -0.0254
vn 0.9861 -0.1645 -0.0224
vn 0.5609 0.8270 -0.0375
vn 0.4798 0.8772 0.0153
vn 0.4936 0.8696 0.0119
vn 0.4961 0.8681 0.0144
vn 0.1004 0.7133 0.6936
vn -0.0000 0.9973 0.0733
vn 0.0882 0.9935 0.0716
vn 0.9877 -0.1190 -0.1011
vn 0.1774 -0.9356 -0.3051
vn -0.2566 -0.9664 0.0138
vn -0.0000 -0.9999 0.0145
vn -0.0000 -1.0000 0.0093
vn -0.9202 -0.3914 0.0070
vn -0.2462 -0.9691 0.0174
vn -0.9978 0.0556 0.0353
vn -0.5721 0.1459 0.8071
vn -0.9990 0.0063 0.0445
vn -1.0000 -0.0029 0.0021
vn -1.0000 -0.0048 -0.0030
vn 0.0287 -0.0296 -0.9991
vn -0.0000 0.1477 -0.9890
vn -0.0000 0.3607 -0.9327
vn 0.9847 -0.1725 -0.0231
vn -0.0158 0.9865 0.1633
vn -0.0000 0.9866 0.1633
vn -0.0000 0.9866 0.1634
vn 0.7369 0.6755 0.0276
vn 0.7981 0.5763 0.1760
vn 0.0564 0.5817 0.8114
vn 0.0037 0.4242 0.9056
vn -0.0595 0.3701 0.9271
vn 0.0001 0.8877 0.4604
vn -0.0000 0.9988 0.0498
vn 1.0000 0.0004 -0.0074
vn -0.0033 0.0114 -0.9999
vn 0.0288 -0.0120 -0.9995
vn -0.0000 0.9647 0.2632
vn -0.0000 0.8875 0.4609
vn -0.0000 0.4464 -0.8948
vn 0.2118 0.8854 -0.4137
vn 0.9889 0.1370 -0.0569
vn 0.9898 0.1211 -0.0744
vn 0.9891 0.1468 -0.0135
vn 0.9826 -0.1841 -0.0230
vn 0.7289 0.4202 -0.5405
vn 0.9981 0.0284 -0.0542
vn -0.9983 0.0585 0.0029
vn -0.9980 -0.0096 0.0632
vn -0.9981 0.0384 0.0476
vn -0.9518 -0.2996 0.0649
vn -0.1346 -0.2337 0.9629
vn -0.2316 -0.9703 0.0703
vn 0.2384 0.0935 -0.9667
vn -0.0000 0.7163 0.6978
vn 0.6300 -0.1755 -0.7565
vn 0.9994 -0.0099 -0.0322
vn 0.9966 -0.0137 -0.0816
vn 0.5159 -0.8565 -0.0131
vn 0.4953 -0.8686 -0.0110
vn 0.5159 -0.8566 -0.0106
vn 0.9968 0.0407 -0.0681
vn 0.9978 -0.0650 -0.0102
vn 0.5151 -0.7583 -0.3996
vn 0.6640 0.7477 0.0071
vn -0.0000 0.6124 -0.7905
vn -0.0000 0.3332 -0.9428
vn -0.0000 0.0148 0.9999
vn -0.0487 0.0148 0.9987
vn 0.1234 0.9922 -0.0174
vn -0.0000 -0.9980 0.0630
vn -0.9327 -0.3604 0.0109
vn -0.9961 -0.0592 0.0652
vn -1.0000 -0.0012 0.0092
vn -0.9975 -0.0660 0.0262
vn -0.0000 -0.9996 -0.0283
vn 0.0849 -0.9960 -0.0268
vn 0.0825 -0.9961 -0.0298
vn 0.0029 0.7381 0.6746
vn -0.0000 0.7399 0.6727
vn 0.9998 0.0139 0.0126
vn 0.8844 -0.4664 0.0183
vn -0.8557 0.0545 0.5146
vn -0.7136 0.1265 0.6891
vn 0.9998 0.0009 -0.0190
vn 0.1818 0.0067 -0.9833
vn 0.0001 -0.0001 -1.0000
vn 0.3133 0.6755 0.6675
vn 0.3074 0.9515 -0.0072
vn 0.3074 0.9515 -0.0073
vn 0.3159 0.0003 0.9488
vn 0.3141 -0.6752 0.6675
vn 0.3158 0.0006 0.9488
vn 0.3020 0.6707 -0.6775
vn 0.3019 0.6705 -0.6777
vn 0.2999 0.0002 -0.9540
vn 0.2999 0.0004 -0.9540
vn 0.3087 -0.9511 -0.0073
vn 0.3030 -0.6704 -0.6773
vn 0.3088 -0.9511 -0.0072
vn 0.2190 0.8367 -0.5021
vn -0.1316 0.8376 -0.5301
vn -0.1900 0.8462 -0.4979
vn 0.3030 -0.6706 -0.6772
vn 0.3139 -0.6755 0.6672
vn 0.3132 0.6754 0.6677
vn 1.0000 -0.0000 -0.0000
vn 0.9917 0.1283 -0.0054
vn -0.0000 -0.3004 0.9538
vn 0.9999 -0.0073 0.0147
vn 0.9249 -0.0840 0.3707
vn 0.5999 -0.5070 -0.6190
vn 0.6000 -0.1821 -0.7790
vn 0.5720 -0.5221 -0.6326
vn 0.9996 0.0023 -0.0292
vn -0.1919 0.0250 0.9811
vn 0.2323 0.0888 0.9686
vn -0.1815 0.0898 0.9793
vn 0.2150 0.9720 -0.0949
vn -0.0603 -0.9981 0.0085
vn 0.2966 -0.9550 -0.0080
vn 0.2492 -0.9684 0.0097
vn 0.6396 -0.7686 -0.0141
vn 0.6790 -0.7341 -0.0121
vn 0.2942 0.1732 0.9399
vn -0.1662 0.1779 0.9699
vn 0.6642 0.3242 -0.6736
vn 0.1128 0.7388 0.6644
vn 0.2851 0.3624 0.8873
vn 0.3311 0.5693 0.7525
vn 0.9907 -0.1343 -0.0226
vn 0.9925 0.1214 -0.0161
vn 0.9928 0.1187 -0.0162
vn 0.1585 -0.0001 -0.9874
vn 0.9996 0.0267 0.0129
vn 0.3525 -0.7470 0.5637
vn 0.1926 0.9675 0.1641
vn -0.9296 0.1512 0.3362
vn 0.7324 -0.1630 0.6611
vn -0.3637 -0.7237 0.5865
vn -0.1562 -0.0516 0.9864
vn -0.6238 -0.2886 0.7264
vn 0.4390 -0.7869 0.4336
vn -0.2124 0.8879 -0.4080
vn -0.9842 0.1732 -0.0358
vn -0.2137 0.9414 -0.2611
vn 0.8368 -0.1599 0.5237
vn 0.9976 -0.0627 0.0296
vn -0.4738 0.0795 0.8771
vn -0.0000 0.4456 0.8952
vn -0.1718 0.9848 0.0250
vn -0.0000 0.9999 0.0148
vn 0.9894 -0.1435 -0.0220
vn 0.0880 -0.9958 -0.0234
vn 0.9986 0.0169 -0.0500
vn -0.0000 -0.2106 0.9776
vn 0.0012 -0.5970 0.8022
vn -0.0000 -0.5969 0.8023
vn -0.7383 -0.1520 0.6572
vn -0.6967 -0.1110 0.7087
vn 0.9920 -0.1261 -0.0082
vn 0.9974 0.0532 -0.0482
vn 0.9995 0.0183 -0.0241
vn 0.9996 0.0079 -0.0278
vn 0.9955 0.0917 -0.0255
vn 0.9972 0.0674 0.0319
vn 0.9832 -0.0530 -0.1749
vn 0.1987 -0.5594 -0.8047
vn 0.1888 -0.3130 -0.9308
vn 0.9927 0.1196 -0.0155
vn 0.9915 -0.0322 0.1259
vn 0.9914 0.0327 0.1265
vn 0.9871 -0.1466 -0.0650
vn 0.9937 0.1117 -0.0114
vn 0.9983 -0.0557 -0.0193
vn 0.9923 0.1236 -0.0047
vn 0.5462 -0.8376 -0.0138
vn 0.9975 0.0698 -0.0087
vn 0.9971 0.0766 -0.0040
vn -0.0001 0.4245 0.9054
vn 0.5227 0.7482 -0.4086
vn 0.4888 0.8709 -0.0501
vn 0.4790 0.8766 -0.0459
vn 0.6105 0.4995 -0.6147
vn 0.5089 0.8608 0.0110
vn 0.7058 -0.1131 0.6993
vn 0.7272 -0.1527 0.6692
vn -0.0000 -1.0000 -0.0004
vn -0.0000 -0.7766 0.6300
vn 0.9415 -0.0759 -0.3284
vn 0.4800 0.8772 0.0126
vn -0.0000 0.5991 0.8007
vn 0.0012 0.2142 0.9768
vn -0.0000 0.2141 0.9768
vn 0.9991 0.0009 -0.0423
vn 0.9988 -0.0453 -0.0193
vn 0.9887 0.1370 -0.0610
vn -0.0000 -0.6291 -0.7773
vn -0.0000 -0.2288 -0.9735
vn -0.0000 -0.6289 -0.7775
vn 0.9897 0.1108 -0.0911
vn 0.1843 0.9354 -0.3019
vn -0.8534 0.5181 -0.0565
vn -0.9796 0.1817 0.0853
vn -0.0241 0.8733 -0.4865
vn 0.0926 0.8686 -0.4868
vn -0.0000 -0.9998 -0.0217
vn 0.2150 0.9393 -0.2676
vn -0.9877 0.1405 -0.0687
vn 0.9909 0.1065 -0.0820
vn 0.9955 0.0689 -0.0643
vn 0.9846 -0.0922 -0.1485
vn 0.9860 0.0953 -0.1367
vn -0.0000 -0.3189 -0.9478
vn -0.0000 -0.9991 -0.0435
vn -0.0000 -0.5709 -0.8210
vn 0.9991 0.0063 -0.0427
vn 0.9949 0.0836 -0.0560
vn 0.6329 0.1736 -0.7545
vn 0.9997 -0.0068 -0.0230
vn 0.5020 -0.8648 -0.0136
vn 0.7210 -0.6928 -0.0123
vn 0.9965 -0.0825 -0.0094
vn 0.7235 0.6903 0.0069
vn 0.9965 0.0837 -0.0071
vn 1.0000 0.0003 -0.0079
vn 1.0000 0.0007 -0.0081
vn 1.0000 -0.0003 -0.0080
vn -0.0000 -1.0000 0.0080
vn -0.0000 -0.9996 -0.0275
vn -0.0007 0.9993 0.0361
vn -0.0000 1.0000 0.0004
vn 0.9994 0.0317 -0.0133
vn 1.0000 0.0013 -0.0072
vn 1.0000 -0.0006 -0.0078
vn 0.9996 -0.0233 -0.0145
vn -0.0000 0.2224 -0.9750
vn -0.0000 0.2223 -0.9750
vn -0.0000 0.6241 -0.7813
vn -0.0000 0.6243 -0.7812
vn -0.0013 -0.8796 0.4757
vn 0.0008 0.5992 0.8006
vn 0.0016 -0.2107 0.9775
vn -0.0033 -1.0000 0.0080
vn -0.0000 -0.8796 0.4757
vn 0.9880 0.1542 -0.0033
vn 0.9995 0.0289 0.0088
vn -0.9874 0.1481 -0.0558
vn 0.9797 -0.1574 0.1240
vn 0.9375 -0.3261 0.1215
vn 0.9788 0.1603 0.1276
vn 0.9248 0.3569 0.1317
vn 0.0169 0.5874 0.8092
vn -0.0000 0.5951 0.8036
vn 0.2314 0.8082 -0.5415
vn -0.0000 0.9999 -0.0152
vn 0.9902 -0.1382 -0.0223
vn -0.0000 -0.9997 -0.0250
vn 0.0495 -0.0009 0.9988
vn -0.0000 -0.0008 1.0000
vn -0.0890 0.9930 -0.0775
vn -0.1897 -0.1201 -0.9745
vn -0.9823 0.0179 -0.1867
vn -0.1947 0.0967 -0.9761
vn -0.1667 0.6432 -0.7474
vn -0.5230 0.6960 -0.4920
vn -0.1923 0.8162 -0.5449
vn -0.1940 -0.8056 -0.5598
vn -0.1774 -0.9356 -0.3051
vn 0.0012 -1.0000 -0.0049
vn -0.9855 0.1690 0.0176
vn -0.9998 0.0009 -0.0189
vn -0.9961 0.0851 0.0216
vn -0.9920 0.1252 -0.0161
vn -0.9872 -0.1577 -0.0228
vn -0.9894 -0.1435 -0.0220
vn 0.1659 0.9859 -0.0225
vn -0.9884 0.1481 -0.0328
vn -0.9996 0.0049 0.0266
vn -0.9612 0.1177 0.2495
vn -0.9995 0.0261 -0.0170
vn -0.9981 -0.0585 -0.0195
vn -0.9988 0.0440 -0.0220
vn -0.7210 0.6929 0.0064
vn -0.6230 0.7820 0.0196
vn -0.7369 0.6755 0.0276
vn -0.8835 -0.3860 0.2654
vn -0.7413 -0.6712 0.0093
vn -0.8360 -0.4552 0.3063
vn -0.9347 -0.0997 0.3413
vn -0.8368 -0.1599 0.5237
vn -0.5158 0.8566 0.0134
vn -0.5397 0.8418 0.0098
vn -0.5089 0.8608 0.0110
vn -0.5954 0.8034 0.0108
vn -0.6332 0.7739 0.0075
vn -0.5723 0.8200 0.0088
vn -0.1214 -0.9922 -0.0268
vn -0.1033 -0.9943 -0.0271
vn -0.6702 -0.7420 -0.0139
vn -0.6187 -0.7856 -0.0108
vn -0.7210 -0.6928 -0.0123
vn -0.6222 0.7640 -0.1708
vn -0.4878 0.8175 -0.3062
vn -0.6580 0.6995 -0.2788
vn -0.4860 -0.8707 -0.0752
vn -0.4879 -0.8728 -0.0150
vn -0.9867 0.0986 -0.1289
vn -0.9949 -0.0837 -0.0558
vn -0.9949 0.0836 -0.0560
vn 0.0031 -0.9996 -0.0275
vn -0.0003 1.0000 0.0003
vn -0.0000 0.8672 -0.4980
vn -0.1964 0.8174 -0.5416
vn -0.9999 0.0069 0.0143
vn -0.9998 0.0043 0.0175
vn -0.9810 -0.1366 0.1379
vn -0.9991 -0.0379 -0.0171
vn -0.5545 -0.8321 -0.0112
vn -0.5787 -0.8154 -0.0142
vn -0.5963 -0.8027 -0.0117
vn -0.5539 0.8325 0.0120
vn -0.1561 -0.9874 -0.0270
vn -0.1328 -0.9908 -0.0269
vn -0.9995 -0.0226 -0.0210
vn -0.5475 -0.7394 -0.3919
vn -0.9997 -0.0068 -0.0230
vn -0.1944 0.9277 -0.3189
vn -0.9998 0.0009 -0.0190
vn -0.9481 0.2911 -0.1280
vn -0.9952 0.0661 -0.0719
vn -0.1438 0.9782 -0.1497
vn -0.4198 0.8904 -0.1759
vn -0.0729 0.1071 -0.9916
vn -0.9981 0.0284 -0.0542
vn -0.9990 0.0432 0.0143
vn -0.4743 0.7907 0.3870
vn -0.9990 0.0096 -0.0446
vn -0.9991 0.0027 -0.0428
vn -0.5913 0.2478 -0.7674
vn -0.0713 0.0693 -0.9950
vn -0.3342 0.0662 -0.9402
vn -0.3128 0.2850 -0.9060
vn -0.9991 0.0009 -0.0423
vn -0.1561 0.8797 0.4492
vn -0.4991 0.8473 0.1814
vn -0.5167 0.5403 -0.6642
vn -0.1358 0.4290 -0.8930
vn -0.4146 0.3825 -0.8257
vn -0.0141 0.9662 0.2572
vn -0.3071 0.9517 -0.0008
vn -0.2064 0.9515 0.2281
vn -0.9000 0.4340 -0.0408
vn -0.9890 0.1469 -0.0155
vn -0.9826 -0.1841 -0.0232
vn -0.9847 -0.1726 -0.0232
vn -0.0949 -0.9951 -0.0263
vn -0.1632 0.9862 -0.0295
vn -0.1598 0.9871 -0.0129
vn -0.1354 0.9907 -0.0127
vn -0.9940 -0.1076 -0.0188
vn -0.9875 0.1559 -0.0224
vn -0.9948 -0.1012 -0.0145
vn -0.8350 0.1614 0.5261
vn -0.9341 0.1004 0.3425
vn -0.9932 -0.1144 -0.0202
vn -0.9883 0.1510 -0.0202
vn -0.9925 -0.1203 -0.0192
vn -0.0972 0.9924 -0.0754
vn -0.0917 0.9535 -0.2872
vn -0.9957 -0.0908 -0.0208
vn -0.9900 0.1397 -0.0208
vn 0.0627 0.3887 0.9192
vn -0.1546 0.1396 0.9781
vn -1.0000 0.0013 -0.0085
vn -0.9909 -0.1342 -0.0095
vn -0.9939 -0.1102 -0.0095
vn -1.0000 -0.0002 -0.0069
vn -0.9970 -0.0777 -0.0065
vn -0.9873 -0.1586 -0.0082
vn -0.8351 0.4563 0.3071
vn -0.9996 0.0225 -0.0183
vn -0.9556 -0.2945 -0.0104
vn -1.0000 0.0007 -0.0085
vn -0.9911 0.1329 -0.0057
vn -0.9917 0.1283 -0.0054
vn -1.0000 0.0009 -0.0087
vn -0.9914 -0.1302 -0.0090
vn -0.9939 0.1103 -0.0065
vn -0.9417 0.0748 -0.3282
vn -0.5728 0.5194 -0.6341
vn -0.6004 0.1817 -0.7788
vn -0.9882 0.1519 -0.0199
vn -0.0005 0.8797 0.4755
vn -0.9842 0.0542 -0.1686
vn -0.2016 0.6000 -0.7742
vn -0.1973 0.3260 -0.9245
vn -0.8048 -0.5692 0.1681
vn -0.6226 -0.7825 -0.0045
vn -0.5649 0.7234 -0.3970
vn -0.9955 0.0747 -0.0587
vn -0.9993 0.0009 -0.0378
vn -0.9984 -0.0202 0.0534
vn -0.9818 -0.0212 -0.1887
vn -0.9980 0.0233 0.0582
vn -0.0926 0.8686 -0.4868
vn 0.1667 0.0936 0.9816
vn -0.1646 -0.0828 0.9829
vn 0.1563 -0.0516 0.9864
vn -0.9969 -0.0762 -0.0208
vn -0.9941 0.1064 -0.0226
vn -0.1048 0.9937 -0.0392
vn -0.1594 -0.9862 -0.0454
vn 0.9959 0.0895 -0.0152
vn 0.9992 0.0393 -0.0005
vn 0.9983 0.0585 0.0029
vn 0.9813 0.1924 -0.0057
vn 0.1907 0.9661 0.1738
vn 0.9296 0.1512 0.3362
vn -0.9986 -0.0105 0.0526
vn -0.1191 0.6824 -0.7212
vn 0.0158 0.2058 -0.9785
vn -0.4690 -0.8804 -0.0704
vn -0.9856 -0.1674 -0.0254
vn -0.5609 0.8271 -0.0376
vn -0.4798 0.8773 0.0153
vn -0.4936 0.8696 0.0119
vn -0.4800 0.8772 0.0126
vn -0.1004 0.7132 0.6937
vn -0.9877 -0.1190 -0.1011
vn -0.9871 -0.1465 -0.0650
vn 0.2566 -0.9664 0.0138
vn 0.2462 -0.9691 0.0174
vn 0.9202 -0.3914 0.0070
vn 0.9327 -0.3604 0.0109
vn 0.9978 0.0556 0.0354
vn 0.5721 0.1459 0.8071
vn 0.7135 0.1264 0.6891
vn 1.0000 -0.0029 0.0021
vn 0.9995 0.0313 -0.0074
vn 1.0000 -0.0048 -0.0030
vn -0.0287 -0.0296 -0.9992
vn -0.0000 -0.0000 -1.0000
vn -0.9905 0.1363 -0.0159
vn 0.0158 0.9865 0.1633
vn -0.7981 0.5763 0.1760
vn -0.0037 0.4242 0.9056
vn -0.0564 0.5817 0.8114
vn 0.0595 0.3701 0.9271
vn -0.0001 0.8877 0.4604
vn -0.0670 0.9969 0.0415
vn -1.0000 0.0004 -0.0074
vn -0.9920 -0.1261 -0.0082
vn 0.0033 0.0114 -0.9999
vn -0.0288 -0.0120 -0.9995
vn -0.2118 0.8854 -0.4138
vn -0.9889 0.1370 -0.0569
vn -0.2149 0.9393 -0.2676
vn -0.9890 0.1468 -0.0152
vn -0.9861 -0.1645 -0.0224
vn -0.9826 -0.1840 -0.0262
vn -0.0882 0.9935 0.0716
vn -0.7089 0.5600 -0.4288
vn -0.9986 0.0169 -0.0500
vn 0.9980 -0.0096 0.0631
vn 0.9981 0.0384 0.0476
vn 0.9518 -0.2996 0.0649
vn 0.1346 -0.2337 0.9630
vn 0.4738 0.0795 0.8771
vn -0.2384 0.0936 -0.9667
vn -0.6300 -0.1755 -0.7565
vn -0.9994 -0.0099 -0.0321
vn -0.5999 -0.5070 -0.6190
vn -0.4953 -0.8686 -0.0110
vn -0.5159 -0.8565 -0.0131
vn -0.5159 -0.8566 -0.0106
vn -0.9968 0.0407 -0.0681
vn -0.5152 -0.7577 -0.4006
vn -0.9978 -0.0650 -0.0102
vn -0.6640 0.7477 0.0071
vn -0.6800 0.7332 0.0084
vn -0.7235 0.6902 0.0070
vn 0.0492 0.0060 0.9988
vn 0.9990 0.0063 0.0445
vn -0.1235 0.9922 -0.0174
vn 0.2316 -0.9703 0.0703
vn 1.0000 -0.0011 0.0092
vn 0.9961 -0.0591 0.0652
vn 0.9974 -0.0691 0.0187
vn -0.0849 -0.9960 -0.0267
vn -0.0825 -0.9961 -0.0298
vn -0.0029 0.7381 0.6746
vn -0.9998 0.0139 0.0126
vn -0.8844 -0.4664 0.0183
vn 0.8557 0.0545 0.5146
vn -0.0004 -0.0002 -1.0000
vn -0.1818 0.0067 -0.9833
vn -0.3074 0.9515 -0.0072
vn -0.3131 0.6756 0.6675
vn -0.3074 0.9516 -0.0073
vn -0.3159 0.0003 0.9488
vn -0.3141 -0.6752 0.6674
vn -0.3140 -0.6752 0.6674
vn -0.3019 0.6707 -0.6775
vn -0.2999 0.0002 -0.9540
vn -0.3019 0.6705 -0.6777
vn -0.2999 0.0004 -0.9540
vn -0.3087 -0.9511 -0.0073
vn -0.3030 -0.6705 -0.6773
vn -0.3029 -0.6702 -0.6775
vn -0.2189 0.8374 -0.5009
vn 0.1316 0.8376 -0.5301
vn -0.2315 0.8082 -0.5415
vn -0.3132 0.6754 0.6677
vn -1.0000 -0.0000 -0.0000
vn -0.9923 0.1236 -0.0047
vn -0.9999 -0.0073 0.0147
vn -0.9245 -0.0841 0.3718
vn -0.4772 -0.8787 -0.0117
vn -0.6000 -0.1822 -0.7789
vn -0.9996 -0.0004 -0.0295
vn 0.1919 0.0250 0.9811
vn -0.2322 0.0887 0.9686
vn -0.2150 0.9720 -0.0949
vn 0.2134 0.9732 -0.0855
vn 0.0604 -0.9981 0.0085
vn -0.2966 -0.9550 -0.0080
vn -0.6396 -0.7686 -0.0147
vn -0.6789 -0.7341 -0.0121
vn -0.7266 -0.6870 -0.0128
vn -0.2942 0.1732 0.9399
vn 0.1662 0.1779 0.9699
vn -0.7289 0.4202 -0.5405
vn -0.6642 0.3242 -0.6736
vn -0.1128 0.7388 0.6644
vn -0.4365 0.6889 0.5788
vn -0.8813 0.3891 0.2680
vn -0.2852 0.3624 0.8873
vn -0.2343 0.0759 0.9692
vn -0.9925 0.1213 -0.0141
vn -0.9907 -0.1342 -0.0226
vn -0.9928 0.1187 -0.0162
vn -0.1585 -0.0000 -0.9874
vn -0.9996 0.0267 0.0129
vn -0.3524 -0.7472 0.5634
vn -0.1926 0.9675 0.1641
vn 0.1816 0.0898 0.9793
vn -0.7321 -0.1631 0.6614
vn 0.3637 -0.7237 0.5865
vn 0.6236 -0.2885 0.7266
vn -0.2492 -0.9684 0.0097
vn -0.4389 -0.7868 0.4340
vn -0.9995 0.0290 0.0088
vn 0.9842 0.1732 -0.0358
vn 0.2124 0.8879 -0.4080
vn 0.2137 0.9414 -0.2611
vn -0.9976 -0.0627 0.0296
vn 0.1718 0.9848 0.0251
vn -0.9901 -0.1382 -0.0223
vn -0.0012 -0.5970 0.8023
vn -0.0016 -0.2106 0.9776
vn 0.7380 -0.1521 0.6574
vn 0.6965 -0.1110 0.7089
vn -0.9885 0.1507 -0.0152
vn -0.9974 0.0532 -0.0482
vn -0.9996 0.0078 -0.0278
vn -0.9955 0.0917 -0.0255
vn -0.9972 0.0674 0.0319
vn -0.9832 -0.0530 -0.1749
vn -0.9846 -0.0922 -0.1485
vn -0.1987 -0.5594 -0.8047
vn -0.3311 0.5692 0.7525
vn -0.9927 0.1196 -0.0138
vn -0.9915 -0.0323 0.1259
vn -0.9937 0.1117 -0.0114
vn -0.5461 -0.8376 -0.0138
vn -0.9975 0.0698 -0.0087
vn -0.9971 0.0766 -0.0041
vn -0.9810 -0.1933 -0.0141
vn -0.5227 0.7482 -0.4086
vn -0.4888 0.8710 -0.0501
vn -0.6105 0.4995 -0.6147
vn -0.6329 0.1736 -0.7545
vn -0.7053 -0.1132 0.6998
vn -0.9627 0.2606 -0.0731
vn -0.9415 -0.0759 -0.3284
vn -0.5719 -0.5221 -0.6327
vn -0.9867 -0.0994 -0.1284
vn -0.0930 -0.9954 -0.0231
vn -0.0012 0.2143 0.9768
vn -0.0008 0.5992 0.8006
vn -0.9988 -0.0453 -0.0193
vn -0.5019 -0.8648 -0.0136
vn -0.9887 0.1370 -0.0611
vn -0.9897 0.1109 -0.0911
vn -0.0000 -0.6290 -0.7774
vn -0.0000 -0.2285 -0.9735
vn -0.1843 0.9353 -0.3019
vn -0.7268 -0.1528 0.6696
vn 0.8534 0.5181 -0.0565
vn 0.1900 0.8462 -0.4979
vn 0.9877 0.1405 -0.0687
vn 0.9796 0.1817 0.0853
vn 0.0241 0.8733 -0.4865
vn -0.0880 -0.9959 -0.0233
vn -0.9909 0.1065 -0.0820
vn -0.9898 0.1212 -0.0744
vn -0.9955 0.0689 -0.0643
vn -0.9860 0.0953 -0.1368
vn -0.1888 -0.3130 -0.9308
vn -0.9991 0.0063 -0.0427
vn -0.9966 -0.0137 -0.0816
vn -0.9965 0.0837 -0.0071
vn -1.0000 0.0003 -0.0079
vn -1.0000 0.0005 -0.0081
vn -0.9965 -0.0826 -0.0094
vn -1.0000 -0.0003 -0.0080
vn -0.9994 0.0317 -0.0133
vn -1.0000 0.0012 -0.0072
vn -1.0000 -0.0006 -0.0078
vn -0.9996 -0.0233 -0.0145
vn -0.0000 0.2222 -0.9750
vn -0.0000 0.6244 -0.7811
vn 0.0013 -0.8796 0.4757
vn 0.0067 -0.9999 0.0080
vn -0.9880 0.1542 -0.0033
vn -0.9995 0.0183 -0.0241
vn 0.9874 0.1481 -0.0558
vn -0.9797 -0.1575 0.1240
vn -0.9375 -0.3261 0.1215
vn -0.9914 0.0327 0.1264
vn -0.9788 0.1603 0.1276
vn -0.9248 0.3569 0.1317
vn -0.1221 0.3291 -0.9364
vn -0.0169 0.5874 0.8091
vn -0.6177 0.7863 0.0114
vn -0.4961 0.8681 0.0144
vn -0.4789 0.8767 -0.0459
vn -0.9983 -0.0557 -0.0192
vn -0.0000 0.9703 -0.2418
vn -0.0000 0.9976 -0.0699
vn -0.0000 -0.4199 0.9076
vn 0.9911 0.1328 0.0024
vn 0.9913 0.1303 0.0164
vn 0.9933 -0.0853 0.0782
vn 0.9912 -0.1315 0.0150
vn 0.9933 -0.0855 0.0780
vn 0.9933 -0.0000 0.1153
vn 0.9933 0.0855 0.0781
vn 0.9933 0.0853 0.0782
vn -0.0000 0.3999 0.9166
vn -0.0000 -0.9973 -0.0735
vn -0.0000 -0.9691 -0.2469
vn -0.0000 -0.9995 0.0313
vn -0.0000 -0.9606 0.2779
vn -0.0000 0.7377 0.6752
vn -0.0000 -0.0000 1.0000
vn -0.0000 -0.7377 0.6752
vn -0.0000 -0.7376 0.6752
vn -0.0000 -0.9973 -0.0736
vn -0.0000 0.9547 0.2975
vn -0.0000 0.9990 0.0441
vn -0.0000 -0.7377 -0.6752
vn -0.0000 -0.7377 -0.6751
vn -0.0000 0.7377 -0.6752
vn -0.0000 0.9990 0.0440
vn 0.9909 -0.1349 -0.0002
vn -0.0000 0.7832 -0.6217
vn -0.0000 0.7833 -0.6217
vn -0.0000 0.1555 -0.9878
vn -0.0001 -0.9999 0.0132
vn -0.0001 -0.8976 0.4408
vn 0.0002 -0.9999 0.0132
vn -0.0000 -0.0993 0.9951
vn -0.0007 -0.0850 0.9964
vn -0.0000 -0.0850 0.9964
vn -0.0001 0.1190 0.9929
vn -0.0001 0.1189 0.9929
vn -0.0000 0.1554 -0.9878
vn 0.0001 0.1554 -0.9878
vn -0.0002 -0.9995 -0.0302
vn -0.0008 -0.9996 -0.0300
vn 1.0000 0.0002 0.0002
vn 1.0000 0.0002 0.0001
vn 1.0000 0.0001 -0.0008
vn 1.0000 0.0002 -0.0000
vn 1.0000 0.0002 -0.0003
vn -0.0000 0.9982 0.0607
vn -0.0000 -0.4453 0.8954
vn 1.0000 0.0003 -0.0006
vn 1.0000 0.0002 -0.0001
vn 0.0002 -0.9995 -0.0302
vn -0.0000 -0.9996 -0.0300
vn 0.0008 -0.9996 -0.0300
vn -0.0000 -0.8976 0.4408
vn -1.0000 -0.0000 -0.0001
vn -1.0000 0.0006 -0.0055
vn -1.0000 0.0001 -0.0002
vn -1.0000 0.0009 -0.0031
vn -1.0000 0.0003 -0.0004
vn -1.0000 0.0002 -0.0005
vn -1.0000 0.0004 -0.0005
vn -0.0000 -0.2289 -0.9734
vn 0.0487 0.0148 0.9987
vn -0.3157 0.0001 0.9489
vn -0.0000 -0.9995 0.0312
vn -0.0001 -0.0993 0.9951
vn -1.0000 0.0001 -0.0001
vt 0.187686 0.346347
vt 0.213798 0.464946
vt 0.187686 0.464946
vt 0.192267 0.273501
vt 0.166530 0.264093
vt 0.192267 0.264916
vt 0.853935 0.994644
vt 0.857613 0.984982
vt 0.857614 0.994644
vt 0.582079 0.250796
vt 0.589527 0.239234
vt 0.589527 0.250618
vt 0.793131 0.029825
vt 0.774919 0.039343
vt 0.774919 0.030578
vt 0.784946 0.957793
vt 0.774919 0.886463
vt 0.793131 0.886788
vt 0.287181 0.105065
vt 0.269740 0.074469
vt 0.276454 0.055579
vt 0.582078 0.239505
vt 0.569258 0.251119
vt 0.569258 0.239182
vt 0.511510 0.287408
vt 0.525265 0.337064
vt 0.511388 0.337346
vt 0.839280 0.076918
vt 0.831741 0.085157
vt 0.831741 0.078679
vt 0.374820 0.251921
vt 0.374454 0.242547
vt 0.398088 0.241623
vt 0.443896 0.177531
vt 0.410057 0.228658
vt 0.408882 0.178416
vt 0.507130 0.875570
vt 0.499210 0.950873
vt 0.499322 0.875671
vt 0.482502 0.970077
vt 0.473493 0.963269
vt 0.479242 0.961533
vt 0.487196 0.973132
vt 0.479000 0.973908
vt 0.496430 0.287819
vt 0.507539 0.337460
vt 0.496844 0.337775
vt 0.498116 0.498566
vt 0.506608 0.664763
vt 0.499448 0.665005
vt 0.774919 0.524970
vt 0.793131 0.355129
vt 0.793131 0.525185
vt 0.469254 0.865658
vt 0.477459 0.876391
vt 0.469582 0.876859
vt 0.598328 0.203367
vt 0.589526 0.224146
vt 0.589526 0.203812
vt 0.449952 0.146235
vt 0.446219 0.144467
vt 0.483905 0.143555
vt 0.466602 0.148123
vt 0.469671 0.143972
vt 0.616811 0.020854
vt 0.623091 0.016141
vt 0.623125 0.020851
vt 0.623148 0.049029
vt 0.616804 0.044323
vt 0.623155 0.044319
vt 0.831741 0.942068
vt 0.853932 0.952793
vt 0.831741 0.951727
vt 0.377823 0.081787
vt 0.333444 0.014120
vt 0.375654 0.006059
vt 0.509264 0.028724
vt 0.508470 0.061240
vt 0.500268 0.039114
vt 0.457783 0.499605
vt 0.462815 0.338771
vt 0.466656 0.499490
vt 0.506946 0.498289
vt 0.774919 0.150663
vt 0.793131 0.139423
vt 0.793131 0.150791
vt 0.453830 0.136561
vt 0.277270 0.107614
vt 0.279114 0.130578
vt 0.272984 0.108802
vt 0.598329 0.225010
vt 0.598329 0.241102
vt 0.582077 0.205123
vt 0.582080 0.276263
vt 0.569257 0.272915
vt 0.582079 0.272224
vt 0.287331 0.142700
vt 0.602028 0.136249
vt 0.598327 0.148817
vt 0.598326 0.133866
vt 0.492875 0.047022
vt 0.498245 0.044596
vt 0.323221 0.095795
vt 0.322861 0.164420
vt 0.309387 0.099351
vt 0.582078 0.224489
vt 0.569258 0.224350
vt 0.589529 0.282309
vt 0.598331 0.280700
vt 0.598331 0.290167
vt 0.589528 0.275676
vt 0.345000 0.090200
vt 0.333950 0.167038
vt 0.589524 0.149005
vt 0.598327 0.169196
vt 0.589524 0.169299
vt 0.569258 0.205666
vt 0.582079 0.258868
vt 0.589528 0.260793
vt 0.582076 0.168719
vt 0.589525 0.186595
vt 0.582076 0.186249
vt 0.269683 0.091869
vt 0.511069 0.498170
vt 0.523982 0.664335
vt 0.510917 0.664634
vt 0.774919 0.689226
vt 0.793131 0.689466
vt 0.831741 0.815860
vt 0.853930 0.931598
vt 0.831741 0.930166
vt 0.853923 0.816009
vt 0.831741 0.801771
vt 0.853922 0.801952
vt 0.456610 0.967117
vt 0.465426 0.876882
vt 0.469583 0.965023
vt 0.494186 0.977608
vt 0.492903 0.972859
vt 0.450562 0.865076
vt 0.459057 0.666045
vt 0.465038 0.865681
vt 0.831741 0.112318
vt 0.853879 0.137484
vt 0.831741 0.138505
vt 0.441463 0.666693
vt 0.453619 0.499710
vt 0.178477 0.196037
vt 0.192267 0.199224
vt 0.166530 0.198400
vt 0.470627 0.499405
vt 0.484871 0.665461
vt 0.474679 0.665765
vt 0.478036 0.238471
vt 0.464386 0.238678
vt 0.463762 0.182096
vt 0.501140 0.973258
vt 0.497420 0.969597
vt 0.507561 0.142905
vt 0.517815 0.065960
vt 0.522874 0.143075
vt 0.479625 0.338305
vt 0.494143 0.498703
vt 0.482201 0.499059
vt 0.466713 0.338687
vt 0.495389 0.665147
vt 0.485808 0.140606
vt 0.479258 0.141427
vt 0.479891 0.137775
vt 0.857610 0.931158
vt 0.857602 0.816355
vt 0.616784 0.127686
vt 0.622611 0.132214
vt 0.616783 0.132230
vt 0.853932 0.962014
vt 0.857612 0.973100
vt 0.853933 0.973327
vt 0.479850 0.951657
vt 0.499458 0.135314
vt 0.502635 0.131998
vt 0.381692 0.166508
vt 0.494481 0.994755
vt 0.485194 0.982446
vt 0.495277 0.982190
vt 0.831741 0.098778
vt 0.853877 0.110097
vt 0.589520 0.037261
vt 0.598452 0.007549
vt 0.598322 0.037914
vt 0.853934 0.984661
vt 0.831741 0.994647
vt 0.831741 0.984905
vt 0.431841 0.500550
vt 0.448191 0.339012
vt 0.853892 0.341408
vt 0.831741 0.341357
vt 0.774919 0.139267
vt 0.793131 0.047468
vt 0.661031 0.728540
vt 0.669635 0.639112
vt 0.672030 0.728540
vt 0.842929 0.017251
vt 0.846782 0.007572
vt 0.846783 0.017733
vt 0.475210 0.023284
vt 0.487130 0.034001
vt 0.484960 0.039494
vt 0.177778 0.282987
vt 0.166530 0.273849
vt 0.447502 0.178765
vt 0.461290 0.152782
vt 0.460082 0.181974
vt 0.796276 0.047864
vt 0.796276 0.139423
vt 0.598328 0.186870
vt 0.494988 0.184868
vt 0.507840 0.237665
vt 0.495954 0.238023
vt 0.166530 0.206110
vt 0.192267 0.214823
vt 0.166530 0.216602
vt 0.796276 0.030213
vt 0.793131 0.038318
vt 0.487355 0.044898
vt 0.467892 0.059324
vt 0.731680 0.728540
vt 0.742088 0.639112
vt 0.742088 0.728540
vt 0.724056 0.728540
vt 0.731680 0.639112
vt 0.666360 0.579250
vt 0.708885 0.578021
vt 0.708885 0.581102
vt 0.708885 0.639112
vt 0.708885 0.728540
vt 0.582080 0.282535
vt 0.569258 0.278083
vt 0.192267 0.282987
vt 0.524471 0.497887
vt 0.125264 0.560084
vt 0.150489 0.366947
vt 0.150489 0.560084
vt 0.506026 0.962300
vt 0.499733 0.961614
vt 0.589522 0.119184
vt 0.582074 0.102922
vt 0.589522 0.097807
vt 0.582075 0.148399
vt 0.569257 0.185489
vt 0.478828 0.288274
vt 0.589529 0.295863
vt 0.585629 0.285143
vt 0.569258 0.168154
vt 0.569257 0.148059
vt 0.569258 0.259834
vt 0.853873 0.041026
vt 0.857551 0.029570
vt 0.857552 0.040862
vt 0.523782 0.875485
vt 0.511271 0.864434
vt 0.523888 0.864363
vt 0.598330 0.253370
vt 0.296948 0.102550
vt 0.297544 0.151424
vt 0.640031 0.639112
vt 0.577532 0.600103
vt 0.634998 0.586254
vt 0.724056 0.580358
vt 0.731680 0.579065
vt 0.731680 0.582360
vt 0.166530 0.282987
vt 0.192267 0.206003
vt 0.470767 0.123620
vt 0.458810 0.124266
vt 0.470008 0.118723
vt 0.450320 0.288771
vt 0.460564 0.238704
vt 0.461646 0.288651
vt 0.494254 0.123068
vt 0.464691 0.153079
vt 0.463741 0.146467
vt 0.507101 0.864480
vt 0.831741 0.961438
vt 0.831741 0.973264
vt 0.213798 0.559680
vt 0.187686 0.559680
vt 0.853906 0.551788
vt 0.742088 0.584970
vt 0.724056 0.639112
vt 0.532410 0.606515
vt 0.581176 0.639112
vt 0.532410 0.639112
vt 0.774919 0.848549
vt 0.793131 0.791389
vt 0.793131 0.848847
vt 0.582075 0.132370
vt 0.569258 0.132440
vt 0.311323 0.019445
vt 0.516091 0.029011
vt 0.634737 0.579846
vt 0.666290 0.576187
vt 0.497902 0.033811
vt 0.492498 0.031681
vt 0.598332 0.312695
vt 0.589531 0.342271
vt 0.031846 0.004759
vt 0.026405 0.009031
vt 0.026405 0.004759
vt 0.037287 0.004759
vt 0.042728 0.009031
vt 0.037287 0.009031
vt 0.020963 0.009031
vt 0.020963 0.004759
vt 0.015521 0.009031
vt 0.015521 0.004759
vt 0.004641 0.004759
vt 0.010079 0.009031
vt 0.004641 0.009031
vt 0.853874 0.058267
vt 0.846787 0.077242
vt 0.846786 0.058488
vt 0.010079 0.004759
vt 0.042728 0.004759
vt 0.048168 0.009031
vt 0.031846 0.009031
vt 0.237585 0.161993
vt 0.240840 0.165247
vt 0.240829 0.169845
vt 0.492945 0.337907
vt 0.742088 0.582411
vt 0.406427 0.011038
vt 0.405573 0.003971
vt 0.460820 0.128406
vt 0.473331 0.138069
vt 0.467632 0.141176
vt 0.392767 0.166453
vt 0.175443 0.193293
vt 0.167816 0.174819
vt 0.175306 0.174819
vt 0.853871 0.017776
vt 0.788227 0.993798
vt 0.793131 0.957793
vt 0.793131 0.993798
vt 0.463403 0.665941
vt 0.470625 0.665851
vt 0.598324 0.078097
vt 0.589521 0.077257
vt 0.404080 0.075012
vt 0.284504 0.042629
vt 0.598330 0.265454
vt 0.589523 0.133191
vt 0.598324 0.099572
vt 0.598325 0.119575
vt 0.524970 0.181007
vt 0.511531 0.237556
vt 0.510815 0.180921
vt 0.598332 0.342355
vt 0.589531 0.353733
vt 0.294990 0.031239
vt 0.598146 0.004532
vt 0.602100 0.007548
vt 0.857549 0.006732
vt 0.853870 0.007467
vt 0.853870 0.003948
vt 0.842928 0.006604
vt 0.846782 0.003948
vt 0.412016 0.008217
vt 0.409100 0.003526
vt 0.589271 0.004532
vt 0.589569 0.007549
vt 0.585173 0.007549
vt 0.788497 0.996474
vt 0.785316 0.994844
vt 0.796277 0.994020
vt 0.793131 0.996474
vt 0.163270 0.217008
vt 0.846785 0.041060
vt 0.842929 0.029458
vt 0.846784 0.029287
vt 0.486159 0.977794
vt 0.475893 0.977370
vt 0.163270 0.264905
vt 0.585191 0.095230
vt 0.585190 0.077115
vt 0.192267 0.196833
vt 0.181744 0.193866
vt 0.192267 0.194428
vt 0.602033 0.292377
vt 0.796276 0.525143
vt 0.796277 0.355090
vt 0.796276 0.740401
vt 0.793131 0.740427
vt 0.796277 0.689427
vt 0.602031 0.238533
vt 0.602031 0.224656
vt 0.602032 0.264834
vt 0.602032 0.251533
vt 0.163270 0.174819
vt 0.616785 0.145736
vt 0.622589 0.150183
vt 0.616789 0.150252
vt 0.629571 0.584179
vt 0.576358 0.596720
vt 0.465519 0.288587
vt 0.857556 0.096121
vt 0.857556 0.109269
vt 0.404730 0.170016
vt 0.587489 0.470815
vt 0.642375 0.460138
vt 0.642388 0.470815
vt 0.602033 0.280711
vt 0.857558 0.137793
vt 0.857571 0.341549
vt 0.585189 0.036937
vt 0.504335 0.976551
vt 0.503767 0.992229
vt 0.796276 0.013640
vt 0.793131 0.021210
vt 0.793131 0.013318
vt 0.602027 0.101217
vt 0.602027 0.121115
vt 0.511242 0.875534
vt 0.796276 0.150783
vt 0.487749 0.960231
vt 0.491912 0.960075
vt 0.163270 0.282987
vt 0.520368 0.974536
vt 0.509929 0.963840
vt 0.446469 0.288498
vt 0.492557 0.287935
vt 0.452095 0.338914
vt 0.489384 0.152377
vt 0.491319 0.185154
vt 0.796276 0.886893
vt 0.598333 0.353733
vt 0.602035 0.342169
vt 0.602035 0.353733
vt 0.582073 0.098834
vt 0.569257 0.103923
vt 0.569258 0.100006
vt 0.476363 0.993476
vt 0.490009 0.145680
vt 0.504017 0.144751
vt 0.492766 0.151899
vt 0.492068 0.127491
vt 0.507733 0.287508
vt 0.475136 0.019366
vt 0.511366 0.025144
vt 0.774919 0.957793
vt 0.782012 0.959958
vt 0.774919 0.959958
vt 0.602030 0.203189
vt 0.602030 0.186574
vt 0.602029 0.170053
vt 0.474132 0.141592
vt 0.507263 0.181918
vt 0.796276 0.848905
vt 0.616782 0.136708
vt 0.622580 0.141180
vt 0.616783 0.141222
vt 0.602026 0.078733
vt 0.602034 0.315331
vt 0.444877 0.238070
vt 0.857585 0.551895
vt 0.163270 0.198100
vt 0.459101 0.977016
vt 0.602028 0.150984
vt 0.623153 0.025552
vt 0.616809 0.030234
vt 0.616810 0.025555
vt 0.857601 0.802289
vt 0.857611 0.952324
vt 0.853932 0.943391
vt 0.857610 0.943587
vt 0.796276 0.957793
vt 0.602024 0.035710
vt 0.842932 0.071141
vt 0.532410 0.603144
vt 0.178986 0.191970
vt 0.178819 0.174819
vt 0.842786 0.083155
vt 0.853876 0.095870
vt 0.774919 0.740177
vt 0.853872 0.029300
vt 0.857550 0.017445
vt 0.842931 0.058615
vt 0.857553 0.058294
vt 0.857554 0.079945
vt 0.587489 0.459458
vt 0.638574 0.456448
vt 0.629891 0.450656
vt 0.587501 0.455808
vt 0.517387 0.982113
vt 0.510436 0.988938
vt 0.486381 0.994970
vt 0.468314 0.989403
vt 0.462571 0.983281
vt 0.522563 0.965166
vt 0.796277 0.003998
vt 0.793131 0.003998
vt 0.796276 0.020877
vt 0.796276 0.038220
vt 0.857612 0.962352
vt 0.774919 0.013461
vt 0.774919 0.003998
vt 0.774919 0.048351
vt 0.774919 0.021542
vt 0.482523 0.118454
vt 0.487236 0.147503
vt 0.481770 0.123401
vt 0.450939 0.133579
vt 0.448659 0.238738
vt 0.477108 0.865185
vt 0.480345 0.865844
vt 0.499314 0.864564
vt 0.495914 0.865377
vt 0.490381 0.866048
vt 0.488032 0.862396
vt 0.485765 0.866201
vt 0.616803 0.159273
vt 0.623146 0.237828
vt 0.616812 0.237829
vt 0.622635 0.127683
vt 0.616803 0.049031
vt 0.497549 0.871430
vt 0.494565 0.867931
vt 0.481717 0.868359
vt 0.478969 0.872047
vt 0.623173 0.034940
vt 0.616807 0.034943
vt 0.616806 0.039621
vt 0.623163 0.039618
vt 0.622624 0.154647
vt 0.622592 0.136678
vt 0.622579 0.145681
vt 0.622678 0.159178
vt 0.616797 0.154728
vt 0.492129 0.238136
vt 0.411277 0.318650
vt 0.405702 0.238427
vt 0.398812 0.298304
vt 0.406628 0.309099
vt 0.388128 0.283546
vt 0.380805 0.270619
vt 0.377063 0.261876
vt 0.587727 0.437919
vt 0.597299 0.438040
vt 0.607512 0.440061
vt 0.616465 0.443616
vt 0.483875 0.958620
vt 0.481111 0.955619
vt 0.495678 0.958194
vt 0.498165 0.954952
vt 0.582074 0.118456
vt 0.569258 0.119105
vt 0.308525 0.158673
vt 0.853875 0.080068
vt 0.451170 0.876216
vt 0.831741 0.551593
vt 0.774919 0.354960
vt 0.796276 0.791375
vt 0.774919 0.791129
vt 0.525332 0.287187
vt 0.417057 0.340244
vt 0.239909 0.346347
vt 0.213798 0.346347
vt 0.218009 0.264089
vt 0.809572 0.994647
vt 0.805893 0.984983
vt 0.809572 0.984661
vt 0.556438 0.250797
vt 0.548990 0.239235
vt 0.556438 0.239505
vt 0.756694 0.029826
vt 0.756694 0.038318
vt 0.764907 0.957794
vt 0.260381 0.074839
vt 0.242887 0.105406
vt 0.253699 0.055938
vt 0.018249 0.287367
vt 0.004410 0.337000
vt 0.004427 0.287123
vt 0.824167 0.076918
vt 0.154998 0.252113
vt 0.131748 0.241775
vt 0.155381 0.242739
vt 0.119801 0.228790
vt 0.086049 0.177606
vt 0.121061 0.178550
vt 0.021630 0.875535
vt 0.029423 0.950851
vt 0.022587 0.962266
vt 0.046098 0.970083
vt 0.055118 0.963291
vt 0.049593 0.973920
vt 0.041398 0.973130
vt 0.042427 0.977794
vt 0.033328 0.287804
vt 0.022135 0.337426
vt 0.022025 0.287474
vt 0.031284 0.498548
vt 0.022510 0.664730
vt 0.022455 0.498256
vt 0.756704 0.355129
vt 0.756710 0.525185
vt 0.059522 0.865688
vt 0.051300 0.876406
vt 0.051669 0.865202
vt 0.540187 0.203370
vt 0.548990 0.224147
vt 0.540187 0.225012
vt 0.080046 0.146300
vt 0.082441 0.178834
vt 0.046098 0.143561
vt 0.063393 0.148159
vt 0.042760 0.147504
vt 0.610487 0.016143
vt 0.610454 0.020853
vt 0.610438 0.049030
vt 0.610430 0.044321
vt 0.809572 0.952793
vt 0.196779 0.014381
vt 0.152285 0.081974
vt 0.154583 0.006249
vt 0.020934 0.028689
vt 0.029912 0.039094
vt 0.021672 0.061205
vt 0.066856 0.338813
vt 0.071616 0.499655
vt 0.062743 0.499524
vt 0.032829 0.337760
vt 0.756698 0.139423
vt 0.756698 0.150792
vt 0.083782 0.144538
vt 0.076184 0.136618
vt 0.079080 0.133641
vt 0.556438 0.224490
vt 0.252794 0.107972
vt 0.250911 0.130933
vt 0.242673 0.143041
vt 0.556438 0.205124
vt 0.548990 0.203812
vt 0.556438 0.276264
vt 0.232445 0.151748
vt 0.536485 0.136250
vt 0.540187 0.148818
vt 0.536485 0.150985
vt 0.037291 0.047014
vt 0.031925 0.044579
vt 0.206862 0.096075
vt 0.207106 0.164700
vt 0.196012 0.167299
vt 0.540187 0.280701
vt 0.548990 0.282309
vt 0.540187 0.290168
vt 0.548990 0.275676
vt 0.185093 0.090443
vt 0.173968 0.167008
vt 0.548990 0.149005
vt 0.540187 0.169197
vt 0.548990 0.250618
vt 0.556438 0.258868
vt 0.548990 0.260793
vt 0.556438 0.168720
vt 0.548990 0.186596
vt 0.548990 0.169300
vt 0.260408 0.092240
vt 0.018332 0.498129
vt 0.005137 0.664272
vt 0.004931 0.497824
vt 0.756714 0.689467
vt 0.809572 0.931599
vt 0.809572 0.816012
vt 0.809572 0.801954
vt 0.063332 0.876917
vt 0.071994 0.967168
vt 0.059025 0.965052
vt 0.034401 0.977594
vt 0.035692 0.972848
vt 0.070058 0.666093
vt 0.078216 0.865138
vt 0.063739 0.865718
vt 0.809572 0.137485
vt 0.809572 0.110098
vt 0.075779 0.499767
vt 0.087652 0.666770
vt 0.206052 0.196035
vt 0.218000 0.198396
vt 0.044246 0.665465
vt 0.058772 0.499433
vt 0.054437 0.665786
vt 0.051805 0.238487
vt 0.066175 0.182137
vt 0.065455 0.238718
vt 0.027455 0.973233
vt 0.022443 0.142872
vt 0.012320 0.065909
vt 0.050047 0.338318
vt 0.035257 0.498691
vt 0.036728 0.337898
vt 0.047199 0.499068
vt 0.062958 0.338723
vt 0.033728 0.665133
vt 0.050748 0.141442
vt 0.044199 0.140609
vt 0.050121 0.137789
vt 0.805893 0.931159
vt 0.805893 0.816357
vt 0.610995 0.132216
vt 0.610971 0.127685
vt 0.805893 0.973102
vt 0.809572 0.962017
vt 0.809572 0.973327
vt 0.049372 0.961545
vt 0.048781 0.951668
vt 0.030559 0.135294
vt 0.027387 0.131973
vt 0.148272 0.166688
vt 0.043385 0.982448
vt 0.034077 0.994741
vt 0.033302 0.982175
vt 0.809572 0.095871
vt 0.548990 0.037262
vt 0.540057 0.007550
vt 0.548940 0.007550
vt 0.081479 0.339079
vt 0.097556 0.500644
vt 0.809572 0.341409
vt 0.756695 0.047468
vt 0.661760 0.974271
vt 0.670363 0.884843
vt 0.640760 0.884843
vt 0.820514 0.017251
vt 0.816660 0.007574
vt 0.820514 0.006604
vt 0.054996 0.023306
vt 0.045219 0.039499
vt 0.043058 0.034003
vt 0.218010 0.273844
vt 0.206764 0.282985
vt 0.068697 0.152827
vt 0.753549 0.047864
vt 0.540187 0.186873
vt 0.034944 0.184856
vt 0.022003 0.237631
vt 0.022674 0.181885
vt 0.218001 0.206106
vt 0.753549 0.030215
vt 0.753549 0.038221
vt 0.062254 0.059358
vt 0.042815 0.044899
vt 0.732408 0.974271
vt 0.742815 0.884843
vt 0.732408 0.884843
vt 0.724784 0.974271
vt 0.724784 0.884843
vt 0.667088 0.824981
vt 0.709614 0.823753
vt 0.667018 0.821918
vt 0.709614 0.884843
vt 0.672758 0.974271
vt 0.709614 0.974271
vt 0.556438 0.282535
vt 0.569258 0.283321
vt 0.018286 0.337306
vt 0.175714 0.560084
vt 0.028881 0.961591
vt 0.556438 0.102922
vt 0.548990 0.119184
vt 0.548990 0.097808
vt 0.556438 0.148399
vt 0.556438 0.186250
vt 0.050929 0.288288
vt 0.064238 0.288624
vt 0.548990 0.295863
vt 0.552890 0.285144
vt 0.809572 0.041028
vt 0.805893 0.029572
vt 0.809572 0.029301
vt 0.017508 0.864392
vt 0.004978 0.875421
vt 0.004891 0.864300
vt 0.218002 0.216598
vt 0.540187 0.241102
vt 0.233125 0.102875
vt 0.221452 0.158978
vt 0.578261 0.845833
vt 0.635726 0.831985
vt 0.724784 0.826089
vt 0.732408 0.824796
vt 0.724784 0.822494
vt 0.218012 0.282984
vt 0.059270 0.123649
vt 0.071225 0.124315
vt 0.069208 0.128452
vt 0.069277 0.238750
vt 0.079436 0.288834
vt 0.068110 0.288695
vt 0.035783 0.123057
vt 0.066257 0.146507
vt 0.065296 0.153119
vt 0.021678 0.864445
vt 0.029670 0.664983
vt 0.029465 0.864542
vt 0.239909 0.464946
vt 0.709614 0.826834
vt 0.809572 0.551789
vt 0.742815 0.830701
vt 0.732408 0.828091
vt 0.581905 0.884843
vt 0.533139 0.852246
vt 0.533139 0.884843
vt 0.756717 0.791389
vt 0.756719 0.848848
vt 0.556438 0.132371
vt 0.218891 0.019744
vt 0.014107 0.028964
vt 0.635465 0.825577
vt 0.037695 0.031673
vt 0.032287 0.033795
vt 0.548990 0.342272
vt 0.540187 0.312696
vt 0.132705 0.198003
vt 0.136978 0.203444
vt 0.136978 0.198003
vt 0.136978 0.208886
vt 0.132705 0.214327
vt 0.136978 0.214327
vt 0.132705 0.192561
vt 0.132705 0.187119
vt 0.136978 0.192561
vt 0.136978 0.187119
vt 0.136978 0.176239
vt 0.132705 0.181678
vt 0.136978 0.181678
vt 0.809572 0.058267
vt 0.816660 0.077243
vt 0.809572 0.080070
vt 0.132705 0.219766
vt 0.136978 0.219766
vt 0.132705 0.203444
vt 0.240829 0.189413
vt 0.237585 0.181561
vt 0.229729 0.184815
vt 0.037200 0.287926
vt 0.742815 0.828142
vt 0.123800 0.011174
vt 0.124667 0.004109
vt 0.069855 0.182021
vt 0.056681 0.138094
vt 0.137196 0.166614
vt 0.126038 0.075154
vt 0.209086 0.193290
vt 0.216711 0.174816
vt 0.809572 0.017776
vt 0.816660 0.017734
vt 0.761628 0.993799
vt 0.756722 0.957794
vt 0.065713 0.665981
vt 0.058491 0.665878
vt 0.059176 0.876888
vt 0.540187 0.078098
vt 0.548990 0.077258
vt 0.245671 0.042974
vt 0.540187 0.253371
vt 0.540187 0.265455
vt 0.548990 0.133191
vt 0.540187 0.133867
vt 0.031180 0.969578
vt 0.540187 0.099573
vt 0.540187 0.037915
vt 0.018313 0.237516
vt 0.004969 0.180944
vt 0.019124 0.180882
vt 0.548990 0.353734
vt 0.540187 0.342356
vt 0.235204 0.031566
vt 0.540362 0.004533
vt 0.536409 0.007549
vt 0.805893 0.006734
vt 0.809572 0.003949
vt 0.809572 0.007470
vt 0.816660 0.003949
vt 0.118217 0.008347
vt 0.121141 0.003658
vt 0.549237 0.004533
vt 0.553336 0.007549
vt 0.764539 0.994844
vt 0.761358 0.996474
vt 0.756724 0.993799
vt 0.756724 0.996475
vt 0.753578 0.994021
vt 0.221262 0.217004
vt 0.221261 0.206283
vt 0.820514 0.029458
vt 0.816660 0.041060
vt 0.816660 0.029287
vt 0.052694 0.977387
vt 0.221269 0.264901
vt 0.553320 0.095231
vt 0.202785 0.193864
vt 0.536485 0.292378
vt 0.536485 0.315333
vt 0.753564 0.525143
vt 0.753559 0.355090
vt 0.753571 0.740401
vt 0.753572 0.791376
vt 0.753569 0.689427
vt 0.536485 0.238534
vt 0.536485 0.224657
vt 0.536485 0.264835
vt 0.536485 0.251535
vt 0.221256 0.174815
vt 0.611021 0.150185
vt 0.611031 0.145683
vt 0.630299 0.829911
vt 0.577086 0.842450
vt 0.018201 0.664593
vt 0.805893 0.096124
vt 0.125228 0.170157
vt 0.642375 0.481491
vt 0.587489 0.482172
vt 0.536485 0.280711
vt 0.805893 0.137795
vt 0.553320 0.036938
vt 0.024254 0.976520
vt 0.024795 0.992199
vt 0.018132 0.988897
vt 0.753549 0.013640
vt 0.756694 0.021210
vt 0.753549 0.020877
vt 0.540187 0.119576
vt 0.536485 0.101218
vt 0.017519 0.875492
vt 0.753553 0.150784
vt 0.040867 0.960228
vt 0.221272 0.282983
vt 0.221270 0.273524
vt 0.008224 0.974479
vt 0.018681 0.963800
vt 0.077576 0.338974
vt 0.040604 0.152374
vt 0.038614 0.185148
vt 0.753575 0.886893
vt 0.753577 0.957795
vt 0.540187 0.353734
vt 0.536485 0.342171
vt 0.556438 0.098835
vt 0.052197 0.993493
vt 0.039990 0.145677
vt 0.025984 0.144723
vt 0.037962 0.127484
vt 0.048267 0.123412
vt 0.055077 0.019390
vt 0.767842 0.959958
vt 0.536485 0.203191
vt 0.536485 0.186575
vt 0.536485 0.170054
vt 0.055874 0.141616
vt 0.062375 0.141210
vt 0.060331 0.144002
vt 0.753574 0.848906
vt 0.756720 0.886788
vt 0.611029 0.141181
vt 0.611015 0.136680
vt 0.536485 0.078734
vt 0.084966 0.238143
vt 0.081182 0.238804
vt 0.805893 0.551896
vt 0.221260 0.198096
vt 0.069487 0.977062
vt 0.066006 0.983321
vt 0.610427 0.025554
vt 0.610411 0.030233
vt 0.809572 0.943394
vt 0.805893 0.952326
vt 0.805893 0.943590
vt 0.006045 0.965105
vt 0.018838 0.025107
vt 0.012140 0.025267
vt 0.536485 0.035711
vt 0.820514 0.071142
vt 0.816660 0.058489
vt 0.820514 0.058616
vt 0.533139 0.848875
vt 0.209221 0.174818
vt 0.205543 0.191968
vt 0.205708 0.174818
vt 0.820661 0.083155
vt 0.756716 0.740427
vt 0.805893 0.017448
vt 0.805893 0.058296
vt 0.805893 0.040863
vt 0.805893 0.079947
vt 0.638574 0.485181
vt 0.629891 0.490974
vt 0.587501 0.485822
vt 0.011192 0.982060
vt 0.042177 0.994970
vt 0.060253 0.989433
vt 0.756694 0.013320
vt 0.753548 0.003998
vt 0.756693 0.003998
vt 0.805893 0.962354
vt 0.047523 0.118463
vt 0.060037 0.118753
vt 0.032863 0.865362
vt 0.038395 0.866041
vt 0.040751 0.862393
vt 0.048432 0.865854
vt 0.043010 0.866202
vt 0.610487 0.237829
vt 0.031219 0.871412
vt 0.034208 0.867917
vt 0.047055 0.868368
vt 0.049797 0.872060
vt 0.610409 0.034940
vt 0.610421 0.039619
vt 0.610988 0.154648
vt 0.610935 0.159180
vt 0.037713 0.238128
vt 0.118429 0.318779
vt 0.124139 0.238566
vt 0.123094 0.309236
vt 0.130928 0.298454
vt 0.141637 0.283715
vt 0.148982 0.270801
vt 0.152738 0.262064
vt 0.587727 0.503711
vt 0.597299 0.503589
vt 0.607512 0.501569
vt 0.616465 0.498014
vt 0.044744 0.958624
vt 0.047514 0.955628
vt 0.036704 0.960065
vt 0.032941 0.958178
vt 0.030460 0.954933
vt 0.556438 0.272225
vt 0.556438 0.118456
vt 0.536485 0.121116
vt 0.220691 0.099654
vt 0.632510 0.825494
vt 0.805893 0.802292
vt 0.077588 0.876276
vt 0.753552 0.139424
vt 0.029438 0.875650
vt 0.033888 0.238009
vt 0.007129 0.143016
vt 0.037222 0.151890
vt 0.083288 0.288567
vt 0.004567 0.237253
vt 0.112612 0.340364
vt 0.546390 0.468051
vt 0.539335 0.476597
vt 0.539335 0.468051
vt 0.540750 0.375851
vt 0.545376 0.383572
vt 0.540750 0.383572
vt 0.539539 0.454509
vt 0.546351 0.446541
vt 0.546351 0.454509
vt 0.546351 0.430745
vt 0.539539 0.425611
vt 0.546351 0.425611
vt 0.539539 0.430745
vt 0.546351 0.436076
vt 0.539539 0.436076
vt 0.539539 0.441406
vt 0.539539 0.446541
vt 0.546351 0.441406
vt 0.545650 0.391729
vt 0.540655 0.399142
vt 0.540655 0.391729
vt 0.539335 0.499044
vt 0.546390 0.507635
vt 0.539335 0.507635
vt 0.561470 0.492663
vt 0.569462 0.505853
vt 0.561470 0.505853
vt 0.546390 0.476597
vt 0.539335 0.482103
vt 0.546390 0.487820
vt 0.539335 0.487821
vt 0.546390 0.493538
vt 0.539335 0.493538
vt 0.546390 0.499044
vt 0.569462 0.444753
vt 0.561470 0.458014
vt 0.561470 0.444753
vt 0.569462 0.484164
vt 0.561470 0.484164
vt 0.569462 0.475338
vt 0.561470 0.475338
vt 0.569462 0.466514
vt 0.561470 0.466514
vt 0.569462 0.458014
vt 0.539539 0.417600
vt 0.546351 0.417600
vt 0.659299 0.120489
vt 0.633544 0.177619
vt 0.633544 0.120489
vt 0.602100 0.651608
vt 0.531597 0.677362
vt 0.531597 0.651608
vt 0.137977 0.728853
vt 0.149226 0.831387
vt 0.137976 0.831388
vt 0.323937 0.728887
vt 0.170432 0.831384
vt 0.170431 0.728858
vt 0.165934 0.728857
vt 0.165934 0.831384
vt 0.634882 0.111388
vt 0.653278 0.003747
vt 0.653278 0.111388
vt 0.168695 0.572448
vt 0.100645 0.611131
vt 0.100645 0.572448
vt 0.095762 0.759025
vt 0.095762 0.728887
vt 0.630128 0.200548
vt 0.630068 0.196148
vt 0.631475 0.202948
vt 0.633681 0.191579
vt 0.640371 0.190179
vt 0.532025 0.713488
vt 0.550422 0.685164
vt 0.576176 0.685164
vt 0.158743 0.831386
vt 0.662310 0.190179
vt 0.662310 0.296534
vt 0.095762 0.801216
vt 0.282987 0.004350
vt 0.243991 0.030105
vt 0.243991 0.004350
vt 0.095762 0.831354
vt 0.158743 0.728856
vt 0.149226 0.728854
vt 0.639868 0.417594
vt 0.658265 0.309941
vt 0.639868 0.309941
vt 0.355239 0.605218
vt 0.316556 0.537169
vt 0.316556 0.647257
vt 0.108726 0.653218
vt 0.111126 0.651872
vt 0.104325 0.653278
vt 0.099757 0.649665
vt 0.098357 0.642975
vt 0.098357 0.621036
vt 0.594573 0.685164
vt 0.594573 0.713488
vt 0.532025 0.685164
vt 0.616812 0.016144
vt 0.355995 0.166784
vt 0.125264 0.366947
vt 0.724056 0.576763
vt 0.048168 0.004759
vt 0.237585 0.173104
vt 0.232983 0.173104
vt 0.229729 0.169849
vt 0.229729 0.165247
vt 0.232983 0.161993
vt 0.525276 0.237317
vt 0.163270 0.206287
vt 0.842930 0.040788
vt 0.163270 0.273527
vt 0.623170 0.030231
vt 0.518064 0.025315
vt 0.631782 0.579763
vt 0.805893 0.994647
vt 0.257078 0.109167
vt 0.742815 0.974271
vt 0.175714 0.366947
vt 0.239909 0.559680
vt 0.132705 0.208886
vt 0.132705 0.176239
vt 0.232983 0.192672
vt 0.237585 0.192672
vt 0.240840 0.184815
vt 0.232983 0.181561
vt 0.229729 0.189417
vt 0.820514 0.040789
vt 0.553320 0.077115
vt 0.805893 0.109271
vt 0.805893 0.341550
vt 0.536485 0.353734
vt 0.545376 0.375851
vt 0.545650 0.399142
vt 0.569462 0.492663
vt 0.546390 0.482103
vt 0.659299 0.177619
vt 0.602100 0.677362
vt 0.323937 0.831354
vt 0.634882 0.003733
vt 0.210735 0.611131
vt 0.630068 0.296534
vt 0.282987 0.030105
vt 0.658265 0.417594
vt 0.355239 0.537169
vt 0.204714 0.653278
vt 0.204714 0.621036
s 1
usemtl PipeWrench
f 261/1/1 58/2/2 268/3/3
f 13/4/4 115/5/5 12/6/6
f 309/7/7 318/8/8 311/9/9
f 29/10/10 22/11/11 31/12/12
f 314/13/13 300/14/14 297/15/15
f 262/16/16 10/17/17 108/18/18
f 78/19/19 179/20/20 180/21/21
f 21/22/22 26/23/23 20/24/24
f 439/25/25 82/26/26 161/27/27
f 294/28/28 270/29/29 269/30/30
f 272/31/31 112/32/32 121/33/33
f 218/34/34 124/35/35 116/36/36
f 193/37/37 167/38/38 203/39/39
f 95/40/40 140/41/41 88/42/42
f 182/43/43 143/44/44 95/40/40
f 437/45/45 160/46/46 207/47/47
f 210/48/48 147/49/49 212/50/50
f 3/51/51 89/52/52 94/53/53
f 411/54/54 196/55/55 190/56/56
f 172/57/57 19/58/58 24/59/59
f 155/60/60 218/34/34 154/61/61
f 352/62/62 348/63/63 349/64/64
f 371/65/65 196/66/66 367/67/67
f 203/68/68 374/69/69 360/70/70
f 303/71/71 325/72/72 304/73/73
f 75/74/19 96/75/74 231/76/75
f 217/77/76 52/78/77 59/79/19
f 151/80/78 204/81/79 209/82/80
f 207/47/47 148/83/81 210/48/48
f 416/84/82 194/85/83 420/86/84
f 154/61/61 343/87/85 155/60/60
f 21/22/22 19/58/58 22/11/11
f 79/88/19 168/89/86 173/90/87
f 22/11/11 169/91/88 171/92/89
f 19/58/58 25/93/90 24/59/59
f 28/94/91 390/95/92 391/96/93
f 78/19/19 170/97/94 79/88/19
f 402/98/95 181/99/96 403/100/97
f 60/101/19 61/102/19 52/78/77
f 77/103/19 408/104/98 399/105/19
f 18/106/99 20/24/24 6/107/100
f 30/108/101 405/109/102 174/110/103
f 28/94/91 394/111/104 30/108/101
f 76/112/19 175/113/105 77/103/19
f 41/114/106 178/115/107 40/116/108
f 23/117/109 18/106/99 6/107/100
f 392/118/110 31/12/12 393/119/111
f 43/120/112 17/121/113 44/122/114
f 79/88/19 106/123/115 179/20/20
f 149/124/116 90/125/117 146/126/118
f 1/127/119 94/53/53 81/128/120
f 34/129/121 321/130/122 302/131/123
f 189/132/124 410/133/121 414/134/125
f 323/135/126 191/136/127 141/137/128
f 186/138/129 182/43/43 183/139/130
f 415/140/131 145/141/132 412/142/133
f 4/143/134 101/144/135 5/145/136
f 86/146/137 150/147/138 145/141/132
f 290/148/139 15/149/140 122/150/141
f 208/151/142 36/152/143 214/153/144
f 39/154/145 200/155/146 220/156/147
f 137/157/148 183/139/130 98/158/149
f 152/159/150 250/160/151 109/161/152
f 38/162/153 211/163/154 37/164/155
f 37/164/155 205/165/156 38/162/153
f 37/164/155 213/166/157 36/152/143
f 354/167/158 347/168/159 345/169/160
f 323/170/126 189/132/124 188/171/161
f 359/172/162 378/173/163 383/174/164
f 324/175/165 319/176/166 317/177/167
f 140/41/41 166/178/168 88/42/42
f 152/159/150 332/179/169 334/180/170
f 229/181/171 76/112/19 75/74/19
f 311/182/9 185/183/172 187/184/173
f 50/185/174 104/186/175 4/143/134
f 245/187/176 85/188/177 230/189/178
f 316/190/179 298/191/180 307/192/181
f 91/193/182 163/194/183 150/147/138
f 5/145/136 92/195/184 8/196/185
f 35/197/82 330/198/186 194/85/83
f 132/199/187 55/200/188 224/201/189
f 275/202/190 129/203/191 277/204/192
f 222/205/193 66/206/19 65/207/19
f 13/4/4 132/208/194 119/209/195
f 219/210/196 197/211/197 221/212/198
f 194/85/83 328/213/199 195/214/200
f 40/116/108 107/215/201 17/121/113
f 424/216/202 158/217/203 202/218/204
f 126/219/205 14/220/206 123/221/207
f 312/222/208 331/223/209 314/13/13
f 65/207/19 64/224/19 51/225/19
f 232/226/210 56/227/211 135/228/212
f 134/229/213 57/230/214 232/226/210
f 48/231/215 235/232/216 45/233/217
f 224/201/189 54/234/218 225/235/219
f 232/236/220 27/237/221 28/94/91
f 133/238/222 132/208/194 13/4/4
f 93/239/223 161/27/27 82/26/26
f 261/240/224 133/241/225 260/242/226
f 138/243/227 105/244/228 167/38/38
f 395/245/229 246/246/230 233/247/231
f 42/248/232 40/116/108 43/120/112
f 25/93/90 7/249/233 44/122/114
f 430/250/234 200/155/146 39/154/145
f 172/57/57 17/121/113 107/215/201
f 225/251/235 134/252/236 30/108/101
f 43/120/112 7/249/233 32/253/237
f 33/254/238 43/120/112 32/253/237
f 389/255/239 29/10/10 392/118/110
f 24/59/59 44/122/114 17/121/113
f 280/256/240 271/257/241 282/258/242
f 195/259/200 417/260/243 419/261/244
f 12/6/6 123/221/207 14/220/206
f 31/12/12 171/92/89 176/262/245
f 400/263/19 177/264/246 78/19/19
f 261/265/247 266/266/248 240/267/249
f 47/268/250 247/269/251 49/270/252
f 132/208/194 117/271/253 119/209/195
f 16/272/254 122/150/141 15/149/140
f 339/273/255 340/274/256 337/275/257
f 435/276/258 199/277/259 434/278/260
f 334/180/170 335/279/261 52/78/77
f 198/280/262 350/281/263 348/63/63
f 418/282/264 212/50/50 147/49/49
f 305/283/265 317/177/167 306/284/266
f 268/3/3 265/285/267 263/286/268
f 52/78/77 61/102/19 59/79/19
f 45/233/217 55/200/188 48/231/215
f 60/101/19 52/78/77 51/225/19
f 87/287/269 8/196/185 92/195/184
f 46/288/270 57/230/214 49/270/252
f 53/289/271 49/270/252 57/230/214
f 55/200/188 240/267/249 48/231/215
f 51/225/19 64/224/19 60/101/19
f 254/290/272 268/291/273 263/292/274
f 422/293/275 111/294/276 428/295/277
f 397/296/278 33/254/238 388/297/279
f 76/112/19 100/298/280 96/75/74
f 52/78/77 258/299/281 250/160/151
f 48/231/215 243/300/282 244/301/283
f 217/77/76 62/302/284 63/303/284
f 227/304/285 224/305/286 225/251/235
f 61/306/287 70/307/288 59/308/289
f 60/309/290 72/310/291 73/311/292
f 59/308/289 71/312/293 62/313/294
f 62/313/294 67/314/295 63/315/296
f 65/316/297 68/317/298 74/318/299
f 59/79/19 62/302/284 217/77/76
f 279/319/300 292/320/301 286/321/302
f 66/322/303 67/314/295 68/317/298
f 64/323/304 74/324/299 72/310/291
f 60/309/290 69/325/305 61/306/287
f 73/326/306 72/327/306 74/328/306
f 63/303/284 66/206/19 222/205/193
f 430/250/234 206/329/307 38/162/153
f 49/270/252 237/330/308 46/288/270
f 47/268/250 54/234/218 45/233/217
f 222/205/193 217/77/76 63/303/284
f 256/331/309 231/76/75 84/332/310
f 199/277/259 220/156/147 200/155/146
f 342/333/311 344/334/312 351/335/313
f 53/289/271 225/235/219 54/234/218
f 75/74/19 118/336/314 229/181/171
f 289/337/315 114/338/316 128/339/317
f 129/203/191 274/340/318 277/204/192
f 252/341/319 251/342/320 257/343/321
f 144/344/322 209/82/80 215/345/323
f 190/56/56 166/178/168 140/41/41
f 97/346/324 233/247/231 236/347/325
f 80/348/19 231/76/75 256/331/309
f 400/263/19 180/21/21 402/349/95
f 393/119/111 176/262/245 406/350/326
f 396/351/327 181/99/96 41/114/106
f 225/251/235 174/110/103 227/304/285
f 396/351/327 42/248/232 397/296/278
f 138/243/227 98/158/149 105/244/228
f 395/245/229 99/352/328 404/353/329
f 236/347/325 230/189/178 97/346/324
f 427/354/330 159/355/331 425/356/332
f 235/232/216 47/268/250 45/233/217
f 51/225/19 222/205/193 65/207/19
f 228/357/333 132/358/194 224/305/286
f 51/225/19 256/331/309 222/205/193
f 134/252/236 28/94/91 30/108/101
f 77/103/19 401/359/334 100/298/280
f 83/360/335 84/361/310 85/188/177
f 112/362/32 113/363/336 114/364/316
f 127/365/337 128/366/317 129/203/191
f 255/367/338 84/332/310 83/368/335
f 241/369/339 242/370/340 243/371/282
f 252/341/319 253/372/341 254/373/272
f 257/343/321 258/374/281 259/375/342
f 124/376/35 126/219/205 123/221/207
f 285/377/343 276/378/344 278/379/345
f 184/380/346 142/381/347 143/44/44
f 205/165/156 209/82/80 204/81/79
f 124/376/35 115/5/5 116/382/36
f 236/347/325 234/383/348 235/384/216
f 246/246/230 234/383/348 233/247/231
f 130/385/349 288/386/350 131/387/351
f 175/388/105 227/304/285 174/110/103
f 93/389/223 89/52/52 90/390/117
f 431/391/352 111/294/276 432/392/353
f 278/379/345 280/256/240 285/377/343
f 94/53/53 82/393/26 81/128/120
f 145/141/132 151/80/78 144/344/322
f 170/394/94 169/91/88 168/395/86
f 172/57/57 168/395/86 169/91/88
f 407/396/354 176/262/245 177/397/246
f 210/48/48 206/329/307 207/47/47
f 122/150/141 112/398/32 114/338/316
f 386/399/355 376/400/356 381/401/357
f 239/402/358 266/266/248 267/403/359
f 148/83/81 146/126/118 147/49/49
f 433/404/360 204/81/79 434/278/260
f 208/151/142 215/345/323 209/82/80
f 221/212/198 198/280/262 220/156/147
f 104/186/175 248/405/361 103/406/362
f 212/50/50 211/163/154 210/48/48
f 120/407/363 218/34/34 116/36/36
f 131/408/351 294/409/28 269/410/30
f 174/110/103 408/411/98 175/388/105
f 92/195/184 102/412/364 91/413/182
f 236/347/325 244/414/283 245/187/176
f 119/209/195 116/382/36 115/5/5
f 136/415/365 310/416/366 187/184/173
f 310/417/366 315/418/367 308/419/368
f 160/46/46 149/124/116 148/83/81
f 404/353/329 100/420/280 401/421/334
f 192/422/369 418/282/264 417/260/243
f 419/423/244 89/52/52 420/86/84
f 183/139/130 379/424/370 380/425/371
f 118/426/314 119/209/195 117/271/253
f 329/427/372 136/415/365 139/428/373
f 435/276/258 163/194/183 436/429/374
f 207/47/47 438/430/375 437/45/45
f 411/54/54 191/136/127 412/142/133
f 150/147/138 162/431/376 151/80/78
f 165/432/377 424/216/202 423/433/378
f 109/434/152 251/342/320 108/18/18
f 117/435/253 229/436/171 118/437/314
f 113/363/336 128/366/317 114/364/316
f 247/438/251 238/439/379 237/440/308
f 319/441/166 142/381/347 185/183/172
f 137/157/148 139/428/373 136/415/365
f 355/442/380 153/443/381 164/444/382
f 345/169/160 333/445/383 354/167/158
f 161/27/27 440/446/384 439/25/25
f 184/380/346 187/184/173 185/183/172
f 136/415/365 186/138/129 137/157/148
f 217/77/76 223/447/385 216/448/386
f 242/370/340 83/360/335 85/188/177
f 264/449/387 263/450/274 265/451/388
f 257/343/321 253/372/341 252/341/319
f 242/370/340 244/414/283 243/371/282
f 173/452/87 107/215/201 106/453/115
f 177/397/246 171/92/89 170/394/94
f 107/215/201 179/454/20 106/453/115
f 348/63/63 165/432/377 198/280/262
f 346/455/389 351/335/313 344/334/312
f 192/422/369 138/243/227 193/37/37
f 159/355/331 426/456/390 425/356/332
f 427/457/330 108/18/18 428/295/277
f 384/458/391 380/459/392 385/460/393
f 191/136/127 140/41/41 141/137/128
f 255/367/338 222/205/193 256/331/309
f 230/189/178 96/461/74 97/346/324
f 226/462/394 228/357/333 227/304/285
f 219/210/196 156/463/395 218/34/34
f 92/195/184 86/464/137 87/287/269
f 96/461/74 99/352/328 97/346/324
f 104/186/175 102/412/364 101/144/135
f 126/219/205 121/465/33 122/150/141
f 142/381/347 322/466/396 141/137/128
f 143/44/44 141/137/128 140/41/41
f 155/60/60 350/281/263 197/211/197
f 178/115/107 180/467/21 179/454/20
f 165/432/377 355/442/380 164/444/382
f 366/468/397 369/469/398 372/470/399
f 414/134/125 86/464/137 415/471/131
f 327/472/400 320/473/401 322/474/396
f 195/259/200 139/428/373 192/422/369
f 216/448/386 258/299/281 217/77/76
f 250/475/151 257/343/321 251/342/320
f 231/476/75 85/188/177 84/361/310
f 295/477/402 286/321/302 292/320/301
f 263/450/274 252/341/319 254/373/272
f 267/403/359 254/290/272 253/478/341
f 287/479/403 128/339/317 127/480/337
f 50/185/174 291/481/404 249/482/405
f 429/483/406 81/128/120 432/392/353
f 275/202/190 278/379/345 276/378/344
f 274/340/318 271/257/241 273/484/407
f 273/484/407 277/204/192 274/340/318
f 272/485/31 113/363/336 112/362/32
f 284/486/408 285/377/343 286/321/302
f 280/256/240 281/487/409 279/319/300
f 285/377/343 279/319/300 286/321/302
f 249/482/405 409/488/410 248/405/361
f 289/337/315 290/148/139 122/150/141
f 290/148/139 287/479/403 288/386/350
f 294/28/28 292/320/301 291/481/404
f 288/489/350 295/490/402 294/409/28
f 284/491/408 295/490/402 287/492/403
f 310/416/366 311/182/9 187/184/173
f 312/493/208 313/494/411 136/415/365
f 318/495/8 319/441/166 185/183/172
f 322/466/396 323/135/126 141/137/128
f 326/496/412 327/497/400 142/381/347
f 328/498/199 329/427/372 139/428/373
f 311/499/9 308/419/368 309/500/7
f 314/13/13 313/501/411 312/222/208
f 319/176/166 316/190/179 317/177/167
f 330/198/186 329/502/372 328/213/199
f 325/72/72 326/503/412 324/175/165
f 321/130/122 322/474/396 320/473/401
f 309/500/7 299/504/413 298/505/180
f 297/15/15 315/418/367 314/13/13
f 306/284/266 316/190/179 307/192/181
f 301/506/414 331/223/209 330/198/186
f 304/73/73 324/175/165 305/283/265
f 302/131/123 320/473/401 303/71/71
f 308/419/368 296/507/415 299/504/413
f 336/508/416 337/275/257 51/225/19
f 352/62/62 355/442/380 353/509/417
f 338/510/418 337/275/257 336/508/416
f 341/511/419 342/333/311 343/87/85
f 333/445/383 334/180/170 332/179/169
f 347/168/159 344/334/312 345/169/160
f 350/281/263 349/64/64 348/63/63
f 354/167/158 332/179/169 355/442/380
f 339/273/255 345/169/160 344/334/312
f 351/335/313 343/87/85 342/333/311
f 338/510/418 335/279/261 333/445/383
f 51/225/19 337/275/257 340/274/256
f 335/279/261 336/508/416 52/78/77
f 336/508/416 51/225/19 52/78/77
f 52/78/77 152/159/150 334/180/170
f 347/168/159 349/64/64 346/455/389
f 157/512/420 221/212/198 199/277/259
f 413/513/421 214/153/144 368/514/422
f 213/166/157 421/515/423 362/516/424
f 362/516/424 363/517/425 365/518/426
f 364/519/427 368/514/422 365/518/426
f 356/520/428 196/521/66 357/522/429
f 167/523/430 358/524/431 203/68/68
f 360/525/432 361/526/433 362/516/424
f 363/517/425 364/519/427 365/518/426
f 366/527/434 367/528/435 368/514/422
f 369/469/398 363/529/436 370/530/437
f 360/70/70 373/531/438 361/532/439
f 372/470/399 367/67/67 366/468/397
f 361/532/439 370/530/437 363/529/436
f 375/533/440 381/401/357 376/400/356
f 377/534/441 383/174/164 378/173/163
f 379/535/442 385/460/393 380/459/392
f 166/536/443 382/537/444 375/533/440
f 220/156/147 423/433/378 39/154/145
f 423/433/378 201/538/445 39/154/145
f 103/539/362 125/540/446 124/35/35
f 409/541/410 125/540/446 248/542/361
f 281/543/409 282/544/242 121/33/33
f 282/544/242 271/545/241 121/33/33
f 271/545/241 272/31/31 121/33/33
f 127/546/337 275/547/190 287/492/403
f 275/547/190 276/548/344 287/492/403
f 276/548/344 283/549/447 287/492/403
f 283/549/447 284/491/408 287/492/403
f 379/424/370 95/40/40 376/550/448
f 376/550/448 88/42/42 375/551/449
f 375/551/449 88/42/42 166/178/168
f 98/158/149 380/425/371 377/552/450
f 105/244/228 377/552/450 378/553/451
f 105/244/228 378/553/451 167/38/38
f 393/119/111 391/96/93 392/118/110
f 397/296/278 395/245/229 396/351/327
f 392/118/110 390/95/92 389/255/239
f 398/554/452 388/297/279 387/555/453
f 407/396/354 405/109/102 406/350/326
f 403/100/97 401/421/334 402/98/95
f 395/245/229 403/100/97 396/351/327
f 399/105/19 402/349/95 401/359/334
f 407/556/354 399/105/19 408/104/98
f 406/350/326 394/111/104 393/119/111
f 398/554/452 238/439/379 246/246/230
f 121/33/33 409/541/410 281/543/409
f 293/557/454 291/481/404 292/320/301
f 293/557/454 281/487/409 409/488/410
f 340/274/256 80/348/19 51/225/19
f 118/336/314 80/348/19 154/61/61
f 251/342/320 262/16/16 108/18/18
f 239/402/358 243/300/282 240/267/249
f 365/518/426 214/153/144 36/152/143
f 213/166/157 365/518/426 36/152/143
f 189/132/124 415/471/131 188/171/161
f 144/344/322 412/142/133 145/141/132
f 188/558/161 412/142/133 191/136/127
f 414/134/125 9/559/455 87/287/269
f 144/344/322 413/513/421 411/54/54
f 413/513/421 368/514/422 367/528/435
f 195/214/200 420/86/84 194/85/83
f 417/260/243 147/49/49 146/126/118
f 193/37/37 421/515/423 418/282/264
f 419/261/244 146/126/118 90/125/117
f 2/560/82 420/86/84 89/52/52
f 360/525/432 362/516/424 421/515/423
f 196/55/55 413/513/421 367/528/435
f 203/39/39 360/525/432 421/515/423
f 110/561/456 428/295/277 111/294/276
f 425/356/332 153/443/381 152/159/150
f 423/433/378 202/218/204 201/538/445
f 109/161/152 425/356/332 152/159/150
f 10/17/17 428/295/277 108/18/18
f 164/444/382 426/456/390 424/216/202
f 165/432/377 220/156/147 198/280/262
f 124/35/35 436/429/374 103/539/362
f 11/562/457 432/392/353 111/294/276
f 439/25/25 158/217/203 159/355/331
f 437/45/45 201/538/445 202/218/204
f 157/512/420 436/429/374 156/463/395
f 200/155/146 434/278/260 199/277/259
f 82/393/26 432/392/353 81/128/120
f 39/154/145 438/430/375 430/250/234
f 162/431/376 434/278/260 204/81/79
f 38/162/153 433/404/360 430/250/234
f 202/218/204 440/446/384 437/45/45
f 159/355/331 431/563/352 439/25/25
f 103/539/362 436/429/374 163/194/183
f 102/564/364 103/539/362 163/194/183
f 666/565/458 58/2/2 260/566/459
f 527/567/460 13/4/4 12/6/6
f 698/568/461 707/569/462 705/570/463
f 449/571/464 445/572/465 444/573/466
f 703/574/467 300/14/14 720/575/468
f 667/576/469 10/17/17 264/449/387
f 587/577/470 490/578/471 588/579/472
f 26/23/23 444/573/466 20/24/24
f 804/580/473 494/581/474 796/582/475
f 270/29/29 695/583/476 269/30/30
f 673/584/477 533/585/478 524/586/479
f 536/587/480 626/588/481 528/589/482
f 601/590/483 575/591/484 546/592/485
f 507/593/486 548/594/487 551/595/488
f 590/596/489 551/595/488 592/597/490
f 802/598/491 568/599/492 805/600/493
f 618/601/494 555/602/495 556/603/496
f 501/604/497 3/51/51 506/605/498
f 779/606/499 604/607/500 781/608/501
f 580/609/502 443/610/503 577/611/504
f 563/612/505 626/588/481 627/613/506
f 741/614/507 737/615/508 742/616/509
f 604/617/510 371/65/65 752/618/65
f 374/69/69 611/619/511 745/620/512
f 714/621/513 303/71/71 304/73/73
f 508/622/514 487/623/471 639/624/515
f 625/625/516 471/626/471 466/627/517
f 612/628/518 559/629/519 617/630/520
f 615/631/521 556/603/496 568/599/492
f 602/632/522 416/84/82 787/633/523
f 562/634/524 732/635/525 730/636/526
f 444/573/466 443/610/503 442/637/527
f 491/638/528 576/639/529 578/640/530
f 445/572/465 577/611/504 443/610/503
f 447/641/531 443/610/503 446/642/532
f 448/643/533 390/95/92 27/237/221
f 490/578/471 578/640/530 585/644/534
f 771/645/535 589/646/536 588/647/472
f 472/648/471 466/627/517 473/649/471
f 489/650/471 777/651/537 583/652/538
f 20/24/24 442/637/527 6/107/100
f 774/653/539 450/654/540 582/655/541
f 763/656/542 448/643/533 450/654/540
f 488/657/471 583/652/538 634/658/543
f 457/659/544 586/660/545 589/646/536
f 442/637/527 23/117/109 6/107/100
f 451/661/546 761/662/547 762/663/548
f 459/664/549 441/665/550 456/666/551
f 518/667/552 491/638/528 587/577/470
f 557/668/553 502/669/554 505/670/555
f 506/605/498 1/127/119 493/671/556
f 710/672/557 34/129/121 302/131/123
f 410/133/121 597/673/558 782/674/559
f 599/675/560 712/676/561 549/677/562
f 590/596/489 594/678/563 591/679/564
f 553/680/565 783/681/566 780/682/567
f 4/143/134 513/683/568 516/684/569
f 558/685/570 498/686/571 553/680/565
f 15/149/140 691/687/572 534/688/573
f 452/689/574 616/690/575 622/691/576
f 455/692/577 628/693/578 608/694/579
f 545/695/580 591/679/564 594/678/563
f 560/696/581 656/697/582 466/627/517
f 454/698/583 619/699/584 614/700/585
f 453/701/586 613/702/587 616/690/575
f 453/701/586 621/703/588 619/699/584
f 736/704/589 743/705/590 734/706/591
f 597/673/558 712/707/561 596/708/592
f 359/172/162 757/709/593 575/710/162
f 708/711/594 713/712/595 706/713/596
f 548/594/487 500/714/597 574/715/598
f 721/716/599 560/696/581 723/717/600
f 488/657/471 637/718/601 487/623/471
f 593/719/602 700/720/603 595/721/604
f 50/185/174 516/684/569 655/722/605
f 651/723/606 497/724/607 648/725/608
f 298/191/180 705/570/463 307/192/181
f 571/726/609 503/727/610 558/685/570
f 5/145/136 504/728/611 513/683/568
f 719/729/612 35/197/82 602/632/522
f 542/730/613 469/731/614 666/732/615
f 676/733/616 541/734/617 539/735/618
f 630/736/619 477/737/471 478/738/471
f 13/4/4 531/739/620 542/740/621
f 627/613/506 605/741/622 563/612/505
f 602/632/522 717/742/623 719/729/612
f 456/666/551 519/743/624 586/660/545
f 790/744/625 566/745/626 792/746/627
f 538/747/628 14/220/206 16/272/254
f 701/748/629 720/575/468 718/749/630
f 477/737/471 465/750/471 476/751/528
f 640/752/631 56/753/211 470/754/632
f 543/755/633 470/754/632 467/756/634
f 463/757/635 643/758/636 650/759/637
f 468/760/638 632/761/639 633/762/640
f 640/763/641 27/237/221 135/764/642
f 133/238/222 13/4/4 542/740/621
f 569/765/643 505/670/555 494/581/474
f 133/241/225 666/766/644 260/242/226
f 546/592/485 575/591/484 517/767/645
f 652/768/646 764/769/647 641/770/648
f 458/771/649 456/666/551 457/659/544
f 7/249/233 447/641/531 460/772/650
f 795/773/651 608/694/579 798/774/652
f 580/609/502 441/665/550 446/642/532
f 633/775/653 450/654/540 543/776/654
f 7/249/233 459/664/549 32/253/237
f 33/254/238 459/664/549 458/771/649
f 449/571/464 389/255/239 761/662/547
f 460/772/650 446/642/532 441/665/550
f 681/777/655 672/778/656 674/779/657
f 784/780/658 603/781/659 786/782/660
f 535/783/661 12/6/6 14/220/206
f 451/661/546 579/784/662 445/572/465
f 769/785/471 585/644/534 776/786/663
f 669/787/664 666/732/615 646/788/665
f 462/789/666 653/790/667 642/791/668
f 542/740/621 531/739/620 529/792/669
f 534/688/573 16/272/254 15/149/140
f 728/793/670 729/794/671 731/795/672
f 607/796/673 800/797/674 799/798/675
f 723/717/600 466/627/517 724/799/676
f 739/800/677 606/801/678 737/615/508
f 785/802/679 620/803/680 788/804/681
f 706/713/596 305/283/265 306/284/266
f 671/805/682 265/285/267 58/2/2
f 466/627/517 471/626/471 473/649/471
f 469/731/614 461/806/683 463/757/635
f 472/648/471 465/750/471 466/627/517
f 8/196/185 499/807/684 504/728/611
f 470/754/632 46/808/270 464/809/685
f 467/756/634 464/809/685 462/789/666
f 646/788/665 469/731/614 463/757/635
f 465/750/471 472/648/471 476/751/528
f 671/810/686 660/811/687 668/812/688
f 523/813/689 422/293/275 794/814/690
f 33/254/238 766/815/691 388/297/279
f 512/816/692 488/657/471 508/622/514
f 466/627/517 664/817/693 625/625/516
f 463/757/635 649/818/694 646/788/665
f 625/625/516 475/819/471 474/820/528
f 632/821/695 635/822/696 633/775/653
f 482/823/697 473/824/698 471/825/699
f 472/826/700 484/827/701 476/828/702
f 471/825/699 483/829/703 482/823/697
f 479/830/704 474/831/705 475/832/706
f 477/833/707 480/834/708 478/835/709
f 471/626/471 625/625/516 474/820/528
f 680/836/710 693/837/711 694/838/712
f 478/835/709 479/830/704 475/832/706
f 476/828/702 486/839/707 477/840/707
f 481/841/713 472/826/700 473/824/698
f 486/842/714 485/843/714 482/844/714
f 475/819/471 630/736/619 478/738/471
f 795/773/651 614/700/585 803/845/715
f 464/809/685 237/846/308 653/790/667
f 468/760/638 462/789/666 461/806/683
f 630/736/619 475/819/471 625/625/516
f 662/847/716 496/848/717 639/624/515
f 607/796/673 628/693/578 629/849/718
f 731/795/672 733/850/719 728/793/670
f 633/762/640 467/756/634 468/760/638
f 487/623/471 530/851/720 492/852/471
f 690/853/721 526/854/722 534/688/573
f 675/855/723 541/734/617 678/856/724
f 658/857/725 657/858/726 667/576/469
f 617/630/520 552/859/727 623/860/728
f 598/861/729 574/715/598 604/607/500
f 641/770/648 509/862/730 644/863/731
f 639/624/515 492/852/471 662/847/716
f 588/579/472 769/785/471 771/864/535
f 584/865/732 762/663/548 775/866/733
f 765/867/734 589/646/536 772/868/735
f 582/655/541 633/775/653 635/822/696
f 458/771/649 765/867/734 766/815/691
f 546/592/485 510/869/736 545/695/580
f 764/769/647 511/870/737 641/770/648
f 644/863/731 638/871/738 651/723/606
f 567/872/739 793/873/740 791/874/741
f 462/789/666 643/758/636 461/806/683
f 465/750/471 477/737/471 630/736/619
f 542/875/621 636/876/742 632/821/695
f 662/847/716 465/750/471 630/736/619
f 543/776/654 448/643/533 640/763/641
f 770/877/743 489/650/471 512/816/692
f 495/878/744 497/724/607 496/879/717
f 524/880/479 526/881/722 525/882/745
f 539/735/618 541/734/617 540/883/746
f 496/848/717 661/884/747 495/885/744
f 647/886/748 649/887/694 648/725/608
f 658/857/725 660/888/687 659/889/749
f 663/890/750 665/891/751 664/892/693
f 536/893/480 538/747/628 537/894/752
f 677/895/753 686/896/754 679/897/755
f 550/898/756 592/597/490 551/595/488
f 613/702/587 617/630/520 616/690/575
f 527/567/460 536/893/480 528/899/482
f 644/863/731 642/900/668 641/770/648
f 642/900/668 652/768/646 641/770/648
f 130/385/349 689/901/757 691/687/572
f 583/902/538 635/822/696 634/903/543
f 501/604/497 505/904/555 502/905/554
f 796/906/475 523/813/689 522/907/758
f 679/897/755 681/777/655 674/779/657
f 494/908/474 506/605/498 493/671/556
f 553/680/565 559/629/519 558/685/570
f 577/611/504 578/909/530 576/910/529
f 576/910/529 580/609/502 577/611/504
f 584/865/732 776/911/663 585/912/534
f 614/700/585 618/601/494 615/631/521
f 524/913/479 534/688/573 526/854/722
f 386/399/355 755/914/759 758/915/760
f 669/787/664 645/916/761 670/917/762
f 554/918/763 556/603/496 555/602/495
f 798/774/652 612/628/518 613/702/587
f 616/690/575 623/860/728 622/691/576
f 629/849/718 606/801/678 605/741/622
f 516/684/569 654/919/764 655/722/605
f 619/699/584 620/803/680 618/601/494
f 532/920/765 626/588/481 562/634/524
f 131/408/351 695/921/476 689/922/757
f 582/655/541 777/923/537 774/653/539
f 504/728/611 514/924/766 513/683/568
f 650/925/637 644/863/731 651/723/606
f 528/899/482 531/739/620 527/567/460
f 544/926/767 699/927/768 702/928/769
f 699/929/768 704/930/770 702/931/769
f 557/668/553 568/599/492 556/603/496
f 773/932/771 512/933/692 511/870/737
f 785/802/679 600/934/772 784/780/658
f 786/935/660 501/604/497 502/905/554
f 591/679/564 758/936/773 590/596/489
f 530/937/720 531/739/620 532/938/765
f 544/926/767 718/939/630 547/940/774
f 800/797/674 571/726/609 570/941/775
f 803/845/715 615/631/521 802/598/491
f 779/606/499 599/675/560 598/861/729
f 558/685/570 570/941/775 571/726/609
f 790/744/625 573/942/776 789/943/777
f 521/944/778 657/858/726 656/945/582
f 529/946/669 637/947/601 636/876/742
f 525/882/745 540/883/746 541/734/617
f 238/439/379 653/948/667 237/440/308
f 550/898/756 708/949/594 593/719/602
f 545/695/580 547/940/774 546/592/485
f 744/950/779 561/951/780 721/716/599
f 734/706/591 722/952/781 727/953/782
f 805/600/493 569/765/643 804/580/473
f 592/597/490 595/721/604 594/678/563
f 544/926/767 594/678/563 595/721/604
f 625/625/516 631/954/783 630/736/619
f 495/878/744 648/725/608 497/724/607
f 264/449/387 668/955/688 667/576/469
f 659/889/749 663/890/750 658/857/725
f 648/725/608 650/925/637 651/723/606
f 519/743/624 581/956/784 518/957/552
f 579/784/662 585/912/534 578/909/530
f 519/743/624 587/958/470 586/660/545
f 737/615/508 573/942/776 742/616/509
f 735/959/785 740/960/786 738/961/787
f 600/934/772 546/592/485 547/940/774
f 792/746/627 567/872/739 791/874/741
f 793/962/740 520/963/788 521/944/778
f 384/458/391 759/964/789 756/965/790
f 548/594/487 599/675/560 549/677/562
f 661/884/747 630/736/619 631/954/783
f 508/966/514 638/871/738 509/862/730
f 634/903/543 636/876/742 637/947/601
f 627/613/506 564/967/791 565/968/792
f 498/969/571 504/728/611 499/807/684
f 508/966/514 511/870/737 512/933/692
f 514/924/766 516/684/569 513/683/568
f 533/970/478 538/747/628 534/688/573
f 550/898/756 711/971/793 716/972/794
f 549/677/562 551/595/488 548/594/487
f 739/800/677 563/612/505 605/741/622
f 586/660/545 588/647/472 589/646/536
f 573/942/776 744/950/779 742/616/509
f 751/973/795 369/469/398 749/974/796
f 782/674/559 498/969/571 499/807/684
f 709/975/797 716/976/794 711/977/793
f 603/781/659 547/940/774 717/978/623
f 624/979/798 664/817/693 665/980/751
f 656/945/582 663/890/750 664/892/693
f 497/724/607 639/981/515 496/879/717
f 696/982/799 687/983/800 685/984/801
f 658/857/725 668/955/688 660/888/687
f 660/811/687 670/917/762 659/985/749
f 540/986/746 688/987/802 539/988/618
f 692/989/803 50/185/174 655/722/605
f 493/671/556 429/483/406 797/990/804
f 676/733/616 679/897/755 678/856/724
f 675/855/723 672/778/656 673/991/477
f 674/779/657 678/856/724 679/897/755
f 525/882/745 673/991/477 524/880/479
f 686/896/754 685/984/801 687/983/800
f 681/777/655 682/992/805 683/993/806
f 686/896/754 680/836/710 681/777/655
f 655/722/605 778/994/807 694/838/712
f 690/853/721 534/688/573 691/687/572
f 688/987/802 691/687/572 689/901/757
f 693/837/711 695/583/476 692/989/803
f 696/995/799 689/922/757 695/921/476
f 685/996/801 688/997/802 696/995/799
f 699/927/768 595/721/604 700/720/603
f 701/998/629 544/926/767 702/928/769
f 707/999/462 593/719/602 708/949/594
f 711/971/793 549/677/562 712/676/561
f 715/1000/808 550/898/756 716/972/794
f 717/978/623 547/940/774 718/939/630
f 697/1001/809 700/1002/603 698/1003/461
f 702/931/769 703/574/467 701/748/629
f 705/570/463 708/711/594 706/713/596
f 718/749/630 719/729/612 717/742/623
f 714/621/513 715/1004/808 716/976/794
f 710/672/557 711/977/793 712/707/561
f 299/504/413 698/1003/461 298/505/180
f 704/930/770 297/15/15 703/574/467
f 306/284/266 705/570/463 706/713/596
f 720/575/468 301/506/414 719/729/612
f 304/73/73 713/712/595 714/621/513
f 302/131/123 709/975/797 710/672/557
f 296/507/415 697/1001/809 299/504/413
f 725/1005/810 465/750/471 726/1006/811
f 741/614/507 744/950/779 743/705/590
f 726/1006/811 727/953/782 725/1005/810
f 731/795/672 730/636/526 732/635/525
f 722/952/781 723/717/600 724/799/676
f 733/850/719 736/704/589 734/706/591
f 738/961/787 739/800/677 737/615/508
f 743/705/590 721/716/599 722/952/781
f 734/706/591 728/793/670 733/850/719
f 732/635/525 740/960/786 731/795/672
f 724/799/676 727/953/782 722/952/781
f 465/750/471 729/794/671 726/1006/811
f 724/799/676 466/627/517 725/1005/810
f 725/1005/810 466/627/517 465/750/471
f 466/627/517 723/717/600 560/696/581
f 736/704/589 738/961/787 741/614/507
f 565/968/792 629/849/718 627/613/506
f 781/608/501 622/691/576 623/860/728
f 788/804/681 621/703/588 747/1007/812
f 748/1008/813 747/1007/812 750/1009/814
f 753/1010/815 749/1011/816 750/1009/814
f 604/1012/510 356/520/428 357/522/429
f 358/524/431 575/710/162 611/619/511
f 745/1013/817 747/1007/812 746/1014/818
f 748/1008/813 750/1009/814 749/1011/816
f 751/1015/819 753/1010/815 752/1016/820
f 369/469/398 748/1017/821 749/974/796
f 745/620/512 373/531/438 374/69/69
f 752/618/65 372/470/399 751/973/795
f 370/530/437 746/1018/822 748/1017/821
f 754/1019/823 381/401/357 382/537/444
f 756/965/790 383/174/164 384/458/391
f 758/915/760 385/460/393 386/399/355
f 574/1020/824 382/537/444 356/520/428
f 628/693/578 455/692/577 789/943/777
f 789/943/777 455/692/577 609/1021/825
f 515/1022/826 537/1023/752 654/1024/764
f 537/1023/752 778/1025/807 654/1024/764
f 682/1026/805 533/585/478 683/1027/806
f 683/1027/806 533/585/478 672/1028/656
f 672/1028/656 533/585/478 673/584/477
f 539/1029/618 688/997/802 676/1030/616
f 676/1030/616 688/997/802 677/1031/753
f 677/1031/753 688/997/802 684/1032/827
f 684/1032/827 688/997/802 685/996/801
f 507/593/486 758/936/773 755/1033/828
f 500/714/597 755/1033/828 754/1034/829
f 754/1034/829 574/715/598 500/714/597
f 510/869/736 759/1035/830 591/679/564
f 517/767/645 756/1036/831 510/869/736
f 517/767/645 575/591/484 757/1037/832
f 760/1038/833 762/663/548 761/662/547
f 764/769/647 766/815/691 765/867/734
f 390/95/92 761/662/547 389/255/239
f 388/297/279 767/1039/834 387/555/453
f 774/653/539 776/911/663 775/866/733
f 770/1040/743 772/868/735 771/645/535
f 764/769/647 772/868/735 773/932/771
f 771/864/535 768/1041/471 770/877/743
f 776/786/663 768/1041/471 769/785/471
f 763/656/542 775/866/733 762/663/548
f 767/1039/834 238/439/379 387/555/453
f 533/585/478 682/1026/805 778/1025/807
f 692/989/803 694/838/712 693/837/711
f 682/992/805 694/838/712 778/994/807
f 729/794/671 492/852/471 730/636/526
f 530/851/720 562/634/524 492/852/471
f 657/858/726 520/963/788 667/576/469
f 645/916/761 649/818/694 647/1042/748
f 622/691/576 750/1009/814 452/689/574
f 750/1009/814 621/703/588 452/689/574
f 597/673/558 783/1043/566 782/674/559
f 552/859/727 780/682/567 779/606/499
f 780/682/567 596/1044/592 599/675/560
f 9/559/455 782/674/559 499/807/684
f 552/859/727 781/608/501 623/860/728
f 781/608/501 752/1016/820 753/1010/815
f 603/1045/659 787/633/523 786/935/660
f 555/602/495 784/780/658 554/918/763
f 601/590/483 788/804/681 611/1046/835
f 554/918/763 786/782/660 502/669/554
f 787/633/523 2/560/82 501/604/497
f 745/1013/817 788/804/681 747/1007/812
f 604/607/500 752/1016/820 781/608/501
f 611/1046/835 788/804/681 745/1013/817
f 522/907/758 794/814/690 793/962/740
f 561/951/780 791/874/741 560/696/581
f 610/1047/836 789/943/777 609/1021/825
f 791/874/741 521/1048/778 560/696/581
f 794/814/690 10/17/17 520/963/788
f 572/1049/837 792/746/627 561/951/780
f 573/942/776 628/693/578 789/943/777
f 801/1050/838 536/587/480 515/1022/826
f 797/990/804 11/562/457 523/813/689
f 566/745/626 804/580/473 567/872/739
f 609/1021/825 802/598/491 610/1047/836
f 565/968/792 801/1050/838 800/797/674
f 608/694/579 799/798/675 798/774/652
f 494/908/474 797/990/804 796/906/475
f 455/692/577 803/845/715 609/1021/825
f 799/798/675 570/941/775 612/628/518
f 454/698/583 798/774/652 613/702/587
f 610/1047/836 805/600/493 566/745/626
f 567/872/739 796/582/475 522/1051/758
f 515/1022/826 571/726/609 801/1050/838
f 514/1052/766 571/726/609 515/1022/826
f 820/1053/839 825/1054/840 822/1055/839
f 807/1056/841 809/1057/841 808/1058/841
f 821/1059/842 819/1060/843 820/1061/842
f 812/1062/844 810/1063/845 811/1064/845
f 813/1065/846 815/1066/847 814/1067/847
f 815/1066/847 817/1068/848 814/1067/847
f 818/1069/843 816/1070/849 819/1060/843
f 823/1071/850 820/1072/850 822/1073/850
f 833/1074/851 809/1075/852 806/1076/852
f 824/1077/853 821/1078/854 823/1079/854
f 819/1080/840 826/1081/855 825/1054/840
f 826/1081/855 815/1082/856 829/1083/856
f 829/1083/856 812/1084/857 830/1085/858
f 830/1085/858 811/1086/859 833/1074/851
f 808/1087/860 832/1088/861 807/1089/860
f 817/1090/862 824/1077/853 827/1091/863
f 814/1092/642 827/1091/863 828/1093/642
f 813/1094/864 828/1093/642 831/1095/864
f 810/1096/865 831/1095/864 832/1088/861
f 811/1064/845 808/1097/866 809/1098/866
f 836/1099/867 848/1100/868 852/1101/867
f 848/1102/869 838/1103/869 847/1104/869
f 840/1105/870 849/1106/871 854/1107/872
f 844/1108/873 850/1109/874 843/1110/875
f 845/1111/876 850/1109/874 846/1112/877
f 835/1113/878 837/1114/879 836/1115/878
f 839/1116/306 837/1117/306 838/1118/306
f 837/1119/880 834/1120/881 840/1105/870
f 845/1121/882 842/1122/883 843/1123/884
f 842/1122/883 841/1124/885 843/1123/884
f 841/1124/885 840/1125/886 843/1123/884
f 844/1126/887 836/1127/887 852/1128/887
f 851/1129/888 845/1111/876 846/1112/877
f 843/1123/884 834/1130/889 835/1131/890
f 853/1132/891 840/1105/870 854/1107/872
f 837/1133/880 847/1134/892 838/1135/892
f 853/1132/891 854/1107/872 856/1136/893
f 842/1137/888 849/1106/871 841/1138/894
f 855/1139/879 853/1140/878 856/1141/878
f 848/1142/895 853/1143/895 852/1144/895
f 846/1145/896 850/1146/897 851/1147/898
f 851/1147/898 850/1146/897 849/1148/899
f 849/1148/899 850/1146/897 854/1149/900
f 856/1150/901 854/1149/900 850/1146/897
f 855/1151/887 857/1152/887 852/1128/887
f 857/1152/887 844/1126/887 852/1128/887
f 844/1126/887 835/1153/887 836/1127/887
f 261/1/1 260/566/459 58/2/2
f 13/4/4 119/209/195 115/5/5
f 309/7/7 316/190/179 318/8/8
f 29/10/10 21/22/22 22/11/11
f 314/13/13 331/223/209 300/14/14
f 262/16/16 264/449/387 10/17/17
f 78/19/19 79/88/19 179/20/20
f 21/22/22 29/10/10 26/23/23
f 439/25/25 431/563/352 82/26/26
f 294/28/28 291/481/404 270/29/29
f 218/34/34 156/463/395 124/35/35
f 193/37/37 138/243/227 167/38/38
f 95/40/40 143/44/44 140/41/41
f 182/43/43 184/380/346 143/44/44
f 437/45/45 440/446/384 160/46/46
f 210/48/48 148/83/81 147/49/49
f 3/51/51 2/560/82 89/52/52
f 411/54/54 413/513/421 196/55/55
f 172/57/57 169/91/88 19/58/58
f 155/60/60 219/210/196 218/34/34
f 352/62/62 353/509/417 348/63/63
f 371/65/65 357/1154/429 196/66/66
f 203/68/68 358/524/431 374/69/69
f 303/71/71 320/473/401 325/72/72
f 75/74/19 76/112/19 96/75/74
f 151/80/78 162/431/376 204/81/79
f 207/47/47 160/46/46 148/83/81
f 416/84/82 35/197/82 194/85/83
f 154/61/61 341/511/419 343/87/85
f 21/22/22 18/106/99 19/58/58
f 79/88/19 170/97/94 168/89/86
f 22/11/11 19/58/58 169/91/88
f 19/58/58 18/106/99 25/93/90
f 28/94/91 27/237/221 390/95/92
f 78/19/19 177/264/246 170/97/94
f 402/98/95 180/467/21 181/99/96
f 77/103/19 175/113/105 408/104/98
f 18/106/99 21/22/22 20/24/24
f 30/108/101 394/111/104 405/109/102
f 28/94/91 391/96/93 394/111/104
f 76/112/19 226/1155/394 175/113/105
f 41/114/106 181/99/96 178/115/107
f 23/117/109 25/93/90 18/106/99
f 392/118/110 29/10/10 31/12/12
f 43/120/112 40/116/108 17/121/113
f 79/88/19 173/90/87 106/123/115
f 149/124/116 93/239/223 90/125/117
f 1/127/119 3/51/51 94/53/53
f 34/129/121 189/132/124 321/130/122
f 189/132/124 34/129/121 410/133/121
f 323/135/126 188/558/161 191/136/127
f 186/138/129 184/380/346 182/43/43
f 415/140/131 86/146/137 145/141/132
f 4/143/134 104/186/175 101/144/135
f 86/146/137 91/193/182 150/147/138
f 290/148/139 130/385/349 15/149/140
f 208/151/142 37/164/155 36/152/143
f 137/157/148 186/138/129 183/139/130
f 152/159/150 52/78/77 250/160/151
f 38/162/153 206/329/307 211/163/154
f 37/164/155 208/151/142 205/165/156
f 37/164/155 211/163/154 213/166/157
f 354/167/158 352/62/62 347/168/159
f 323/170/126 321/130/122 189/132/124
f 359/172/162 167/523/430 378/173/163
f 324/175/165 326/503/412 319/176/166
f 152/159/150 153/443/381 332/179/169
f 229/181/171 226/1155/394 76/112/19
f 311/182/9 318/495/8 185/183/172
f 50/185/174 249/482/405 104/186/175
f 245/187/176 242/370/340 85/188/177
f 316/190/179 309/7/7 298/191/180
f 91/193/182 102/564/364 163/194/183
f 5/145/136 101/144/135 92/195/184
f 35/197/82 301/506/414 330/198/186
f 132/199/187 261/265/247 55/200/188
f 275/202/190 127/365/337 129/203/191
f 219/210/196 155/60/60 197/211/197
f 194/85/83 330/198/186 328/213/199
f 40/116/108 178/115/107 107/215/201
f 424/216/202 426/456/390 158/217/203
f 126/219/205 16/272/254 14/220/206
f 312/222/208 329/502/372 331/223/209
f 232/226/210 57/230/214 56/227/211
f 134/229/213 53/289/271 57/230/214
f 48/231/215 244/301/283 235/232/216
f 224/201/189 55/200/188 54/234/218
f 232/236/220 135/764/642 27/237/221
f 93/239/223 149/124/116 161/27/27
f 261/240/224 132/1156/224 133/241/225
f 395/245/229 398/554/452 246/246/230
f 42/248/232 41/114/106 40/116/108
f 25/93/90 23/117/109 7/249/233
f 430/250/234 433/404/360 200/155/146
f 172/57/57 24/59/59 17/121/113
f 43/120/112 44/122/114 7/249/233
f 33/254/238 42/248/232 43/120/112
f 389/255/239 26/23/23 29/10/10
f 24/59/59 25/93/90 44/122/114
f 280/256/240 273/484/407 271/257/241
f 195/259/200 192/422/369 417/260/243
f 12/6/6 115/5/5 123/221/207
f 31/12/12 22/11/11 171/92/89
f 400/263/19 407/556/354 177/264/246
f 261/265/247 268/291/273 266/266/248
f 47/268/250 234/1157/348 247/269/251
f 16/272/254 126/219/205 122/150/141
f 339/273/255 342/333/311 340/274/256
f 435/276/258 157/512/420 199/277/259
f 198/280/262 197/211/197 350/281/263
f 418/282/264 421/515/423 212/50/50
f 305/283/265 324/175/165 317/177/167
f 268/3/3 58/2/2 265/285/267
f 45/233/217 54/234/218 55/200/188
f 87/287/269 9/559/455 8/196/185
f 46/288/270 56/227/211 57/230/214
f 53/289/271 47/268/250 49/270/252
f 55/200/188 261/265/247 240/267/249
f 254/290/272 266/266/248 268/291/273
f 422/293/275 11/562/457 111/294/276
f 397/296/278 42/248/232 33/254/238
f 76/112/19 77/103/19 100/298/280
f 52/78/77 217/77/76 258/299/281
f 48/231/215 240/267/249 243/300/282
f 227/304/285 228/357/333 224/305/286
f 61/306/287 69/325/305 70/307/288
f 60/309/290 64/323/304 72/310/291
f 59/308/289 70/307/288 71/312/293
f 62/313/294 71/312/293 67/314/295
f 65/316/297 66/322/303 68/317/298
f 279/319/300 293/557/454 292/320/301
f 66/322/303 63/315/296 67/314/295
f 64/323/304 65/1158/297 74/324/299
f 60/309/290 73/311/292 69/325/305
f 74/328/306 68/1159/306 67/1160/306
f 67/1160/306 71/1161/306 74/328/306
f 71/1161/306 70/1162/306 74/328/306
f 70/1162/306 69/1163/306 74/328/306
f 69/1163/306 73/326/306 74/328/306
f 430/250/234 438/430/375 206/329/307
f 49/270/252 247/269/251 237/330/308
f 47/268/250 53/289/271 54/234/218
f 199/277/259 221/212/198 220/156/147
f 342/333/311 339/273/255 344/334/312
f 53/289/271 134/229/213 225/235/219
f 75/74/19 80/348/19 118/336/314
f 289/337/315 122/150/141 114/338/316
f 129/203/191 113/363/336 274/340/318
f 252/341/319 262/16/16 251/342/320
f 144/344/322 151/80/78 209/82/80
f 190/56/56 196/55/55 166/178/168
f 97/346/324 99/352/328 233/247/231
f 80/348/19 75/74/19 231/76/75
f 400/263/19 78/19/19 180/21/21
f 393/119/111 31/12/12 176/262/245
f 396/351/327 403/100/97 181/99/96
f 225/251/235 30/108/101 174/110/103
f 396/351/327 41/114/106 42/248/232
f 138/243/227 137/157/148 98/158/149
f 395/245/229 233/247/231 99/352/328
f 236/347/325 245/187/176 230/189/178
f 427/354/330 110/1164/456 159/355/331
f 235/232/216 234/1157/348 47/268/250
f 228/357/333 117/435/253 132/358/194
f 51/225/19 80/348/19 256/331/309
f 134/252/236 232/236/220 28/94/91
f 77/103/19 399/105/19 401/359/334
f 255/367/338 256/331/309 84/332/310
f 124/376/35 125/1165/446 126/219/205
f 285/377/343 283/1166/447 276/378/344
f 184/380/346 185/183/172 142/381/347
f 205/165/156 208/151/142 209/82/80
f 124/376/35 123/221/207 115/5/5
f 236/347/325 233/247/231 234/383/348
f 246/246/230 247/438/251 234/383/348
f 130/385/349 290/148/139 288/386/350
f 175/388/105 226/462/394 227/304/285
f 93/389/223 94/53/53 89/52/52
f 431/391/352 110/561/456 111/294/276
f 278/379/345 273/484/407 280/256/240
f 94/53/53 93/389/223 82/393/26
f 145/141/132 150/147/138 151/80/78
f 170/394/94 171/92/89 169/91/88
f 172/57/57 173/452/87 168/395/86
f 407/396/354 406/350/326 176/262/245
f 210/48/48 211/163/154 206/329/307
f 122/150/141 121/465/33 112/398/32
f 386/399/355 379/535/442 376/400/356
f 239/402/358 240/267/249 266/266/248
f 148/83/81 149/124/116 146/126/118
f 433/404/360 205/165/156 204/81/79
f 208/151/142 214/153/144 215/345/323
f 221/212/198 197/211/197 198/280/262
f 104/186/175 249/482/405 248/405/361
f 212/50/50 213/166/157 211/163/154
f 120/407/363 154/61/61 218/34/34
f 131/408/351 288/489/350 294/409/28
f 174/110/103 405/109/102 408/411/98
f 92/195/184 101/144/135 102/412/364
f 236/347/325 235/384/216 244/414/283
f 119/209/195 120/1167/363 116/382/36
f 136/415/365 313/494/411 310/416/366
f 310/417/366 313/501/411 315/418/367
f 160/46/46 161/27/27 149/124/116
f 404/353/329 99/352/328 100/420/280
f 192/422/369 193/37/37 418/282/264
f 419/423/244 90/390/117 89/52/52
f 183/139/130 182/43/43 379/424/370
f 118/426/314 120/1167/363 119/209/195
f 329/427/372 312/493/208 136/415/365
f 435/276/258 162/431/376 163/194/183
f 207/47/47 206/329/307 438/430/375
f 411/54/54 190/56/56 191/136/127
f 150/147/138 163/194/183 162/431/376
f 165/432/377 164/444/382 424/216/202
f 109/434/152 250/475/151 251/342/320
f 117/435/253 228/357/333 229/436/171
f 113/363/336 129/203/191 128/366/317
f 247/438/251 246/246/230 238/439/379
f 319/441/166 326/496/412 142/381/347
f 137/157/148 138/243/227 139/428/373
f 355/442/380 332/179/169 153/443/381
f 345/169/160 338/510/418 333/445/383
f 161/27/27 160/46/46 440/446/384
f 184/380/346 186/138/129 187/184/173
f 136/415/365 187/184/173 186/138/129
f 217/77/76 222/205/193 223/447/385
f 242/370/340 241/369/339 83/360/335
f 264/449/387 262/16/16 263/450/274
f 257/343/321 259/375/342 253/372/341
f 242/370/340 245/187/176 244/414/283
f 173/452/87 172/57/57 107/215/201
f 177/397/246 176/262/245 171/92/89
f 107/215/201 178/115/107 179/454/20
f 348/63/63 353/509/417 165/432/377
f 346/455/389 349/64/64 351/335/313
f 192/422/369 139/428/373 138/243/227
f 159/355/331 158/217/203 426/456/390
f 427/457/330 109/434/152 108/18/18
f 384/458/391 377/534/441 380/459/392
f 191/136/127 190/56/56 140/41/41
f 255/367/338 223/447/385 222/205/193
f 230/189/178 231/476/75 96/461/74
f 226/462/394 229/436/171 228/357/333
f 219/210/196 157/512/420 156/463/395
f 92/195/184 91/413/182 86/464/137
f 96/461/74 100/420/280 99/352/328
f 104/186/175 103/406/362 102/412/364
f 126/219/205 125/1165/446 121/465/33
f 142/381/347 327/497/400 322/466/396
f 143/44/44 142/381/347 141/137/128
f 155/60/60 343/87/85 350/281/263
f 178/115/107 181/99/96 180/467/21
f 165/432/377 353/509/417 355/442/380
f 366/468/397 364/1168/902 369/469/398
f 414/134/125 87/287/269 86/464/137
f 327/472/400 325/72/72 320/473/401
f 195/259/200 328/498/199 139/428/373
f 216/448/386 259/1169/342 258/299/281
f 250/475/151 258/374/281 257/343/321
f 231/476/75 230/189/178 85/188/177
f 295/477/402 284/486/408 286/321/302
f 263/450/274 262/16/16 252/341/319
f 267/403/359 266/266/248 254/290/272
f 287/479/403 289/337/315 128/339/317
f 50/185/174 270/29/29 291/481/404
f 429/483/406 1/127/119 81/128/120
f 275/202/190 277/204/192 278/379/345
f 274/340/318 272/485/31 271/257/241
f 273/484/407 278/379/345 277/204/192
f 272/485/31 274/340/318 113/363/336
f 284/486/408 283/1166/447 285/377/343
f 280/256/240 282/258/242 281/487/409
f 285/377/343 280/256/240 279/319/300
f 249/482/405 293/557/454 409/488/410
f 290/148/139 289/337/315 287/479/403
f 294/28/28 295/477/402 292/320/301
f 288/489/350 287/492/403 295/490/402
f 311/499/9 310/417/366 308/419/368
f 314/13/13 315/418/367 313/501/411
f 319/176/166 318/8/8 316/190/179
f 330/198/186 331/223/209 329/502/372
f 325/72/72 327/472/400 326/503/412
f 321/130/122 323/170/126 322/474/396
f 309/500/7 308/419/368 299/504/413
f 297/15/15 296/507/415 315/418/367
f 306/284/266 317/177/167 316/190/179
f 301/506/414 300/14/14 331/223/209
f 304/73/73 325/72/72 324/175/165
f 302/131/123 321/130/122 320/473/401
f 308/419/368 315/418/367 296/507/415
f 352/62/62 354/167/158 355/442/380
f 338/510/418 339/273/255 337/275/257
f 341/511/419 340/274/256 342/333/311
f 333/445/383 335/279/261 334/180/170
f 347/168/159 346/455/389 344/334/312
f 350/281/263 351/335/313 349/64/64
f 354/167/158 333/445/383 332/179/169
f 339/273/255 338/510/418 345/169/160
f 351/335/313 350/281/263 343/87/85
f 338/510/418 336/508/416 335/279/261
f 347/168/159 352/62/62 349/64/64
f 157/512/420 219/210/196 221/212/198
f 413/513/421 215/345/323 214/153/144
f 213/166/157 212/50/50 421/515/423
f 362/516/424 361/526/433 363/517/425
f 364/519/427 366/527/434 368/514/422
f 356/520/428 166/536/443 196/521/66
f 167/523/430 359/172/162 358/524/431
f 369/469/398 364/1168/902 363/529/436
f 360/70/70 374/69/69 373/531/438
f 372/470/399 371/65/65 367/67/67
f 361/532/439 373/531/438 370/530/437
f 375/533/440 382/537/444 381/401/357
f 377/534/441 384/458/391 383/174/164
f 379/535/442 386/399/355 385/460/393
f 166/536/443 356/520/428 382/537/444
f 103/539/362 248/542/361 125/540/446
f 409/541/410 121/33/33 125/540/446
f 379/424/370 182/43/43 95/40/40
f 376/550/448 95/40/40 88/42/42
f 98/158/149 183/139/130 380/425/371
f 105/244/228 98/158/149 377/552/450
f 393/119/111 394/111/104 391/96/93
f 397/296/278 398/554/452 395/245/229
f 392/118/110 391/96/93 390/95/92
f 398/554/452 397/296/278 388/297/279
f 407/396/354 408/411/98 405/109/102
f 403/100/97 404/353/329 401/421/334
f 395/245/229 404/353/329 403/100/97
f 399/105/19 400/263/19 402/349/95
f 407/556/354 400/263/19 399/105/19
f 406/350/326 405/109/102 394/111/104
f 398/554/452 387/555/453 238/439/379
f 293/557/454 249/482/405 291/481/404
f 293/557/454 279/319/300 281/487/409
f 340/274/256 341/511/419 80/348/19
f 341/511/419 154/61/61 80/348/19
f 154/61/61 120/407/363 118/336/314
f 239/402/358 241/1170/339 243/300/282
f 365/518/426 368/514/422 214/153/144
f 213/166/157 362/516/424 365/518/426
f 189/132/124 414/134/125 415/471/131
f 144/344/322 411/54/54 412/142/133
f 188/558/161 415/140/131 412/142/133
f 414/134/125 410/133/121 9/559/455
f 144/344/322 215/345/323 413/513/421
f 195/214/200 419/423/244 420/86/84
f 417/260/243 418/282/264 147/49/49
f 193/37/37 203/39/39 421/515/423
f 419/261/244 417/260/243 146/126/118
f 2/560/82 416/84/82 420/86/84
f 110/561/456 427/457/330 428/295/277
f 425/356/332 426/456/390 153/443/381
f 423/433/378 424/216/202 202/218/204
f 109/161/152 427/354/330 425/356/332
f 10/17/17 422/293/275 428/295/277
f 164/444/382 153/443/381 426/456/390
f 165/432/377 423/433/378 220/156/147
f 124/35/35 156/463/395 436/429/374
f 11/562/457 429/483/406 432/392/353
f 439/25/25 440/446/384 158/217/203
f 437/45/45 438/430/375 201/538/445
f 157/512/420 435/276/258 436/429/374
f 200/155/146 433/404/360 434/278/260
f 82/393/26 431/391/352 432/392/353
f 39/154/145 201/538/445 438/430/375
f 162/431/376 435/276/258 434/278/260
f 38/162/153 205/165/156 433/404/360
f 202/218/204 158/217/203 440/446/384
f 159/355/331 110/1164/456 431/563/352
f 666/565/458 671/805/682 58/2/2
f 527/567/460 531/739/620 13/4/4
f 698/568/461 700/1171/603 707/569/462
f 449/571/464 451/661/546 445/572/465
f 703/574/467 297/15/15 300/14/14
f 667/576/469 520/963/788 10/17/17
f 587/577/470 491/638/528 490/578/471
f 26/23/23 449/571/464 444/573/466
f 804/580/473 569/765/643 494/581/474
f 270/29/29 692/989/803 695/583/476
f 536/587/480 564/967/791 626/588/481
f 601/590/483 611/1046/835 575/591/484
f 507/593/486 500/714/597 548/594/487
f 590/596/489 507/593/486 551/595/488
f 802/598/491 615/631/521 568/599/492
f 618/601/494 620/803/680 555/602/495
f 501/604/497 2/560/82 3/51/51
f 779/606/499 598/861/729 604/607/500
f 580/609/502 446/642/532 443/610/503
f 563/612/505 562/634/524 626/588/481
f 741/614/507 738/961/787 737/615/508
f 604/617/510 357/1154/429 371/65/65
f 374/69/69 358/524/431 611/619/511
f 714/621/513 709/975/797 303/71/71
f 508/622/514 488/657/471 487/623/471
f 612/628/518 570/941/775 559/629/519
f 615/631/521 618/601/494 556/603/496
f 602/632/522 35/197/82 416/84/82
f 562/634/524 563/612/505 732/635/525
f 444/573/466 445/572/465 443/610/503
f 491/638/528 581/1172/784 576/639/529
f 445/572/465 579/784/662 577/611/504
f 447/641/531 442/637/527 443/610/503
f 448/643/533 760/1038/833 390/95/92
f 490/578/471 491/638/528 578/640/530
f 771/645/535 772/868/735 589/646/536
f 489/650/471 768/1041/471 777/651/537
f 20/24/24 444/573/466 442/637/527
f 774/653/539 763/656/542 450/654/540
f 763/656/542 760/1038/833 448/643/533
f 488/657/471 489/650/471 583/652/538
f 457/659/544 456/666/551 586/660/545
f 442/637/527 447/641/531 23/117/109
f 451/661/546 449/571/464 761/662/547
f 459/664/549 460/772/650 441/665/550
f 518/667/552 581/1172/784 491/638/528
f 557/668/553 554/918/763 502/669/554
f 506/605/498 3/51/51 1/127/119
f 710/672/557 597/673/558 34/129/121
f 410/133/121 34/129/121 597/673/558
f 599/675/560 596/1044/592 712/676/561
f 590/596/489 592/597/490 594/678/563
f 553/680/565 498/686/571 783/681/566
f 4/143/134 5/145/136 513/683/568
f 558/685/570 503/727/610 498/686/571
f 15/149/140 130/385/349 691/687/572
f 452/689/574 453/701/586 616/690/575
f 545/695/580 510/869/736 591/679/564
f 560/696/581 521/1048/778 656/697/582
f 454/698/583 453/701/586 619/699/584
f 453/701/586 454/698/583 613/702/587
f 453/701/586 452/689/574 621/703/588
f 736/704/589 741/614/507 743/705/590
f 597/673/558 710/672/557 712/707/561
f 359/172/162 383/174/164 757/709/593
f 708/711/594 715/1004/808 713/712/595
f 721/716/599 561/951/780 560/696/581
f 488/657/471 634/658/543 637/718/601
f 593/719/602 707/999/462 700/720/603
f 50/185/174 4/143/134 516/684/569
f 651/723/606 638/871/738 497/724/607
f 298/191/180 698/568/461 705/570/463
f 571/726/609 514/1052/766 503/727/610
f 5/145/136 8/196/185 504/728/611
f 719/729/612 301/506/414 35/197/82
f 542/730/613 632/761/639 469/731/614
f 676/733/616 678/856/724 541/734/617
f 627/613/506 629/849/718 605/741/622
f 602/632/522 603/1045/659 717/742/623
f 456/666/551 441/665/550 519/743/624
f 790/744/625 610/1047/836 566/745/626
f 538/747/628 535/783/661 14/220/206
f 701/748/629 703/574/467 720/575/468
f 640/752/631 135/1173/212 56/753/211
f 543/755/633 640/752/631 470/754/632
f 463/757/635 461/806/683 643/758/636
f 468/760/638 469/731/614 632/761/639
f 640/763/641 448/643/533 27/237/221
f 569/765/643 557/668/553 505/670/555
f 133/241/225 542/1174/644 666/766/644
f 652/768/646 767/1039/834 764/769/647
f 458/771/649 459/664/549 456/666/551
f 7/249/233 23/117/109 447/641/531
f 795/773/651 455/692/577 608/694/579
f 580/609/502 519/743/624 441/665/550
f 7/249/233 460/772/650 459/664/549
f 33/254/238 32/253/237 459/664/549
f 449/571/464 26/23/23 389/255/239
f 460/772/650 447/641/531 446/642/532
f 681/777/655 683/993/806 672/778/656
f 784/780/658 600/934/772 603/781/659
f 535/783/661 527/567/460 12/6/6
f 451/661/546 584/865/732 579/784/662
f 769/785/471 490/578/471 585/644/534
f 669/787/664 671/810/686 666/732/615
f 462/789/666 464/809/685 653/790/667
f 534/688/573 538/747/628 16/272/254
f 728/793/670 726/1006/811 729/794/671
f 607/796/673 565/968/792 800/797/674
f 739/800/677 605/741/622 606/801/678
f 785/802/679 555/602/495 620/803/680
f 706/713/596 713/712/595 305/283/265
f 671/805/682 668/1175/903 265/285/267
f 469/731/614 468/760/638 461/806/683
f 8/196/185 9/559/455 499/807/684
f 470/754/632 56/753/211 46/808/270
f 467/756/634 470/754/632 464/809/685
f 646/788/665 666/732/615 469/731/614
f 671/810/686 669/787/664 660/811/687
f 523/813/689 11/562/457 422/293/275
f 33/254/238 458/771/649 766/815/691
f 512/816/692 489/650/471 488/657/471
f 466/627/517 656/697/582 664/817/693
f 463/757/635 650/759/637 649/818/694
f 632/821/695 636/876/742 635/822/696
f 482/823/697 481/841/713 473/824/698
f 472/826/700 485/1176/904 484/827/701
f 471/825/699 474/831/705 483/829/703
f 479/830/704 483/829/703 474/831/705
f 477/833/707 486/1177/707 480/834/708
f 680/836/710 687/983/800 693/837/711
f 478/835/709 480/834/708 479/830/704
f 476/828/702 484/827/701 486/839/707
f 481/841/713 485/1176/904 472/826/700
f 479/1178/714 480/1179/714 486/842/714
f 486/842/714 484/1180/714 485/843/714
f 485/843/714 481/1181/714 482/844/714
f 482/844/714 483/1182/714 479/1178/714
f 479/1178/714 486/842/714 482/844/714
f 795/773/651 454/698/583 614/700/585
f 464/809/685 46/808/270 237/846/308
f 468/760/638 467/756/634 462/789/666
f 607/796/673 608/694/579 628/693/578
f 731/795/672 740/960/786 733/850/719
f 633/762/640 543/755/633 467/756/634
f 487/623/471 637/718/601 530/851/720
f 690/853/721 540/986/746 526/854/722
f 675/855/723 525/882/745 541/734/617
f 658/857/725 663/890/750 657/858/726
f 617/630/520 559/629/519 552/859/727
f 598/861/729 548/594/487 574/715/598
f 641/770/648 511/870/737 509/862/730
f 639/624/515 487/623/471 492/852/471
f 588/579/472 490/578/471 769/785/471
f 584/865/732 451/661/546 762/663/548
f 765/867/734 457/659/544 589/646/536
f 582/655/541 450/654/540 633/775/653
f 458/771/649 457/659/544 765/867/734
f 546/592/485 517/767/645 510/869/736
f 764/769/647 773/932/771 511/870/737
f 644/863/731 509/862/730 638/871/738
f 567/872/739 522/1051/758 793/873/740
f 462/789/666 642/791/668 643/758/636
f 542/875/621 529/946/669 636/876/742
f 662/847/716 492/852/471 465/750/471
f 543/776/654 450/654/540 448/643/533
f 770/877/743 768/1041/471 489/650/471
f 496/848/717 662/847/716 661/884/747
f 536/893/480 535/783/661 538/747/628
f 677/895/753 684/1183/827 686/896/754
f 550/898/756 593/719/602 592/597/490
f 613/702/587 612/628/518 617/630/520
f 527/567/460 535/783/661 536/893/480
f 644/863/731 643/1184/636 642/900/668
f 642/900/668 653/948/667 652/768/646
f 130/385/349 131/387/351 689/901/757
f 583/902/538 582/655/541 635/822/696
f 501/604/497 506/605/498 505/904/555
f 796/906/475 797/990/804 523/813/689
f 679/897/755 686/896/754 681/777/655
f 494/908/474 505/904/555 506/605/498
f 553/680/565 552/859/727 559/629/519
f 577/611/504 579/784/662 578/909/530
f 576/910/529 581/956/784 580/609/502
f 584/865/732 775/866/733 776/911/663
f 614/700/585 619/699/584 618/601/494
f 524/913/479 533/970/478 534/688/573
f 386/399/355 381/401/357 755/914/759
f 669/787/664 646/788/665 645/916/761
f 554/918/763 557/668/553 556/603/496
f 798/774/652 799/798/675 612/628/518
f 616/690/575 617/630/520 623/860/728
f 629/849/718 628/693/578 606/801/678
f 516/684/569 515/1185/826 654/919/764
f 619/699/584 621/703/588 620/803/680
f 532/920/765 528/589/482 626/588/481
f 131/408/351 269/410/30 695/921/476
f 582/655/541 583/902/538 777/923/537
f 504/728/611 503/1186/610 514/924/766
f 650/925/637 643/1184/636 644/863/731
f 528/899/482 532/938/765 531/739/620
f 544/926/767 595/721/604 699/927/768
f 699/929/768 697/1001/809 704/930/770
f 557/668/553 569/765/643 568/599/492
f 773/932/771 770/1040/743 512/933/692
f 785/802/679 601/590/483 600/934/772
f 786/935/660 787/633/523 501/604/497
f 591/679/564 759/1035/830 758/936/773
f 530/937/720 529/792/669 531/739/620
f 544/926/767 701/998/629 718/939/630
f 800/797/674 801/1050/838 571/726/609
f 803/845/715 614/700/585 615/631/521
f 779/606/499 780/682/567 599/675/560
f 558/685/570 559/629/519 570/941/775
f 790/744/625 572/1049/837 573/942/776
f 521/944/778 520/963/788 657/858/726
f 529/946/669 530/1187/720 637/947/601
f 525/882/745 526/881/722 540/883/746
f 238/439/379 652/768/646 653/948/667
f 550/898/756 715/1000/808 708/949/594
f 545/695/580 544/926/767 547/940/774
f 744/950/779 572/1049/837 561/951/780
f 734/706/591 743/705/590 722/952/781
f 805/600/493 568/599/492 569/765/643
f 592/597/490 593/719/602 595/721/604
f 544/926/767 545/695/580 594/678/563
f 625/625/516 624/979/798 631/954/783
f 495/878/744 647/886/748 648/725/608
f 264/449/387 265/451/388 668/955/688
f 659/889/749 665/891/751 663/890/750
f 648/725/608 649/887/694 650/925/637
f 519/743/624 580/609/502 581/956/784
f 579/784/662 584/865/732 585/912/534
f 519/743/624 518/957/552 587/958/470
f 737/615/508 606/801/678 573/942/776
f 735/959/785 733/850/719 740/960/786
f 600/934/772 601/590/483 546/592/485
f 792/746/627 566/745/626 567/872/739
f 793/962/740 794/814/690 520/963/788
f 384/458/391 385/460/393 759/964/789
f 548/594/487 598/861/729 599/675/560
f 661/884/747 662/847/716 630/736/619
f 508/966/514 639/981/515 638/871/738
f 634/903/543 635/822/696 636/876/742
f 627/613/506 626/588/481 564/967/791
f 498/969/571 503/1186/610 504/728/611
f 508/966/514 509/862/730 511/870/737
f 514/924/766 515/1185/826 516/684/569
f 533/970/478 537/894/752 538/747/628
f 550/898/756 549/677/562 711/971/793
f 549/677/562 550/898/756 551/595/488
f 739/800/677 732/635/525 563/612/505
f 586/660/545 587/958/470 588/647/472
f 573/942/776 572/1049/837 744/950/779
f 751/973/795 372/470/399 369/469/398
f 782/674/559 783/1043/566 498/969/571
f 709/975/797 714/621/513 716/976/794
f 603/781/659 600/934/772 547/940/774
f 624/979/798 625/625/516 664/817/693
f 656/945/582 657/858/726 663/890/750
f 497/724/607 638/871/738 639/981/515
f 696/982/799 693/837/711 687/983/800
f 658/857/725 667/576/469 668/955/688
f 660/811/687 669/787/664 670/917/762
f 540/986/746 690/853/721 688/987/802
f 692/989/803 270/29/29 50/185/174
f 493/671/556 1/127/119 429/483/406
f 676/733/616 677/895/753 679/897/755
f 675/855/723 674/779/657 672/778/656
f 674/779/657 675/855/723 678/856/724
f 525/882/745 675/855/723 673/991/477
f 686/896/754 684/1183/827 685/984/801
f 681/777/655 680/836/710 682/992/805
f 686/896/754 687/983/800 680/836/710
f 655/722/605 654/919/764 778/994/807
f 688/987/802 690/853/721 691/687/572
f 693/837/711 696/982/799 695/583/476
f 696/995/799 688/997/802 689/922/757
f 697/1001/809 699/929/768 700/1002/603
f 702/931/769 704/930/770 703/574/467
f 705/570/463 707/569/462 708/711/594
f 718/749/630 720/575/468 719/729/612
f 714/621/513 713/712/595 715/1004/808
f 710/672/557 709/975/797 711/977/793
f 299/504/413 697/1001/809 698/1003/461
f 704/930/770 296/507/415 297/15/15
f 306/284/266 307/192/181 705/570/463
f 720/575/468 300/14/14 301/506/414
f 304/73/73 305/283/265 713/712/595
f 302/131/123 303/71/71 709/975/797
f 296/507/415 704/930/770 697/1001/809
f 741/614/507 742/616/509 744/950/779
f 726/1006/811 728/793/670 727/953/782
f 731/795/672 729/794/671 730/636/526
f 722/952/781 721/716/599 723/717/600
f 733/850/719 735/959/785 736/704/589
f 738/961/787 740/960/786 739/800/677
f 743/705/590 744/950/779 721/716/599
f 734/706/591 727/953/782 728/793/670
f 732/635/525 739/800/677 740/960/786
f 724/799/676 725/1005/810 727/953/782
f 736/704/589 735/959/785 738/961/787
f 565/968/792 607/796/673 629/849/718
f 781/608/501 753/1010/815 622/691/576
f 788/804/681 620/803/680 621/703/588
f 748/1008/813 746/1014/818 747/1007/812
f 753/1010/815 751/1015/819 749/1011/816
f 604/1012/510 574/1020/824 356/520/428
f 358/524/431 359/172/162 575/710/162
f 369/469/398 370/530/437 748/1017/821
f 745/620/512 746/1018/822 373/531/438
f 752/618/65 371/65/65 372/470/399
f 370/530/437 373/531/438 746/1018/822
f 754/1019/823 755/914/759 381/401/357
f 756/965/790 757/709/593 383/174/164
f 758/915/760 759/964/789 385/460/393
f 574/1020/824 754/1019/823 382/537/444
f 515/1022/826 536/587/480 537/1023/752
f 537/1023/752 533/585/478 778/1025/807
f 507/593/486 590/596/489 758/936/773
f 500/714/597 507/593/486 755/1033/828
f 510/869/736 756/1036/831 759/1035/830
f 517/767/645 757/1037/832 756/1036/831
f 760/1038/833 763/656/542 762/663/548
f 764/769/647 767/1039/834 766/815/691
f 390/95/92 760/1038/833 761/662/547
f 388/297/279 766/815/691 767/1039/834
f 774/653/539 777/923/537 776/911/663
f 770/1040/743 773/932/771 772/868/735
f 764/769/647 765/867/734 772/868/735
f 771/864/535 769/785/471 768/1041/471
f 776/786/663 777/651/537 768/1041/471
f 763/656/542 774/653/539 775/866/733
f 767/1039/834 652/768/646 238/439/379
f 692/989/803 655/722/605 694/838/712
f 682/992/805 680/836/710 694/838/712
f 729/794/671 465/750/471 492/852/471
f 532/920/765 562/634/524 530/851/720
f 562/634/524 730/636/526 492/852/471
f 645/916/761 646/788/665 649/818/694
f 622/691/576 753/1010/815 750/1009/814
f 750/1009/814 747/1007/812 621/703/588
f 597/673/558 596/708/592 783/1043/566
f 552/859/727 553/680/565 780/682/567
f 780/682/567 783/681/566 596/1044/592
f 9/559/455 410/133/121 782/674/559
f 552/859/727 779/606/499 781/608/501
f 603/1045/659 602/632/522 787/633/523
f 555/602/495 785/802/679 784/780/658
f 601/590/483 785/802/679 788/804/681
f 554/918/763 784/780/658 786/782/660
f 787/633/523 416/84/82 2/560/82
f 522/907/758 523/813/689 794/814/690
f 561/951/780 792/746/627 791/874/741
f 610/1047/836 790/744/625 789/943/777
f 791/874/741 793/873/740 521/1048/778
f 794/814/690 422/293/275 10/17/17
f 572/1049/837 790/744/625 792/746/627
f 573/942/776 606/801/678 628/693/578
f 801/1050/838 564/967/791 536/587/480
f 797/990/804 429/483/406 11/562/457
f 566/745/626 805/600/493 804/580/473
f 609/1021/825 803/845/715 802/598/491
f 565/968/792 564/967/791 801/1050/838
f 608/694/579 607/796/673 799/798/675
f 494/908/474 493/671/556 797/990/804
f 455/692/577 795/773/651 803/845/715
f 799/798/675 800/797/674 570/941/775
f 454/698/583 795/773/651 798/774/652
f 610/1047/836 802/598/491 805/600/493
f 567/872/739 804/580/473 796/582/475
f 820/1053/839 819/1080/840 825/1054/840
f 807/1056/841 806/1188/841 809/1057/841
f 821/1059/842 818/1069/843 819/1060/843
f 812/1062/844 813/1065/846 810/1063/845
f 813/1065/846 812/1062/844 815/1066/847
f 815/1066/847 816/1070/849 817/1068/848
f 818/1069/843 817/1068/848 816/1070/849
f 823/1071/850 821/1189/850 820/1072/850
f 833/1074/851 811/1086/859 809/1075/852
f 824/1077/853 818/1190/905 821/1078/854
f 819/1080/840 816/1191/855 826/1081/855
f 826/1081/855 816/1191/855 815/1082/856
f 829/1083/856 815/1082/856 812/1084/857
f 830/1085/858 812/1084/857 811/1086/859
f 808/1087/860 810/1096/865 832/1088/861
f 817/1090/862 818/1190/905 824/1077/853
f 814/1092/642 817/1090/862 827/1091/863
f 813/1094/864 814/1092/642 828/1093/642
f 810/1096/865 813/1094/864 831/1095/864
f 811/1064/845 810/1063/845 808/1097/866
f 836/1099/867 839/1192/868 848/1100/868
f 848/1102/869 839/1193/869 838/1103/869
f 840/1105/870 841/1138/894 849/1106/871
f 844/1108/873 857/1194/906 850/1109/874
f 845/1111/876 843/1110/875 850/1109/874
f 835/1113/878 834/1195/879 837/1114/879
f 839/1116/306 836/1196/306 837/1117/306
f 851/1129/888 842/1137/888 845/1111/876
f 835/1131/890 844/1197/885 843/1123/884
f 843/1123/884 840/1125/886 834/1130/889
f 853/1132/891 837/1119/880 840/1105/870
f 837/1133/880 853/1198/891 847/1134/892
f 842/1137/888 851/1129/888 849/1106/871
f 855/1139/879 852/1199/879 853/1140/878
f 848/1142/895 847/1200/895 853/1143/895
f 850/1146/897 857/1201/907 855/1202/897
f 855/1202/897 856/1150/901 850/1146/897
o PipeWrench_02
v 0.009306 -0.026610 0.033105
v 0.009306 -0.018353 0.019433
v 0.000000 -0.032897 0.022216
v 0.000000 -0.033870 0.025846
v 0.000000 -0.032897 0.029476
v 0.000000 0.061166 -0.008602
v 0.000000 0.060820 0.015116
v 0.002683 0.061166 -0.008602
v 0.002683 0.060820 0.015116
v 0.006098 0.058072 -0.008687
v 0.004576 0.059005 0.015065
v 0.005258 0.056526 0.013536
v 0.005258 0.051776 0.012087
v 0.005258 0.045870 0.010581
v 0.005258 0.039313 0.008054
v 0.005258 0.035426 0.006495
v 0.006098 0.035656 -0.008645
v 0.004618 0.033431 0.005130
v 0.002683 0.032447 0.004780
v 0.002683 0.032447 -0.008602
v 0.006098 0.038905 -0.008820
v 0.006098 0.039584 -0.002563
v 0.006098 0.042105 0.000084
v 0.006098 0.046753 0.001381
v 0.006098 0.051395 0.000086
v 0.006098 0.053819 -0.002475
v 0.006098 0.056797 -0.000895
v 0.006098 0.053135 0.002973
v 0.006098 0.046753 0.004754
v 0.006098 0.040369 0.002972
v 0.006098 0.036473 -0.001119
v 0.005320 0.029413 0.020404
v 0.005140 0.030471 0.023035
v 0.004170 0.027649 0.018813
v 0.009306 0.026701 0.017866
v 0.009306 0.029077 0.019884
v 0.009306 0.030353 0.022703
v 0.009306 0.030784 0.025846
v 0.009306 0.029690 0.029022
v 0.005258 0.030784 0.025846
v 0.005258 0.029690 0.029022
v 0.005258 0.026701 0.032011
v 0.009306 0.026701 0.032011
v 0.005258 0.022618 0.033105
v 0.009306 0.022618 0.033105
v 0.009306 0.017049 0.033105
v 0.009306 0.011894 0.019792
v 0.009306 0.013728 0.018587
v 0.000000 0.017200 0.017217
v 0.000000 0.022618 0.016772
v 0.009306 0.017200 0.017217
v 0.009306 0.022618 0.016772
v 0.002683 0.027063 0.018227
v 0.009306 -0.016828 0.033105
v 0.005258 0.017049 0.033105
v 0.005258 -0.016732 0.033105
v 0.005258 -0.026610 0.033105
v 0.005258 -0.015655 0.036169
v 0.005258 -0.017086 0.037769
v 0.004573 -0.016879 0.039295
v 0.005258 0.017049 0.045964
v 0.005258 0.017049 0.040975
v 0.005258 0.027669 0.040959
v 0.005258 0.026573 0.046767
v 0.005258 0.031865 0.039742
v 0.005258 0.035626 0.037222
v 0.005258 0.034378 0.045772
v 0.005258 0.041230 0.043087
v 0.004612 0.043220 0.046429
v 0.004600 0.035368 0.049144
v 0.002683 0.043592 0.047197
v 0.002683 0.035606 0.049940
v 0.000000 0.026668 0.050993
v 0.000000 0.015449 0.050485
v 0.002683 0.026668 0.050993
v 0.002683 0.015449 0.050485
v 0.004587 0.026564 0.050169
v 0.004587 0.015524 0.049658
v 0.002683 -0.017257 0.040020
v 0.000000 -0.030240 0.032133
v 0.002683 -0.030240 0.032133
v 0.005365 -0.030240 0.032133
v 0.009306 -0.030240 0.032133
v 0.009306 -0.032897 0.029476
v 0.009306 -0.033870 0.025846
v 0.009306 -0.032897 0.022216
v 0.006098 0.054614 -0.175825
v 0.006098 0.054636 -0.169306
v 0.006098 0.057884 -0.169306
v 0.006098 0.051033 -0.181512
v 0.006098 0.046753 -0.182706
v 0.006098 0.042473 -0.181512
v 0.006098 0.039482 -0.178396
v 0.006098 0.038925 -0.175844
v 0.006098 0.038952 -0.169306
v 0.006098 0.035704 -0.169306
v 0.006098 0.035676 -0.176017
v 0.006098 0.036370 -0.179845
v 0.006098 0.040745 -0.184402
v 0.006098 0.046753 -0.186079
v 0.006098 0.052761 -0.184402
v 0.006098 0.057138 -0.179844
v 0.006098 0.057862 -0.176013
v 0.002683 0.061166 -0.176060
v 0.002683 0.059024 -0.182968
v 0.002683 0.061166 -0.169306
v 0.000000 0.032423 -0.169306
v 0.002683 0.032423 -0.169306
v 0.002683 0.032447 -0.176060
v 0.002683 0.034911 -0.183539
v 0.000000 0.039664 -0.188409
v 0.000000 0.046961 -0.190539
v 0.002683 0.039664 -0.188409
v 0.002683 0.046961 -0.190539
v 0.002683 0.053955 -0.188558
v 0.000000 0.032447 -0.008602
v 0.000000 0.032447 0.004780
v 0.000000 0.011894 0.019792
v 0.000000 0.013728 0.018587
v 0.000000 0.026701 0.017866
v 0.000000 0.027063 0.018227
v 0.000000 0.035606 0.049940
v 0.000000 0.043592 0.047197
v 0.000000 -0.017257 0.040020
v 0.000000 0.061166 -0.176060
v 0.000000 0.061166 -0.169306
v 0.000000 0.034911 -0.183539
v 0.000000 0.032447 -0.176060
v 0.000000 0.053955 -0.188558
v 0.000000 0.059024 -0.182968
v 0.006098 0.054821 -0.009035
v 0.006098 0.054031 -0.178389
v 0.000000 -0.028699 0.019568
v 0.000000 -0.031330 0.020649
v 0.009306 -0.031330 0.020649
v 0.009306 -0.028702 0.019467
v 0.009306 0.013111 0.033105
v 0.009306 0.001107 0.033105
v 0.005258 0.012978 0.033105
v 0.005258 0.000978 0.033105
v 0.005258 -0.006323 0.042076
v 0.005258 0.009757 0.044945
v 0.004588 0.005744 0.047939
v 0.004583 -0.006108 0.044220
v 0.005258 -0.006220 0.038808
v 0.005258 0.009934 0.040329
v 0.002683 0.005478 0.048730
v 0.002683 -0.006332 0.045023
v 0.000000 -0.006321 0.045027
v 0.000000 0.005475 0.048730
v 0.005258 0.042203 0.031993
v 0.005258 0.039511 0.030686
v 0.005258 0.046521 0.039628
v 0.005258 0.050958 0.034142
v 0.004607 0.053507 0.036956
v 0.004609 0.049087 0.042447
v 0.002683 0.049736 0.042995
v 0.002683 0.054150 0.037512
v 0.000000 0.049737 0.042994
v 0.000000 0.054149 0.037513
v 0.000000 0.031390 0.011516
v 0.000000 0.028933 0.016357
v 0.002683 0.031391 0.011514
v 0.002683 0.028931 0.016359
v 0.004432 0.032240 0.011980
v 0.004263 0.029702 0.016801
v 0.005258 0.034181 0.013030
v 0.005286 0.031723 0.017911
v 0.005258 0.036929 0.014281
v 0.005218 0.034072 0.018978
v 0.005258 0.039069 0.021741
v 0.005258 0.043062 0.017687
v 0.005258 0.048911 0.021552
v 0.005258 0.046564 0.026668
v 0.005258 0.055711 0.022643
v 0.005258 0.053591 0.029420
v 0.004600 0.058701 0.024427
v 0.004607 0.056711 0.031251
v 0.000000 0.057519 0.031514
v 0.000000 0.059703 0.024741
v 0.002683 0.057519 0.031515
v 0.002683 0.059704 0.024736
v 0.000000 -0.017617 0.019629
v -0.009305 -0.026610 0.033105
v -0.009305 -0.018353 0.019433
v -0.002682 0.061166 -0.008602
v -0.002682 0.060820 0.015116
v -0.006097 0.058072 -0.008687
v -0.004575 0.059005 0.015065
v -0.005258 0.056526 0.013536
v -0.005258 0.051776 0.012087
v -0.005258 0.045870 0.010581
v -0.005258 0.039313 0.008054
v -0.005258 0.035426 0.006495
v -0.006097 0.035656 -0.008645
v -0.004617 0.033431 0.005130
v -0.002682 0.032447 0.004780
v -0.002682 0.032447 -0.008602
v -0.006097 0.038905 -0.008820
v -0.006097 0.039584 -0.002563
v -0.006097 0.042105 0.000084
v -0.006097 0.046753 0.001381
v -0.006097 0.051395 0.000086
v -0.006097 0.053819 -0.002475
v -0.006097 0.056797 -0.000895
v -0.006097 0.053135 0.002973
v -0.006097 0.046753 0.004754
v -0.006097 0.040369 0.002972
v -0.006097 0.036473 -0.001119
v -0.005319 0.029413 0.020404
v -0.005140 0.030471 0.023035
v -0.004169 0.027649 0.018813
v -0.009305 0.026701 0.017866
v -0.009305 0.029077 0.019884
v -0.009305 0.030353 0.022703
v -0.009305 0.030784 0.025846
v -0.009305 0.029690 0.029022
v -0.005258 0.030784 0.025846
v -0.005258 0.029690 0.029022
v -0.005258 0.026701 0.032011
v -0.009305 0.026701 0.032011
v -0.005258 0.022618 0.033105
v -0.009305 0.022618 0.033105
v -0.009305 0.017049 0.033105
v -0.009305 0.011894 0.019792
v -0.009305 0.013728 0.018587
v -0.009305 0.017200 0.017217
v -0.009305 0.022618 0.016772
v -0.002682 0.027063 0.018227
v -0.009305 -0.016828 0.033105
v -0.005258 0.017049 0.033105
v -0.005258 -0.016732 0.033105
v -0.005258 -0.026610 0.033105
v -0.005258 -0.015655 0.036169
v -0.005258 -0.017086 0.037769
v -0.004573 -0.016879 0.039295
v -0.005258 0.017049 0.045964
v -0.005258 0.017049 0.040975
v -0.005258 0.027669 0.040959
v -0.005258 0.026573 0.046767
v -0.005258 0.031865 0.039742
v -0.005258 0.035626 0.037222
v -0.005258 0.034378 0.045772
v -0.005258 0.041230 0.043087
v -0.004612 0.043220 0.046429
v -0.004599 0.035368 0.049144
v -0.002682 0.043592 0.047197
v -0.002682 0.035606 0.049940
v -0.002682 0.026668 0.050993
v -0.002682 0.015449 0.050485
v -0.004586 0.026564 0.050169
v -0.004587 0.015524 0.049658
v -0.002682 -0.017257 0.040020
v -0.002682 -0.030240 0.032133
v -0.005364 -0.030240 0.032133
v -0.009305 -0.030240 0.032133
v -0.009305 -0.032897 0.029476
v -0.009305 -0.033870 0.025846
v -0.009305 -0.032897 0.022216
v -0.006097 0.054614 -0.175825
v -0.006097 0.054636 -0.169306
v -0.006097 0.057884 -0.169306
v -0.006097 0.051033 -0.181512
v -0.006097 0.046753 -0.182706
v -0.006097 0.042473 -0.181512
v -0.006097 0.039482 -0.178396
v -0.006097 0.038925 -0.175844
v -0.006097 0.038952 -0.169306
v -0.006097 0.035704 -0.169306
v -0.006097 0.035676 -0.176017
v -0.006097 0.036370 -0.179845
v -0.006097 0.040745 -0.184402
v -0.006097 0.046753 -0.186079
v -0.006097 0.052761 -0.184402
v -0.006097 0.057138 -0.179844
v -0.006097 0.057862 -0.176013
v -0.002682 0.061166 -0.176060
v -0.002682 0.059024 -0.182968
v -0.002682 0.061166 -0.169306
v -0.002682 0.032423 -0.169306
v -0.002682 0.032447 -0.176060
v -0.002682 0.034911 -0.183539
v -0.002682 0.039664 -0.188409
v -0.002682 0.046961 -0.190539
v -0.002682 0.053955 -0.188558
v -0.006097 0.054821 -0.009035
v -0.006097 0.054031 -0.178389
v -0.009305 -0.031330 0.020649
v -0.009305 -0.028702 0.019467
v -0.009305 0.013111 0.033105
v -0.009305 0.001107 0.033105
v -0.005258 0.012978 0.033105
v -0.005258 0.000978 0.033105
v -0.005258 -0.006323 0.042076
v -0.005258 0.009757 0.044945
v -0.004587 0.005744 0.047939
v -0.004583 -0.006108 0.044220
v -0.005258 -0.006220 0.038808
v -0.005258 0.009934 0.040329
v -0.002682 0.005478 0.048730
v -0.002682 -0.006332 0.045023
v -0.005258 0.042203 0.031993
v -0.005258 0.039511 0.030686
v -0.005258 0.046521 0.039628
v -0.005258 0.050958 0.034142
v -0.004606 0.053507 0.036956
v -0.004608 0.049087 0.042447
v -0.002682 0.049736 0.042995
v -0.002682 0.054150 0.037512
v -0.002682 0.031391 0.011514
v -0.002682 0.028931 0.016359
v -0.004432 0.032240 0.011980
v -0.004263 0.029702 0.016801
v -0.005258 0.034181 0.013030
v -0.005286 0.031723 0.017911
v -0.005258 0.036929 0.014281
v -0.005218 0.034072 0.018978
v -0.005258 0.039069 0.021741
v -0.005258 0.043062 0.017687
v -0.005258 0.048911 0.021552
v -0.005258 0.046564 0.026668
v -0.005258 0.055711 0.022643
v -0.005258 0.053591 0.029420
v -0.004600 0.058701 0.024427
v -0.004606 0.056711 0.031251
v -0.002682 0.057519 0.031515
v -0.002682 0.059704 0.024736
vn 0.8100 0.5857 0.0293
vn 0.4583 0.8888 0.0014
vn 0.3876 0.9212 0.0343
vn 0.9832 -0.1777 0.0407
vn 0.9953 -0.0421 0.0876
vn 0.9976 -0.0301 0.0625
vn 0.4634 -0.8862 -0.0012
vn 0.7556 -0.6543 -0.0315
vn 0.3241 -0.9443 -0.0573
vn -0.0000 -0.9986 -0.0524
vn -0.0000 -1.0000 0.0001
vn 0.4637 0.8860 -0.0003
vn 0.8800 0.4750 0.0022
vn 0.8833 0.4688 -0.0009
vn 0.4699 -0.8827 -0.0000
vn -0.0000 -1.0000 -0.0000
vn 0.8850 -0.4657 -0.0000
vn 1.0000 -0.0000 -0.0000
vn 0.8829 -0.4695 -0.0003
vn 0.9911 -0.1238 0.0495
vn 0.4383 0.8905 -0.1220
vn 0.8582 0.4423 -0.2607
vn 0.4574 0.7681 -0.4481
vn -0.0000 1.0000 -0.0000
vn 0.9948 0.0906 0.0455
vn 0.9940 0.1035 0.0354
vn 0.9976 0.0089 0.0681
vn 0.9991 0.0055 0.0420
vn 0.9961 -0.0140 0.0876
vn 0.9984 -0.0089 0.0558
vn 0.2124 -0.9360 -0.2807
vn 0.7752 -0.6056 -0.1795
vn 0.7810 -0.4496 -0.4334
vn 0.2086 -0.8230 -0.5284
vn 0.7810 -0.5267 -0.3355
vn 0.9880 -0.1150 -0.1034
vn 0.9864 -0.1405 -0.0855
vn 1.0000 -0.0000 0.0012
vn 1.0000 -0.0009 0.0003
vn 1.0000 -0.0007 0.0021
vn 1.0000 -0.0018 0.0009
vn 0.9898 -0.0551 0.1312
vn 0.0098 0.9656 -0.2597
vn 0.0045 0.9934 0.1146
vn 0.0098 0.9656 -0.2598
vn -0.0097 0.8047 -0.5936
vn -0.0000 0.5000 0.8660
vn -0.0000 0.8337 0.5522
vn -0.0000 0.1126 0.9936
vn -0.0000 -0.0000 1.0000
vn -0.0000 -0.4367 -0.8996
vn -0.0000 -0.0298 -0.9996
vn -0.0000 -0.2001 -0.9798
vn -0.0000 -0.2000 -0.9798
vn -0.0000 0.0681 -0.9977
vn -0.0063 0.4064 -0.9137
vn -0.0000 -0.5893 0.8079
vn -0.0000 -0.0714 0.9974
vn -0.0222 0.6703 -0.7418
vn -0.0000 0.7071 -0.7071
vn -0.0000 0.2939 -0.9558
vn 0.5688 -0.3696 0.7347
vn 0.9941 -0.0404 0.1007
vn 0.9960 -0.0180 0.0871
vn 0.8537 -0.0554 0.5178
vn 0.8486 -0.1232 0.5145
vn 0.9934 -0.0351 0.1093
vn 0.1766 -0.1046 0.9787
vn 0.9969 0.0013 0.0792
vn 0.9968 -0.0085 0.0794
vn 0.9970 0.0176 0.0759
vn 0.8583 0.5060 0.0850
vn 0.2560 0.9499 0.1795
vn 0.9982 0.0262 0.0532
vn -0.0000 -0.4746 0.8802
vn 0.0819 -0.5050 0.8592
vn 0.1219 -0.4650 0.8769
vn 0.9975 0.0700 0.0110
vn 1.0000 -0.0025 -0.0021
vn 1.0000 -0.0032 -0.0017
vn 0.9981 0.0419 0.0454
vn 0.9977 0.0556 0.0382
vn 0.8643 0.2216 0.4515
vn 0.8582 0.4730 0.1994
vn 0.8635 0.4169 0.2839
vn 0.1784 0.4336 0.8833
vn 0.8716 0.3319 0.3608
vn 0.1802 0.6652 0.7246
vn 0.8545 0.1146 0.5066
vn 0.1781 0.2154 0.9601
vn -0.0000 0.9990 0.0438
vn -0.0000 0.9803 0.1973
vn -0.0000 0.4411 0.8974
vn -0.0000 0.2189 0.9758
vn 0.1791 0.8141 0.5524
vn -0.0000 0.9170 0.3988
vn -0.0000 0.8278 0.5610
vn 0.1900 0.9017 0.3883
vn -0.0000 0.6760 0.7369
vn -0.0000 0.0271 0.9996
vn 0.1765 0.0264 0.9839
vn 0.8515 0.0127 0.5242
vn 0.7864 -0.2121 0.5802
vn 0.1778 -0.3519 0.9190
vn -0.0000 -0.1062 0.9943
vn 0.1784 -0.2394 0.9544
vn -0.0000 -0.8660 0.5000
vn -0.0000 -0.7071 0.7071
vn -0.0000 -0.8984 -0.4391
vn -0.0096 -0.0298 -0.9995
vn -0.0000 0.0067 -1.0000
vn 0.8613 0.5045 -0.0602
vn 0.8923 0.2365 -0.3845
vn 0.8908 -0.2309 -0.3914
vn 0.8550 -0.5145 -0.0655
vn 0.5465 0.4417 -0.7115
vn 0.8545 -0.4469 -0.2648
vn 0.4242 -0.8956 -0.1342
vn 0.4472 -0.7708 -0.4537
vn 0.5403 -0.4254 -0.7261
vn 0.9004 -0.0025 -0.4350
vn 0.5735 -0.0064 -0.8192
vn -0.0000 0.8662 -0.4997
vn -0.0000 0.9879 -0.1549
vn -0.0000 -0.9850 -0.1723
vn -0.0000 -0.8634 -0.5046
vn -0.0000 -0.5023 -0.8647
vn -0.0000 -0.0104 -0.9999
vn -0.0000 0.5316 -0.8470
vn -0.0000 1.0000 0.0019
vn -0.0029 -0.5409 -0.8411
vn -0.0000 -0.0835 -0.9965
vn -0.0138 -0.0835 -0.9964
vn -0.0000 -0.5409 -0.8411
vn 0.9891 -0.1414 -0.0416
vn -0.0000 -0.3577 0.9338
vn -0.0000 -0.9569 -0.2905
vn 0.9982 0.0562 0.0232
vn -0.0000 -0.7071 -0.7071
vn -0.0000 -0.8404 -0.5419
vn -0.0116 0.0068 -0.9999
vn -0.4583 0.8888 0.0014
vn -0.8100 0.5857 0.0293
vn -0.3876 0.9212 0.0343
vn -0.9953 -0.0421 0.0876
vn -0.9832 -0.1778 0.0407
vn -0.9976 -0.0300 0.0625
vn -0.7556 -0.6542 -0.0315
vn -0.4634 -0.8862 -0.0012
vn -0.3241 -0.9443 -0.0572
vn -0.4637 0.8860 -0.0005
vn -0.8800 0.4750 0.0022
vn -0.4699 -0.8827 -0.0000
vn -0.8850 -0.4657 -0.0000
vn -1.0000 -0.0000 -0.0000
vn -0.9911 -0.1238 0.0495
vn -0.8829 -0.4695 -0.0003
vn -0.8833 0.4688 -0.0003
vn -0.4382 0.8905 -0.1220
vn -0.8582 0.4423 -0.2607
vn -0.8613 0.5045 -0.0602
vn -0.9961 -0.0140 0.0876
vn -0.9948 0.0907 0.0455
vn -0.9940 0.1035 0.0354
vn -0.9976 0.0089 0.0681
vn -0.9991 0.0055 0.0420
vn -0.9984 -0.0089 0.0557
vn -0.2124 -0.9360 -0.2807
vn -0.7752 -0.6056 -0.1795
vn -0.2086 -0.8230 -0.5284
vn -0.7810 -0.4496 -0.4334
vn -0.7810 -0.5267 -0.3355
vn -0.9880 -0.1150 -0.1034
vn -0.9864 -0.1405 -0.0855
vn -1.0000 -0.0000 0.0012
vn -1.0000 -0.0009 0.0003
vn -1.0000 -0.0007 0.0021
vn -1.0000 -0.0018 0.0009
vn -0.9898 -0.0551 0.1312
vn -0.9934 -0.0351 0.1093
vn -0.0045 0.9934 0.1146
vn -0.0098 0.9656 -0.2597
vn -0.0098 0.9656 -0.2598
vn 0.0097 0.8047 -0.5936
vn 0.0063 0.4064 -0.9137
vn 0.0222 0.6703 -0.7418
vn -0.9891 -0.1414 -0.0416
vn -0.9941 -0.0404 0.1007
vn -0.5688 -0.3696 0.7347
vn -0.4474 -0.4286 0.7849
vn -0.9960 -0.0181 0.0871
vn -0.8537 -0.0554 0.5178
vn -0.9968 -0.0085 0.0794
vn -0.7864 -0.2121 0.5802
vn -0.8486 -0.1232 0.5145
vn -0.1766 -0.1046 0.9787
vn -0.9969 0.0013 0.0792
vn -0.9970 0.0176 0.0759
vn -0.8583 0.5060 0.0849
vn -0.2560 0.9499 0.1795
vn -0.9982 0.0262 0.0532
vn -0.0819 -0.5050 0.8592
vn -0.1219 -0.4657 0.8765
vn -0.9975 0.0700 0.0110
vn -1.0000 -0.0025 -0.0022
vn -1.0000 -0.0032 -0.0017
vn -0.9981 0.0419 0.0454
vn -0.9977 0.0556 0.0381
vn -0.9982 0.0561 0.0233
vn -0.8643 0.2216 0.4515
vn -0.8582 0.4730 0.1994
vn -0.1784 0.4336 0.8833
vn -0.8716 0.3313 0.3613
vn -0.8545 0.1145 0.5066
vn -0.1781 0.2154 0.9601
vn -0.1791 0.8143 0.5522
vn -0.1900 0.9017 0.3883
vn -0.8635 0.4169 0.2839
vn -0.1802 0.6652 0.7246
vn -0.1765 0.0264 0.9839
vn -0.8515 0.0127 0.5242
vn -0.1778 -0.3519 0.9190
vn -0.1784 -0.2394 0.9544
vn 0.0096 -0.0298 -0.9995
vn 0.0116 0.0068 -0.9999
vn -0.8923 0.2365 -0.3845
vn -0.9004 -0.0025 -0.4350
vn -0.8908 -0.2309 -0.3914
vn -0.8545 -0.4469 -0.2648
vn -0.8550 -0.5145 -0.0655
vn -0.4574 0.7681 -0.4481
vn -0.4242 -0.8956 -0.1342
vn -0.4472 -0.7708 -0.4537
vn -0.5403 -0.4253 -0.7261
vn -0.5735 -0.0064 -0.8192
vn -0.5465 0.4417 -0.7115
vn 0.0026 -0.5409 -0.8411
vn -0.0000 -0.2433 0.9700
vn -0.2012 -0.6937 -0.6916
vn 0.2012 -0.6940 -0.6913
vn 0.4474 -0.4286 0.7850
vn -0.0000 -0.5192 0.8547
vn 0.0138 -0.0835 -0.9964
vt 0.903231 0.336597
vt 0.894535 0.410181
vt 0.894529 0.336598
vt 0.250589 0.615104
vt 0.262539 0.606633
vt 0.259896 0.618873
vt 0.943812 0.600861
vt 0.954944 0.644104
vt 0.943813 0.644104
vt 0.935351 0.644104
vt 0.935351 0.600861
vt 0.894576 0.911015
vt 0.903238 0.410180
vt 0.903279 0.911014
vt 0.943813 0.087460
vt 0.935351 0.087461
vt 0.251755 0.197516
vt 0.259531 0.578685
vt 0.251755 0.579105
vt 0.253383 0.596922
vt 0.245567 0.611844
vt 0.304673 0.197592
vt 0.296967 0.578239
vt 0.296967 0.197581
vt 0.894578 0.931854
vt 0.903281 0.951023
vt 0.894579 0.951024
vt 0.886616 0.911015
vt 0.260731 0.593519
vt 0.266675 0.599801
vt 0.277688 0.602899
vt 0.304673 0.579088
vt 0.294455 0.593790
vt 0.301486 0.597548
vt 0.288701 0.599848
vt 0.307071 0.635592
vt 0.300976 0.631897
vt 0.292820 0.606700
vt 0.289633 0.628468
vt 0.277673 0.610906
vt 0.275545 0.624903
vt 0.943812 0.666476
vt 0.954944 0.666476
vt 0.954944 0.693427
vt 0.943812 0.684588
vt 0.954944 0.684587
vt 0.236365 0.648580
vt 0.236522 0.639656
vt 0.241787 0.642560
vt 0.254203 0.633783
vt 0.268881 0.641862
vt 0.247430 0.645055
vt 0.238954 0.654816
vt 0.152110 0.693108
vt 0.126312 0.690941
vt 0.129658 0.687105
vt 0.325500 0.348530
vt 0.315672 0.355273
vt 0.315672 0.347746
vt 0.325039 0.341803
vt 0.325306 0.373239
vt 0.315672 0.363243
vt 0.325272 0.363209
vt 0.325244 0.355240
vt 0.325342 0.383268
vt 0.315672 0.373273
vt 0.315672 0.396512
vt 0.325389 0.396479
vt 0.315672 0.301229
vt 0.337719 0.295972
vt 0.337721 0.301179
vt 0.315672 0.310084
vt 0.337725 0.310034
vt 0.337730 0.322931
vt 0.315672 0.322981
vt 0.315672 0.333011
vt 0.325530 0.508974
vt 0.315672 0.500093
vt 0.325752 0.500058
vt 0.327755 0.336162
vt 0.331279 0.334187
vt 0.337734 0.332960
vt 0.337735 0.334173
vt 0.315672 0.476884
vt 0.325522 0.434607
vt 0.325669 0.476623
vt 0.207415 0.697728
vt 0.197568 0.679114
vt 0.207245 0.679026
vt 0.242617 0.628203
vt 0.127008 0.679863
vt 0.126693 0.694923
vt 0.103543 0.680231
vt 0.230165 0.676228
vt 0.232636 0.697464
vt 0.220481 0.678907
vt 0.190177 0.707323
vt 0.203969 0.718528
vt 0.180686 0.714670
vt 0.151948 0.700862
vt 0.190494 0.696348
vt 0.894513 0.139633
vt 0.903213 0.111738
vt 0.903215 0.139633
vt 0.169052 0.679392
vt 0.230153 0.711270
vt 0.207524 0.709581
vt 0.251463 0.688444
vt 0.242575 0.694496
vt 0.248649 0.708757
vt 0.903229 0.307035
vt 0.894527 0.307037
vt 0.264860 0.702274
vt 0.277303 0.663212
vt 0.267006 0.675924
vt 0.260590 0.672855
vt 0.886616 0.045367
vt 0.894503 0.004687
vt 0.894506 0.045367
vt 0.299012 0.653581
vt 0.306277 0.657844
vt 0.282845 0.651021
vt 0.239759 0.661501
vt 0.259405 0.651564
vt 0.277360 0.693989
vt 0.287819 0.680920
vt 0.269698 0.710287
vt 0.301573 0.674069
vt 0.294015 0.687651
vt 0.894520 0.221264
vt 0.903224 0.243200
vt 0.894522 0.243201
vt 0.237215 0.669069
vt 0.251101 0.716887
vt 0.894518 0.196651
vt 0.903222 0.221263
vt 0.886616 0.336598
vt 0.886616 0.307037
vt 0.886616 0.221264
vt 0.886616 0.196652
vt 0.894523 0.264520
vt 0.886616 0.285263
vt 0.886616 0.264521
vt 0.903226 0.264519
vt 0.894525 0.285263
vt 0.886616 0.243201
vt 0.886616 0.171010
vt 0.894516 0.171008
vt 0.903218 0.171008
vt 0.903220 0.196651
vt 0.230209 0.719509
vt 0.903210 0.077834
vt 0.903207 0.045366
vt 0.894509 0.077835
vt 0.886616 0.139635
vt 0.894511 0.111738
vt 0.315672 0.526837
vt 0.337582 0.517846
vt 0.337575 0.526761
vt 0.331894 0.508952
vt 0.315672 0.187611
vt 0.337575 0.178744
vt 0.337619 0.187659
vt 0.315672 0.296023
vt 0.337690 0.225956
vt 0.315672 0.340407
vt 0.296967 0.182098
vt 0.295613 0.176006
vt 0.304673 0.181662
vt 0.278340 0.165727
vt 0.292618 0.161718
vt 0.288502 0.168577
vt 0.264075 0.161676
vt 0.268170 0.168548
vt 0.261054 0.175938
vt 0.251755 0.181576
vt 0.259531 0.181999
vt 0.259531 0.197527
vt 0.903283 0.972004
vt 0.894581 0.972005
vt 0.954944 0.600861
vt 0.954944 0.045608
vt 0.943812 0.066344
vt 0.943813 0.045609
vt 0.954944 0.026101
vt 0.943812 0.026101
vt 0.302998 0.172560
vt 0.954944 0.005302
vt 0.943813 0.005302
vt 0.903285 0.991823
vt 0.894583 0.991824
vt 0.903280 0.931853
vt 0.954944 0.066344
vt 0.954944 0.087460
vt 0.886616 0.951025
vt 0.886616 0.931855
vt 0.935351 0.066344
vt 0.935351 0.045608
vt 0.935351 0.026101
vt 0.935351 0.005302
vt 0.886616 0.991824
vt 0.886616 0.972006
vt 0.886615 0.410181
vt 0.366139 0.644209
vt 0.423151 0.624543
vt 0.423151 0.644408
vt 0.315672 0.192871
vt 0.337677 0.199666
vt 0.315672 0.199706
vt 0.337645 0.192918
vt 0.247605 0.630810
vt 0.368251 0.610298
vt 0.364434 0.624889
vt 0.407988 0.599395
vt 0.375402 0.601778
vt 0.396634 0.595559
vt 0.385429 0.597167
vt 0.325422 0.406138
vt 0.315672 0.434335
vt 0.315672 0.405856
vt 0.152433 0.706197
vt 0.886616 0.077836
vt 0.283575 0.700742
vt 0.935351 0.666476
vt 0.294021 0.669687
vt 0.903227 0.285262
vt 0.935351 0.693427
vt 0.935351 0.684587
vt 0.371099 0.656567
vt 0.423151 0.658458
vt 0.398011 0.826223
vt 0.385041 0.822831
vt 0.410941 0.822676
vt 0.379415 0.817272
vt 0.420364 0.813140
vt 0.375129 0.807922
vt 0.423151 0.800168
vt 0.375129 0.771002
vt 0.423151 0.765268
vt 0.423151 0.701284
vt 0.375129 0.663083
vt 0.315672 0.224259
vt 0.878696 0.410181
vt 0.869994 0.336598
vt 0.878696 0.336598
vt 0.699061 0.453097
vt 0.687111 0.461568
vt 0.696418 0.465337
vt 0.915758 0.644104
vt 0.926889 0.600861
vt 0.926889 0.644104
vt 0.878696 0.911017
vt 0.869994 0.410181
vt 0.926889 0.087460
vt 0.688277 0.043980
vt 0.696053 0.425149
vt 0.696053 0.043991
vt 0.682089 0.458308
vt 0.689905 0.443386
vt 0.688277 0.425569
vt 0.733489 0.424703
vt 0.741195 0.044057
vt 0.733489 0.044046
vt 0.878696 0.931854
vt 0.869994 0.951025
vt 0.869994 0.931854
vt 0.697253 0.439984
vt 0.703197 0.446265
vt 0.714211 0.449364
vt 0.714195 0.457370
vt 0.730977 0.440254
vt 0.741195 0.425553
vt 0.725224 0.446312
vt 0.738009 0.444012
vt 0.743593 0.482056
vt 0.737499 0.478362
vt 0.729342 0.453164
vt 0.726155 0.474932
vt 0.712067 0.471368
vt 0.926889 0.666476
vt 0.915758 0.666476
vt 0.926889 0.684588
vt 0.915758 0.693427
vt 0.915758 0.684587
vt 0.673044 0.486121
vt 0.672887 0.495044
vt 0.678309 0.489024
vt 0.690725 0.480248
vt 0.705403 0.488327
vt 0.683953 0.491520
vt 0.675476 0.501280
vt 0.588632 0.539573
vt 0.562834 0.537405
vt 0.588469 0.547327
vt 0.359755 0.355214
vt 0.349916 0.348497
vt 0.359755 0.347686
vt 0.350360 0.341769
vt 0.359755 0.340347
vt 0.350176 0.373205
vt 0.359755 0.363183
vt 0.359755 0.373213
vt 0.350190 0.355206
vt 0.350184 0.363175
vt 0.350167 0.383234
vt 0.359755 0.383242
vt 0.359755 0.396453
vt 0.350157 0.396445
vt 0.359755 0.301169
vt 0.359755 0.310025
vt 0.359755 0.322922
vt 0.359755 0.332951
vt 0.350318 0.508941
vt 0.359755 0.500034
vt 0.359755 0.508948
vt 0.347628 0.336135
vt 0.344099 0.334170
vt 0.350125 0.434573
vt 0.359755 0.476825
vt 0.350091 0.476590
vt 0.643937 0.544192
vt 0.634090 0.525579
vt 0.627017 0.542813
vt 0.679139 0.474668
vt 0.684128 0.477274
vt 0.563530 0.526327
vt 0.540065 0.526696
vt 0.350072 0.500026
vt 0.563215 0.541387
vt 0.531442 0.524406
vt 0.666687 0.522692
vt 0.669158 0.543928
vt 0.679097 0.540960
vt 0.626699 0.553787
vt 0.640491 0.564992
vt 0.644047 0.556045
vt 0.588955 0.552661
vt 0.869994 0.111739
vt 0.878696 0.139634
vt 0.869994 0.139635
vt 0.605574 0.525856
vt 0.666675 0.557734
vt 0.687984 0.534908
vt 0.685171 0.555222
vt 0.869994 0.307036
vt 0.878696 0.307037
vt 0.701382 0.548738
vt 0.713825 0.509676
vt 0.697112 0.519320
vt 0.703528 0.522389
vt 0.878696 0.004688
vt 0.878696 0.045367
vt 0.735534 0.500045
vt 0.719367 0.497486
vt 0.676282 0.507966
vt 0.695927 0.498028
vt 0.713883 0.540454
vt 0.724341 0.527385
vt 0.730543 0.516151
vt 0.706220 0.556752
vt 0.738096 0.520533
vt 0.878696 0.221264
vt 0.869994 0.243201
vt 0.869994 0.221264
vt 0.687623 0.563351
vt 0.878696 0.196652
vt 0.869994 0.196652
vt 0.878696 0.264521
vt 0.878696 0.285263
vt 0.869994 0.264520
vt 0.878696 0.243201
vt 0.878696 0.171010
vt 0.869994 0.171009
vt 0.666731 0.565974
vt 0.869994 0.077836
vt 0.878696 0.077836
vt 0.878696 0.111739
vt 0.869994 0.045367
vt 0.657003 0.525371
vt 0.359755 0.526779
vt 0.343954 0.508936
vt 0.359755 0.187551
vt 0.359755 0.295963
vt 0.359755 0.224199
vt 0.733489 0.028562
vt 0.741195 0.028126
vt 0.732135 0.022471
vt 0.714862 0.012191
vt 0.729140 0.008183
vt 0.714874 0.004179
vt 0.700597 0.008141
vt 0.704692 0.015013
vt 0.697576 0.022403
vt 0.690189 0.018949
vt 0.688277 0.028041
vt 0.696053 0.028464
vt 0.878696 0.951025
vt 0.869994 0.972006
vt 0.915758 0.600861
vt 0.915758 0.087460
vt 0.926889 0.066344
vt 0.915758 0.045608
vt 0.926889 0.045609
vt 0.915758 0.026101
vt 0.926889 0.026101
vt 0.725024 0.015042
vt 0.915758 0.005302
vt 0.926889 0.005302
vt 0.878696 0.972006
vt 0.869994 0.991824
vt 0.869994 0.911015
vt 0.915758 0.066344
vt 0.917423 0.809650
vt 0.975046 0.789347
vt 0.915503 0.790351
vt 0.359755 0.192811
vt 0.919157 0.775718
vt 0.958770 0.764373
vt 0.969617 0.774853
vt 0.947373 0.760663
vt 0.926213 0.767119
vt 0.359755 0.434276
vt 0.350149 0.406104
vt 0.359755 0.405797
vt 0.617209 0.561134
vt 0.886616 0.111739
vt 0.730537 0.534116
vt 0.720097 0.547206
vt 0.742799 0.504309
vt 0.869994 0.285263
vt 0.926889 0.693427
vt 0.922522 0.821953
vt 0.975046 0.809211
vt 0.951328 0.991298
vt 0.964217 0.987606
vt 0.938321 0.988050
vt 0.932632 0.982555
vt 0.973532 0.977966
vt 0.927566 0.973255
vt 0.975046 0.964966
vt 0.927566 0.936337
vt 0.975046 0.930068
vt 0.975046 0.866085
vt 0.975046 0.823262
vt 0.927566 0.828421
vt 0.943813 0.693427
vt 0.231670 0.644447
vt 0.315672 0.383301
vt 0.315672 0.509007
vt 0.094920 0.677942
vt 0.886616 0.004688
vt 0.903205 0.004687
vt 0.315672 0.517922
vt 0.337590 0.508930
vt 0.315672 0.178696
vt 0.278352 0.157715
vt 0.253667 0.172485
vt 0.418717 0.609997
vt 0.668192 0.490912
vt 0.566181 0.533570
vt 0.643767 0.525490
vt 0.673737 0.515534
vt 0.869994 0.004688
vt 0.359755 0.517864
vt 0.359755 0.178636
vt 0.739520 0.019025
vt 0.878696 0.991824
vt 0.359755 0.199645
vt 0.936187 0.762396
s 1
usemtl PipeWrench
f 868/1203/908 865/1204/909 866/1205/910
f 873/1206/911 887/1207/912 872/1208/913
f 877/1209/914 875/1210/915 876/1211/916
f 877/1209/914 974/1212/917 973/1213/918
f 963/1214/919 867/1215/920 946/1216/921
f 965/1217/922 973/1213/918 964/1218/923
f 953/1219/924 878/1220/925 874/1221/926
f 888/1222/927 875/1223/915 874/1221/926
f 946/1224/921 988/1225/925 945/1226/925
f 961/1227/928 959/1228/929 962/1229/930
f 983/1230/931 865/1204/909 963/1214/919
f 879/1231/925 874/1221/926 878/1220/925
f 887/1207/912 879/1231/925 880/1232/925
f 881/1233/925 887/1207/912 880/1232/925
f 867/1234/920 883/1235/925 988/1225/925
f 884/1236/932 882/1237/925 883/1235/925
f 884/1236/932 868/1238/908 869/1239/933
f 885/1240/934 881/1233/925 882/1237/925
f 869/1239/933 885/1240/934 884/1236/932
f 870/1241/935 886/1242/936 885/1240/934
f 872/1208/913 886/1242/936 871/1243/937
f 1020/1244/938 875/1210/915 1022/1245/939
f 1020/1244/938 974/1212/917 876/1211/916
f 891/1246/940 1021/1247/941 1023/1248/942
f 889/1249/943 1023/1250/942 1025/1251/944
f 1026/1252/945 871/1243/937 1029/1253/946
f 889/1249/943 1027/1254/947 890/1255/948
f 1002/1256/925 916/1257/949 915/1258/925
f 890/1259/950 895/1260/951 894/1261/952
f 894/1261/952 889/1262/953 890/1259/950
f 899/1263/954 896/1264/955 898/1265/955
f 896/1264/955 897/1266/951 898/1265/955
f 901/1267/956 900/1268/954 899/1263/954
f 903/1269/957 901/1267/956 912/1270/957
f 905/1271/958 975/1272/959 976/1273/958
f 908/1274/960 976/1273/958 906/1275/961
f 908/1274/960 907/1276/962 909/1277/962
f 907/1276/962 892/1278/963 909/1277/962
f 939/1279/964 858/1280/965 914/1281/965
f 891/1282/966 892/1278/963 910/1283/967
f 910/1283/967 977/1284/968 978/1285/967
f 911/1286/957 997/1287/957 913/1288/957
f 919/1289/925 996/1290/925 912/1291/925
f 873/1206/911 1022/1292/939 875/1223/915
f 916/1257/949 913/1293/925 915/1258/925
f 914/1281/965 911/1286/957 913/1288/957
f 917/1294/969 914/1295/970 916/1257/949
f 899/1296/925 920/1297/925 901/1298/925
f 999/1299/971 935/1300/972 1000/1301/973
f 998/1302/974 917/1294/969 916/1257/949
f 919/1289/925 999/1299/971 1003/1303/925
f 933/1304/975 1000/1305/973 935/1306/972
f 1002/1256/925 913/1293/925 997/1307/925
f 919/1289/925 921/1308/976 918/1309/977
f 899/1296/925 923/1310/925 922/1311/925
f 924/1312/978 920/1297/925 922/1311/925
f 1034/1313/979 866/1205/910 1039/1314/980
f 924/1312/978 923/1310/925 925/1315/981
f 1031/1316/925 1008/1317/925 1009/1318/925
f 981/1319/982 938/1320/983 936/1321/984
f 1032/1322/985 868/1238/908 1034/1323/979
f 1030/1324/925 869/1239/933 1032/1322/985
f 897/1325/986 1027/1254/947 1028/1326/987
f 925/1315/981 1008/1317/925 1010/1327/988
f 1031/1316/925 1011/1328/989 1008/1317/925
f 1010/1327/988 926/1329/990 925/1315/981
f 1011/1328/989 1035/1330/991 1012/1331/992
f 928/1332/993 1013/1333/994 1014/1334/995
f 898/1335/925 897/1325/986 1009/1318/925
f 925/1315/981 927/1336/996 924/1312/978
f 929/1337/997 926/1338/990 928/1332/993
f 1039/1314/980 864/1339/998 1037/1340/999
f 929/1337/997 980/1341/1000 979/1342/1001
f 1015/1343/1002 1036/1344/1003 1017/1345/1004
f 1012/1346/992 1038/1347/1005 1015/1343/1002
f 980/1341/1000 1014/1334/995 1016/1348/1006
f 930/1349/1007 933/1304/975 932/1350/1008
f 932/1350/1008 979/1342/1001 930/1349/1007
f 934/1351/1009 933/1304/975 935/1306/972
f 932/1350/1008 927/1352/996 929/1337/997
f 918/1309/977 934/1353/1009 935/1300/972
f 924/1312/978 934/1353/1009 921/1308/976
f 1001/1354/1010 936/1321/984 917/1355/969
f 1005/1356/1011 981/1319/982 936/1321/984
f 931/1357/1012 1004/1358/1013 933/1304/975
f 938/1320/983 917/1355/969 936/1321/984
f 901/1298/925 919/1289/925 912/1291/925
f 942/1359/923 862/1360/1014 861/1361/923
f 939/1279/964 938/1362/1015 862/1360/1014
f 943/1363/1016 861/1364/923 860/1365/1016
f 904/1366/1017 1040/1367/1018 975/1272/959
f 893/1368/953 891/1282/966 889/1262/953
f 944/1369/925 946/1224/921 945/1226/925
f 989/1370/925 960/1371/1019 944/1369/925
f 948/1372/925 958/1373/1020 947/1374/925
f 956/1375/1021 948/1372/925 949/1376/925
f 950/1377/925 956/1375/1021 949/1376/925
f 954/1378/1022 950/1377/925 951/1379/925
f 953/1219/924 951/1379/925 952/1380/925
f 962/1229/930 958/1381/1020 972/1382/1023
f 965/1217/922 874/1383/926 877/1209/914
f 955/1384/1024 966/1385/1025 967/1386/1026
f 956/1387/1021 967/1386/1026 970/1388/1027
f 989/1370/925 958/1373/1020 959/1389/929
f 957/1390/1028 970/1388/1027 971/1391/1029
f 972/1382/1023 957/1392/1028 971/1393/1029
f 963/1214/919 960/1394/1019 961/1227/928
f 965/1217/922 954/1395/1022 953/1396/924
f 961/1227/928 987/1397/1030 982/1398/1031
f 963/1214/919 982/1398/1031 983/1230/931
f 964/1218/923 966/1385/1025 965/1217/922
f 967/1386/1026 985/1399/1032 984/1400/1033
f 968/1401/1034 967/1386/1026 984/1400/1033
f 969/1402/1035 970/1388/1027 968/1401/1034
f 972/1382/1023 969/1403/1035 986/1404/1036
f 962/1229/930 986/1404/1036 987/1397/1030
f 866/1205/910 863/1405/1037 864/1339/998
f 908/1406/925 902/1407/925 903/1408/925
f 992/1409/1038 990/1410/1039 993/1411/1040
f 992/1409/1038 860/1365/1016 991/1412/1041
f 872/1208/913 1024/1413/1042 873/1206/911
f 948/1372/925 947/1374/925 949/1376/925
f 950/1377/925 947/1374/925 989/1370/925
f 951/1379/925 989/1370/925 944/1369/925
f 952/1380/925 944/1369/925 945/1226/925
f 952/1380/925 988/1225/925 878/1220/925
f 878/1220/925 883/1235/925 879/1231/925
f 880/1232/925 883/1235/925 882/1237/925
f 880/1232/925 882/1237/925 881/1233/925
f 892/1414/925 902/1407/925 909/1415/925
f 896/1416/925 892/1414/925 893/1417/925
f 895/1418/925 893/1417/925 894/1419/925
f 996/1420/957 995/1421/957 994/1422/957
f 998/1302/974 1000/1301/973 1001/1423/1010
f 998/1302/974 1003/1303/925 999/1299/971
f 997/1307/925 1003/1303/925 1002/1256/925
f 1000/1305/973 1005/1356/1011 1001/1354/1010
f 1004/1358/1013 1006/1424/1043 1005/1356/1011
f 994/1422/957 912/1270/957 996/1420/957
f 1010/1327/988 1012/1331/992 1013/1425/994
f 1010/1327/988 1008/1317/925 1011/1328/989
f 1017/1345/1004 1014/1334/995 1015/1343/1002
f 1015/1343/1002 1013/1333/994 1012/1346/992
f 1029/1253/946 870/1241/935 1030/1324/925
f 1021/1247/941 1018/1426/1044 1020/1244/938
f 1021/1247/941 1022/1245/939 1023/1248/942
f 1024/1413/1042 1023/1250/942 1022/1292/939
f 1024/1413/1042 1027/1254/947 1025/1251/944
f 1031/1316/925 1029/1253/946 1030/1324/925
f 1026/1252/945 1028/1326/987 1027/1254/947
f 1033/1427/1045 1030/1324/925 1032/1322/985
f 1033/1427/1045 1034/1323/979 1035/1330/991
f 1037/1340/999 1038/1347/1005 1039/1314/980
f 1039/1314/980 1035/1428/991 1034/1313/979
f 1021/1247/941 978/1429/1046 1019/1430/1047
f 905/1431/925 903/1408/925 994/1432/925
f 942/1433/925 943/1434/925 941/1435/925
f 941/1435/925 992/1436/925 940/1437/925
f 940/1437/925 993/1438/925 858/1439/925
f 858/1439/925 859/1440/925 911/1441/925
f 995/1442/925 859/1440/925 904/1443/925
f 994/1432/925 904/1443/925 905/1431/925
f 859/1444/1048 990/1410/1039 1040/1367/1018
f 1043/1445/1049 1046/1446/1050 1044/1447/1051
f 1065/1448/1052 1051/1449/1053 1050/1450/1054
f 1053/1451/1055 1055/1452/1056 1054/1453/1057
f 974/1212/917 1055/1452/1056 973/1213/918
f 1136/1454/1058 1045/1455/1059 1043/1445/1049
f 973/1213/918 1137/1456/1060 964/1218/923
f 1126/1457/1061 1056/1458/1062 1125/1459/1062
f 1053/1460/1055 1066/1461/1063 1052/1462/1064
f 1143/1463/1062 1119/1464/1065 1118/1465/1062
f 1134/1466/1066 1132/1467/1067 1133/1468/1068
f 1043/1445/1049 983/1230/931 1136/1454/1058
f 1057/1469/1062 1052/1462/1064 1066/1461/1063
f 1057/1469/1062 1065/1448/1052 1058/1470/1062
f 1059/1471/1062 1065/1448/1052 1064/1472/1069
f 1061/1473/1062 1045/1474/1059 1143/1463/1062
f 1060/1475/1062 1062/1476/1070 1061/1473/1062
f 1046/1477/1050 1062/1476/1070 1047/1478/1071
f 1059/1471/1062 1063/1479/1072 1060/1475/1062
f 1047/1478/1071 1063/1479/1072 1048/1480/1073
f 1048/1480/1073 1064/1472/1069 1049/1481/1074
f 1064/1472/1069 1050/1450/1054 1049/1481/1074
f 1053/1451/1055 1167/1482/1075 1169/1483/1076
f 1167/1482/1075 974/1212/917 1018/1426/1044
f 1168/1484/1077 1069/1485/1078 1170/1486/1079
f 1170/1487/1079 1067/1488/1080 1172/1489/1081
f 1049/1481/1074 1173/1490/1082 1176/1491/1083
f 1174/1492/1084 1067/1488/1080 1068/1493/1085
f 1155/1494/1062 1092/1495/1086 1151/1496/1087
f 1073/1497/1088 1068/1498/1089 1072/1499/1090
f 1072/1499/1090 1067/1500/1091 1071/1501/1091
f 1077/1502/954 1074/1503/955 1078/1504/954
f 1075/1505/1088 1074/1503/955 1076/1506/955
f 1079/1507/956 1078/1504/954 1080/1508/956
f 1079/1507/956 1081/1509/957 1088/1510/957
f 975/1272/959 1083/1511/958 976/1273/958
f 976/1273/958 1084/1512/960 906/1275/961
f 907/1276/962 1084/1512/960 1085/1513/962
f 907/1276/962 1070/1514/1092 977/1284/968
f 1112/1515/964 1041/1516/965 1113/1517/964
f 1069/1518/1093 1086/1519/967 1070/1514/1092
f 1086/1519/967 977/1284/968 1070/1514/1092
f 1150/1520/957 1087/1521/957 1089/1522/957
f 1095/1523/1062 1149/1524/1062 1156/1525/1062
f 1051/1449/1053 1169/1526/1076 1171/1527/1094
f 1092/1495/1086 1089/1528/1062 1090/1529/1095
f 1090/1530/965 1087/1521/957 1041/1516/965
f 1093/1531/1096 1090/1529/1095 1112/1532/1097
f 1077/1533/1062 1096/1534/1062 1098/1535/1062
f 1152/1536/1098 1109/1537/1099 1094/1538/1100
f 1151/1496/1087 1093/1531/1096 1154/1539/1101
f 1095/1523/1062 1152/1536/1098 1094/1538/1100
f 1153/1540/1102 1107/1541/1103 1109/1542/1099
f 1089/1528/1062 1155/1494/1062 1150/1543/1062
f 1095/1523/1062 1097/1544/1104 1096/1534/1062
f 1099/1545/1062 1077/1533/1062 1098/1535/1062
f 1100/1546/1105 1096/1534/1062 1097/1544/1104
f 1044/1447/1051 1181/1547/1106 1184/1548/1107
f 1099/1545/1062 1100/1546/1105 1101/1549/1108
f 1178/1550/1062 1160/1551/1062 1159/1552/1062
f 1111/1553/1109 981/1319/982 1110/1554/1110
f 1179/1555/1111 1046/1477/1050 1047/1478/1071
f 1177/1556/1062 1047/1478/1071 1048/1480/1073
f 1174/1492/1084 1075/1557/1112 1175/1558/1113
f 1159/1552/1062 1101/1549/1108 1161/1559/1114
f 1178/1550/1062 1162/1560/1115 1180/1561/1116
f 1102/1562/1117 1161/1559/1114 1101/1549/1108
f 1162/1560/1115 1182/1563/1118 1180/1561/1116
f 1104/1564/1119 1164/1565/1120 1102/1566/1117
f 1099/1545/1062 1159/1552/1062 1160/1551/1062
f 1103/1567/1121 1101/1549/1108 1100/1546/1105
f 1105/1568/1122 1102/1566/1117 1103/1569/1121
f 864/1339/998 1184/1548/1107 1037/1340/999
f 980/1341/1000 1105/1568/1122 979/1342/1001
f 1036/1344/1003 1166/1570/1123 1017/1345/1004
f 1183/1571/1124 1163/1572/1125 1166/1570/1123
f 980/1341/1000 1165/1573/1126 1104/1564/1119
f 1107/1541/1103 930/1349/1007 1106/1574/1127
f 979/1342/1001 1106/1574/1127 930/1349/1007
f 1108/1575/1128 1107/1541/1103 1106/1574/1127
f 1106/1574/1127 1103/1569/1121 1108/1575/1128
f 1094/1538/1100 1108/1576/1128 1097/1544/1104
f 1108/1576/1128 1100/1546/1105 1097/1544/1104
f 1154/1577/1101 1110/1554/1110 1158/1578/1129
f 1158/1578/1129 981/1319/982 1006/1424/1043
f 1157/1579/1130 931/1357/1012 1107/1541/1103
f 1093/1580/1096 1111/1553/1109 1110/1554/1110
f 1079/1581/1062 1095/1523/1062 1096/1534/1062
f 862/1360/1014 1115/1582/923 861/1361/923
f 862/1360/1014 1111/1583/1015 1112/1515/964
f 861/1364/923 1116/1584/1016 860/1365/1016
f 1082/1585/1131 1040/1367/1018 1042/1586/1132
f 1069/1518/1093 1071/1501/1091 1067/1500/1091
f 1117/1587/1062 1119/1464/1065 1133/1588/1068
f 1133/1588/1068 1144/1589/1062 1117/1587/1062
f 1121/1590/1062 1131/1591/1133 1130/1592/1134
f 1121/1590/1062 1129/1593/1135 1122/1594/1062
f 1123/1595/1062 1129/1593/1135 1128/1596/1136
f 1123/1595/1062 1127/1597/1137 1124/1598/1062
f 1124/1598/1062 1126/1457/1061 1125/1459/1062
f 1135/1599/1138 1131/1600/1133 1132/1467/1067
f 1137/1456/1060 1052/1601/1064 1126/1602/1061
f 1138/1603/1139 1128/1604/1136 1139/1605/1140
f 1139/1605/1140 1129/1606/1135 1140/1607/1141
f 1144/1589/1062 1131/1591/1133 1120/1608/1062
f 1140/1607/1141 1130/1609/1134 1141/1610/1142
f 1142/1611/1143 1130/1612/1134 1131/1600/1133
f 1136/1454/1058 1133/1468/1068 1119/1613/1065
f 1137/1456/1060 1127/1614/1137 1138/1603/1139
f 987/1397/1030 1134/1466/1066 982/1398/1031
f 982/1398/1031 1136/1454/1058 983/1230/931
f 1138/1603/1139 964/1218/923 1137/1456/1060
f 985/1399/1032 1139/1605/1140 984/1400/1033
f 968/1401/1034 1139/1605/1140 1140/1607/1141
f 969/1402/1035 1140/1607/1141 1141/1610/1142
f 969/1403/1035 1142/1611/1143 986/1404/1036
f 986/1404/1036 1135/1599/1138 987/1397/1030
f 863/1405/1037 1044/1447/1051 864/1339/998
f 1084/1615/1062 1080/1616/1062 1085/1617/1062
f 1145/1618/1144 990/1410/1039 991/1412/1041
f 860/1365/1016 1145/1618/1144 991/1412/1041
f 1050/1450/1054 1171/1527/1094 1173/1490/1082
f 1121/1590/1062 1122/1594/1062 1120/1608/1062
f 1123/1595/1062 1120/1608/1062 1122/1594/1062
f 1124/1598/1062 1144/1589/1062 1123/1595/1062
f 1125/1459/1062 1117/1587/1062 1124/1598/1062
f 1143/1463/1062 1125/1459/1062 1056/1458/1062
f 1061/1473/1062 1056/1458/1062 1057/1469/1062
f 1058/1470/1062 1061/1473/1062 1057/1469/1062
f 1058/1470/1062 1059/1471/1062 1060/1475/1062
f 1080/1616/1062 1070/1619/1062 1085/1617/1062
f 1074/1620/1062 1070/1619/1062 1078/1621/1062
f 1073/1622/1062 1071/1623/1062 1074/1620/1062
f 1148/1624/957 1149/1625/957 1147/1626/957
f 1153/1627/1102 1151/1496/1087 1154/1539/1101
f 1151/1496/1087 1156/1525/1062 1155/1494/1062
f 1156/1525/1062 1150/1543/1062 1155/1494/1062
f 1153/1540/1102 1158/1578/1129 1157/1579/1130
f 1157/1579/1130 1006/1424/1043 1007/1628/1145
f 1088/1510/957 1147/1626/957 1149/1625/957
f 1163/1629/1125 1161/1559/1114 1164/1630/1120
f 1161/1559/1114 1162/1560/1115 1159/1552/1062
f 1165/1573/1126 1017/1345/1004 1166/1570/1123
f 1164/1565/1120 1166/1570/1123 1163/1572/1125
f 1176/1491/1083 1048/1480/1073 1049/1481/1074
f 1168/1484/1077 1018/1426/1044 1019/1430/1047
f 1169/1483/1076 1168/1484/1077 1170/1486/1079
f 1170/1487/1079 1171/1527/1094 1169/1526/1076
f 1171/1527/1094 1174/1492/1084 1173/1490/1082
f 1178/1550/1062 1176/1491/1083 1175/1558/1113
f 1173/1490/1082 1175/1558/1113 1176/1491/1083
f 1180/1561/1116 1177/1556/1062 1178/1550/1062
f 1181/1631/1106 1180/1561/1116 1182/1563/1118
f 1183/1571/1124 1037/1340/999 1184/1548/1107
f 1182/1632/1118 1184/1548/1107 1181/1547/1106
f 1168/1484/1077 978/1429/1046 1086/1633/1146
f 1083/1634/1062 1081/1635/1062 1084/1615/1062
f 1115/1636/1062 1114/1637/1062 1116/1638/1062
f 1145/1639/1062 1114/1637/1062 1113/1640/1062
f 1146/1641/1062 1113/1640/1062 1041/1642/1062
f 1042/1643/1062 1041/1642/1062 1087/1644/1062
f 1148/1645/1062 1042/1643/1062 1087/1644/1062
f 1147/1646/1062 1082/1647/1062 1148/1645/1062
f 990/1410/1039 1042/1586/1132 1040/1367/1018
f 868/1203/908 867/1215/920 865/1204/909
f 873/1206/911 888/1222/927 887/1207/912
f 877/1209/914 874/1383/926 875/1210/915
f 877/1209/914 876/1211/916 974/1212/917
f 963/1214/919 865/1204/909 867/1215/920
f 965/1217/922 877/1209/914 973/1213/918
f 953/1219/924 952/1380/925 878/1220/925
f 888/1222/927 873/1206/911 875/1223/915
f 946/1224/921 867/1234/920 988/1225/925
f 961/1227/928 960/1394/1019 959/1228/929
f 983/1230/931 863/1405/1037 865/1204/909
f 879/1231/925 888/1222/927 874/1221/926
f 887/1207/912 888/1222/927 879/1231/925
f 881/1233/925 886/1242/936 887/1207/912
f 867/1234/920 884/1236/932 883/1235/925
f 884/1236/932 885/1240/934 882/1237/925
f 884/1236/932 867/1234/920 868/1238/908
f 885/1240/934 886/1242/936 881/1233/925
f 869/1239/933 870/1241/935 885/1240/934
f 870/1241/935 871/1243/937 886/1242/936
f 872/1208/913 887/1207/912 886/1242/936
f 1020/1244/938 876/1211/916 875/1210/915
f 1020/1244/938 1018/1426/1044 974/1212/917
f 891/1246/940 910/1648/1147 1021/1247/941
f 889/1249/943 891/1649/940 1023/1250/942
f 1026/1252/945 872/1208/913 871/1243/937
f 889/1249/943 1025/1251/944 1027/1254/947
f 1002/1256/925 998/1302/974 916/1257/949
f 890/1259/950 897/1266/951 895/1260/951
f 894/1261/952 893/1368/953 889/1262/953
f 899/1263/954 900/1268/954 896/1264/955
f 896/1264/955 895/1260/951 897/1266/951
f 901/1267/956 902/1650/956 900/1268/954
f 903/1269/957 902/1650/956 901/1267/956
f 905/1271/958 904/1366/1017 975/1272/959
f 908/1274/960 905/1271/958 976/1273/958
f 908/1274/960 906/1275/961 907/1276/962
f 907/1276/962 977/1284/968 892/1278/963
f 939/1279/964 940/1651/964 858/1280/965
f 910/1283/967 892/1278/963 977/1284/968
f 911/1286/957 995/1421/957 997/1287/957
f 919/1289/925 1003/1303/925 996/1290/925
f 873/1206/911 1024/1413/1042 1022/1292/939
f 916/1257/949 914/1295/970 913/1293/925
f 914/1281/965 858/1280/965 911/1286/957
f 917/1294/969 939/1652/1148 914/1295/970
f 899/1296/925 922/1311/925 920/1297/925
f 999/1299/971 918/1309/977 935/1300/972
f 998/1302/974 1001/1423/1010 917/1294/969
f 919/1289/925 918/1309/977 999/1299/971
f 933/1304/975 1004/1358/1013 1000/1305/973
f 1002/1256/925 915/1258/925 913/1293/925
f 919/1289/925 920/1297/925 921/1308/976
f 899/1296/925 898/1335/925 923/1310/925
f 924/1312/978 921/1308/976 920/1297/925
f 1034/1313/979 868/1203/908 866/1205/910
f 924/1312/978 922/1311/925 923/1310/925
f 897/1325/986 1028/1326/987 1009/1318/925
f 1028/1326/987 1031/1316/925 1009/1318/925
f 981/1319/982 937/1653/1149 938/1320/983
f 1032/1322/985 869/1239/933 868/1238/908
f 1030/1324/925 870/1241/935 869/1239/933
f 897/1325/986 890/1255/948 1027/1254/947
f 925/1315/981 923/1310/925 1008/1317/925
f 1031/1316/925 1033/1427/1045 1011/1328/989
f 1010/1327/988 1013/1425/994 926/1329/990
f 1011/1328/989 1033/1427/1045 1035/1330/991
f 928/1332/993 926/1338/990 1013/1333/994
f 1009/1318/925 1008/1317/925 923/1310/925
f 923/1310/925 898/1335/925 1009/1318/925
f 925/1315/981 926/1329/990 927/1336/996
f 929/1337/997 927/1352/996 926/1338/990
f 1039/1314/980 866/1205/910 864/1339/998
f 929/1337/997 928/1332/993 980/1341/1000
f 1015/1343/1002 1038/1347/1005 1036/1344/1003
f 1012/1346/992 1035/1428/991 1038/1347/1005
f 980/1341/1000 928/1332/993 1014/1334/995
f 930/1349/1007 931/1357/1012 933/1304/975
f 932/1350/1008 929/1337/997 979/1342/1001
f 934/1351/1009 932/1350/1008 933/1304/975
f 932/1350/1008 934/1351/1009 927/1352/996
f 918/1309/977 921/1308/976 934/1353/1009
f 924/1312/978 927/1336/996 934/1353/1009
f 1001/1354/1010 1005/1356/1011 936/1321/984
f 1005/1356/1011 1006/1424/1043 981/1319/982
f 931/1357/1012 1007/1628/1145 1004/1358/1013
f 938/1320/983 939/1654/1148 917/1355/969
f 901/1298/925 920/1297/925 919/1289/925
f 942/1359/923 941/1655/1014 862/1360/1014
f 862/1360/1014 941/1655/1014 939/1279/964
f 941/1655/1014 940/1651/964 939/1279/964
f 938/1362/1015 937/1656/1015 862/1360/1014
f 943/1363/1016 942/1657/923 861/1364/923
f 904/1366/1017 859/1444/1048 1040/1367/1018
f 893/1368/953 892/1278/963 891/1282/966
f 944/1369/925 960/1371/1019 946/1224/921
f 989/1370/925 959/1389/929 960/1371/1019
f 948/1372/925 957/1658/1028 958/1373/1020
f 956/1375/1021 957/1658/1028 948/1372/925
f 950/1377/925 955/1659/1024 956/1375/1021
f 954/1378/1022 955/1659/1024 950/1377/925
f 953/1219/924 954/1378/1022 951/1379/925
f 962/1229/930 959/1228/929 958/1381/1020
f 965/1217/922 953/1396/924 874/1383/926
f 955/1384/1024 954/1395/1022 966/1385/1025
f 956/1387/1021 955/1384/1024 967/1386/1026
f 989/1370/925 947/1374/925 958/1373/1020
f 957/1390/1028 956/1387/1021 970/1388/1027
f 972/1382/1023 958/1381/1020 957/1392/1028
f 963/1214/919 946/1216/921 960/1394/1019
f 965/1217/922 966/1385/1025 954/1395/1022
f 961/1227/928 962/1229/930 987/1397/1030
f 963/1214/919 961/1227/928 982/1398/1031
f 964/1218/923 985/1399/1032 966/1385/1025
f 967/1386/1026 966/1385/1025 985/1399/1032
f 968/1401/1034 970/1388/1027 967/1386/1026
f 969/1402/1035 971/1391/1029 970/1388/1027
f 972/1382/1023 971/1393/1029 969/1403/1035
f 962/1229/930 972/1382/1023 986/1404/1036
f 866/1205/910 865/1204/909 863/1405/1037
f 908/1406/925 909/1415/925 902/1407/925
f 992/1409/1038 991/1412/1041 990/1410/1039
f 992/1409/1038 943/1363/1016 860/1365/1016
f 872/1208/913 1026/1252/945 1024/1413/1042
f 950/1377/925 949/1376/925 947/1374/925
f 951/1379/925 950/1377/925 989/1370/925
f 952/1380/925 951/1379/925 944/1369/925
f 952/1380/925 945/1226/925 988/1225/925
f 878/1220/925 988/1225/925 883/1235/925
f 880/1232/925 879/1231/925 883/1235/925
f 892/1414/925 900/1660/925 902/1407/925
f 896/1416/925 900/1660/925 892/1414/925
f 895/1418/925 896/1416/925 893/1417/925
f 996/1420/957 997/1287/957 995/1421/957
f 998/1302/974 999/1299/971 1000/1301/973
f 998/1302/974 1002/1256/925 1003/1303/925
f 997/1307/925 996/1290/925 1003/1303/925
f 1000/1305/973 1004/1358/1013 1005/1356/1011
f 1004/1358/1013 1007/1628/1145 1006/1424/1043
f 994/1422/957 903/1269/957 912/1270/957
f 1010/1327/988 1011/1328/989 1012/1331/992
f 1017/1345/1004 1016/1348/1006 1014/1334/995
f 1015/1343/1002 1014/1334/995 1013/1333/994
f 1029/1253/946 871/1243/937 870/1241/935
f 1021/1247/941 1019/1430/1047 1018/1426/1044
f 1021/1247/941 1020/1244/938 1022/1245/939
f 1024/1413/1042 1025/1251/944 1023/1250/942
f 1024/1413/1042 1026/1252/945 1027/1254/947
f 1031/1316/925 1028/1326/987 1029/1253/946
f 1026/1252/945 1029/1253/946 1028/1326/987
f 1033/1427/1045 1031/1316/925 1030/1324/925
f 1033/1427/1045 1032/1322/985 1034/1323/979
f 1037/1340/999 1036/1344/1003 1038/1347/1005
f 1039/1314/980 1038/1347/1005 1035/1428/991
f 1021/1247/941 910/1648/1147 978/1429/1046
f 905/1431/925 908/1406/925 903/1408/925
f 941/1435/925 943/1434/925 992/1436/925
f 940/1437/925 992/1436/925 993/1438/925
f 858/1439/925 993/1438/925 859/1440/925
f 995/1442/925 911/1441/925 859/1440/925
f 994/1432/925 995/1442/925 904/1443/925
f 859/1444/1048 993/1411/1040 990/1410/1039
f 1043/1445/1049 1045/1455/1059 1046/1446/1050
f 1065/1448/1052 1066/1461/1063 1051/1449/1053
f 1053/1451/1055 1052/1601/1064 1055/1452/1056
f 974/1212/917 1054/1453/1057 1055/1452/1056
f 1136/1454/1058 1119/1613/1065 1045/1455/1059
f 973/1213/918 1055/1452/1056 1137/1456/1060
f 1126/1457/1061 1052/1462/1064 1056/1458/1062
f 1053/1460/1055 1051/1449/1053 1066/1461/1063
f 1143/1463/1062 1045/1474/1059 1119/1464/1065
f 1134/1466/1066 1135/1599/1138 1132/1467/1067
f 1043/1445/1049 863/1405/1037 983/1230/931
f 1057/1469/1062 1056/1458/1062 1052/1462/1064
f 1057/1469/1062 1066/1461/1063 1065/1448/1052
f 1059/1471/1062 1058/1470/1062 1065/1448/1052
f 1061/1473/1062 1062/1476/1070 1045/1474/1059
f 1060/1475/1062 1063/1479/1072 1062/1476/1070
f 1046/1477/1050 1045/1474/1059 1062/1476/1070
f 1059/1471/1062 1064/1472/1069 1063/1479/1072
f 1047/1478/1071 1062/1476/1070 1063/1479/1072
f 1048/1480/1073 1063/1479/1072 1064/1472/1069
f 1064/1472/1069 1065/1448/1052 1050/1450/1054
f 1053/1451/1055 1054/1453/1057 1167/1482/1075
f 1167/1482/1075 1054/1453/1057 974/1212/917
f 1168/1484/1077 1086/1633/1146 1069/1485/1078
f 1170/1487/1079 1069/1661/1078 1067/1488/1080
f 1049/1481/1074 1050/1450/1054 1173/1490/1082
f 1174/1492/1084 1172/1489/1081 1067/1488/1080
f 1155/1494/1062 1091/1662/1062 1092/1495/1086
f 1073/1497/1088 1075/1505/1088 1068/1498/1089
f 1072/1499/1090 1068/1498/1089 1067/1500/1091
f 1077/1502/954 1076/1506/955 1074/1503/955
f 1075/1505/1088 1073/1497/1088 1074/1503/955
f 1079/1507/956 1077/1502/954 1078/1504/954
f 1079/1507/956 1080/1508/956 1081/1509/957
f 975/1272/959 1082/1585/1131 1083/1511/958
f 976/1273/958 1083/1511/958 1084/1512/960
f 907/1276/962 906/1275/961 1084/1512/960
f 907/1276/962 1085/1513/962 1070/1514/1092
f 1112/1515/964 1090/1530/965 1041/1516/965
f 1086/1519/967 978/1285/967 977/1284/968
f 1150/1520/957 1148/1624/957 1087/1521/957
f 1095/1523/1062 1088/1663/1062 1149/1524/1062
f 1051/1449/1053 1053/1460/1055 1169/1526/1076
f 1092/1495/1086 1091/1662/1062 1089/1528/1062
f 1090/1530/965 1089/1522/957 1087/1521/957
f 1093/1531/1096 1092/1495/1086 1090/1529/1095
f 1077/1533/1062 1079/1581/1062 1096/1534/1062
f 1152/1536/1098 1153/1627/1102 1109/1537/1099
f 1151/1496/1087 1092/1495/1086 1093/1531/1096
f 1095/1523/1062 1156/1525/1062 1152/1536/1098
f 1153/1540/1102 1157/1579/1130 1107/1541/1103
f 1089/1528/1062 1091/1662/1062 1155/1494/1062
f 1095/1523/1062 1094/1538/1100 1097/1544/1104
f 1099/1545/1062 1076/1664/1062 1077/1533/1062
f 1100/1546/1105 1098/1535/1062 1096/1534/1062
f 1044/1447/1051 1046/1446/1050 1181/1547/1106
f 1099/1545/1062 1098/1535/1062 1100/1546/1105
f 1178/1550/1062 1175/1558/1113 1160/1551/1062
f 1175/1558/1113 1075/1557/1112 1160/1551/1062
f 1111/1553/1109 937/1653/1149 981/1319/982
f 1179/1555/1111 1181/1631/1106 1046/1477/1050
f 1177/1556/1062 1179/1555/1111 1047/1478/1071
f 1174/1492/1084 1068/1493/1085 1075/1557/1112
f 1159/1552/1062 1099/1545/1062 1101/1549/1108
f 1178/1550/1062 1159/1552/1062 1162/1560/1115
f 1102/1562/1117 1164/1630/1120 1161/1559/1114
f 1162/1560/1115 1163/1629/1125 1182/1563/1118
f 1104/1564/1119 1165/1573/1126 1164/1565/1120
f 1160/1551/1062 1075/1557/1112 1076/1664/1062
f 1076/1664/1062 1099/1545/1062 1160/1551/1062
f 1103/1567/1121 1102/1562/1117 1101/1549/1108
f 1105/1568/1122 1104/1564/1119 1102/1566/1117
f 864/1339/998 1044/1447/1051 1184/1548/1107
f 980/1341/1000 1104/1564/1119 1105/1568/1122
f 1036/1344/1003 1183/1571/1124 1166/1570/1123
f 1183/1571/1124 1182/1632/1118 1163/1572/1125
f 980/1341/1000 1016/1348/1006 1165/1573/1126
f 1107/1541/1103 931/1357/1012 930/1349/1007
f 979/1342/1001 1105/1568/1122 1106/1574/1127
f 1108/1575/1128 1109/1542/1099 1107/1541/1103
f 1106/1574/1127 1105/1568/1122 1103/1569/1121
f 1094/1538/1100 1109/1537/1099 1108/1576/1128
f 1108/1576/1128 1103/1567/1121 1100/1546/1105
f 1154/1577/1101 1093/1580/1096 1110/1554/1110
f 1158/1578/1129 1110/1554/1110 981/1319/982
f 1157/1579/1130 1007/1628/1145 931/1357/1012
f 1093/1580/1096 1112/1665/1097 1111/1553/1109
f 1079/1581/1062 1088/1663/1062 1095/1523/1062
f 862/1360/1014 1114/1666/1014 1115/1582/923
f 1113/1517/964 1114/1666/1014 1112/1515/964
f 1114/1666/1014 862/1360/1014 1112/1515/964
f 862/1360/1014 937/1656/1015 1111/1583/1015
f 861/1364/923 1115/1667/923 1116/1584/1016
f 1082/1585/1131 975/1272/959 1040/1367/1018
f 1069/1518/1093 1070/1514/1092 1071/1501/1091
f 1117/1587/1062 1118/1465/1062 1119/1464/1065
f 1133/1588/1068 1132/1668/1067 1144/1589/1062
f 1121/1590/1062 1120/1608/1062 1131/1591/1133
f 1121/1590/1062 1130/1592/1134 1129/1593/1135
f 1123/1595/1062 1122/1594/1062 1129/1593/1135
f 1123/1595/1062 1128/1596/1136 1127/1597/1137
f 1124/1598/1062 1127/1597/1137 1126/1457/1061
f 1135/1599/1138 1142/1611/1143 1131/1600/1133
f 1137/1456/1060 1055/1452/1056 1052/1601/1064
f 1138/1603/1139 1127/1614/1137 1128/1604/1136
f 1139/1605/1140 1128/1604/1136 1129/1606/1135
f 1144/1589/1062 1132/1668/1067 1131/1591/1133
f 1140/1607/1141 1129/1606/1135 1130/1609/1134
f 1142/1611/1143 1141/1669/1142 1130/1612/1134
f 1136/1454/1058 1134/1466/1066 1133/1468/1068
f 1137/1456/1060 1126/1602/1061 1127/1614/1137
f 987/1397/1030 1135/1599/1138 1134/1466/1066
f 982/1398/1031 1134/1466/1066 1136/1454/1058
f 1138/1603/1139 985/1399/1032 964/1218/923
f 985/1399/1032 1138/1603/1139 1139/1605/1140
f 968/1401/1034 984/1400/1033 1139/1605/1140
f 969/1402/1035 968/1401/1034 1140/1607/1141
f 969/1403/1035 1141/1669/1142 1142/1611/1143
f 986/1404/1036 1142/1611/1143 1135/1599/1138
f 863/1405/1037 1043/1445/1049 1044/1447/1051
f 1084/1615/1062 1081/1635/1062 1080/1616/1062
f 1145/1618/1144 1146/1670/1150 990/1410/1039
f 860/1365/1016 1116/1584/1016 1145/1618/1144
f 1050/1450/1054 1051/1449/1053 1171/1527/1094
f 1123/1595/1062 1144/1589/1062 1120/1608/1062
f 1124/1598/1062 1117/1587/1062 1144/1589/1062
f 1125/1459/1062 1118/1465/1062 1117/1587/1062
f 1143/1463/1062 1118/1465/1062 1125/1459/1062
f 1061/1473/1062 1143/1463/1062 1056/1458/1062
f 1058/1470/1062 1060/1475/1062 1061/1473/1062
f 1080/1616/1062 1078/1621/1062 1070/1619/1062
f 1074/1620/1062 1071/1623/1062 1070/1619/1062
f 1073/1622/1062 1072/1671/1062 1071/1623/1062
f 1148/1624/957 1150/1520/957 1149/1625/957
f 1153/1627/1102 1152/1536/1098 1151/1496/1087
f 1151/1496/1087 1152/1536/1098 1156/1525/1062
f 1156/1525/1062 1149/1524/1062 1150/1543/1062
f 1153/1540/1102 1154/1577/1101 1158/1578/1129
f 1157/1579/1130 1158/1578/1129 1006/1424/1043
f 1088/1510/957 1081/1509/957 1147/1626/957
f 1163/1629/1125 1162/1560/1115 1161/1559/1114
f 1165/1573/1126 1016/1348/1006 1017/1345/1004
f 1164/1565/1120 1165/1573/1126 1166/1570/1123
f 1176/1491/1083 1177/1556/1062 1048/1480/1073
f 1168/1484/1077 1167/1482/1075 1018/1426/1044
f 1169/1483/1076 1167/1482/1075 1168/1484/1077
f 1170/1487/1079 1172/1489/1081 1171/1527/1094
f 1171/1527/1094 1172/1489/1081 1174/1492/1084
f 1178/1550/1062 1177/1556/1062 1176/1491/1083
f 1173/1490/1082 1174/1492/1084 1175/1558/1113
f 1180/1561/1116 1179/1555/1111 1177/1556/1062
f 1181/1631/1106 1179/1555/1111 1180/1561/1116
f 1183/1571/1124 1036/1344/1003 1037/1340/999
f 1182/1632/1118 1183/1571/1124 1184/1548/1107
f 1168/1484/1077 1019/1430/1047 978/1429/1046
f 1083/1634/1062 1147/1646/1062 1081/1635/1062
f 1145/1639/1062 1116/1638/1062 1114/1637/1062
f 1146/1641/1062 1145/1639/1062 1113/1640/1062
f 1042/1643/1062 1146/1641/1062 1041/1642/1062
f 1148/1645/1062 1082/1647/1062 1042/1643/1062
f 1147/1646/1062 1083/1634/1062 1082/1647/1062
f 990/1410/1039 1146/1670/1150 1042/1586/1132
o PipeWrench_03
v -0.013420 0.046303 -0.131710
v -0.012398 0.051439 -0.131710
v -0.012398 0.041168 -0.131710
v -0.009489 0.055792 -0.131710
v -0.005135 0.058701 -0.131710
v 0.000000 0.059723 -0.131710
v 0.005136 0.058701 -0.131710
v 0.009489 0.055792 -0.131710
v 0.012398 0.051439 -0.131710
v 0.013420 0.046303 -0.131710
v 0.012398 0.041168 -0.131710
v 0.009489 0.036814 -0.131710
v 0.005136 0.033905 -0.131710
v 0.000000 0.032883 -0.131710
v -0.005135 0.033905 -0.131710
v -0.009489 0.036814 -0.131710
v -0.012881 0.033422 -0.131710
v -0.016830 0.039332 -0.131710
v -0.018217 0.046303 -0.131710
v -0.016830 0.053274 -0.131710
v -0.012881 0.059184 -0.131710
v -0.006971 0.063133 -0.131710
v 0.000000 0.064520 -0.131710
v 0.006971 0.063133 -0.131710
v 0.012881 0.059184 -0.131710
v 0.016830 0.053274 -0.131710
v 0.018217 0.046303 -0.131710
v 0.016830 0.039332 -0.131710
v 0.012881 0.033422 -0.131710
v 0.006971 0.029473 -0.131710
v 0.000000 0.028086 -0.131710
v -0.006971 0.029473 -0.131710
v -0.014401 0.031902 -0.129493
v -0.018816 0.038509 -0.129493
v -0.020366 0.046303 -0.129493
v -0.020366 0.046303 -0.104287
v -0.018816 0.038509 -0.104287
v -0.014401 0.031902 -0.104287
v -0.007794 0.027487 -0.104287
v 0.000000 0.025937 -0.104287
v 0.007794 0.027487 -0.104287
v 0.014401 0.031902 -0.104287
v 0.018816 0.038509 -0.104287
v 0.020366 0.046303 -0.104287
v 0.018816 0.054097 -0.104287
v 0.014401 0.060704 -0.104287
v 0.007794 0.065119 -0.104287
v 0.000000 0.066669 -0.104287
v -0.007794 0.065119 -0.104287
v -0.014401 0.060704 -0.104287
v -0.018816 0.054097 -0.104287
v -0.006971 0.063133 -0.102069
v -0.012881 0.059184 -0.102069
v -0.016830 0.053274 -0.102069
v -0.018217 0.046303 -0.102069
v -0.016830 0.039332 -0.102069
v -0.012881 0.033422 -0.102069
v -0.006971 0.029473 -0.102069
v 0.000000 0.028086 -0.102069
v 0.006971 0.029473 -0.102069
v 0.012881 0.033422 -0.102069
v 0.016830 0.039332 -0.102069
v 0.018217 0.046303 -0.102069
v 0.016830 0.053274 -0.102069
v 0.012881 0.059184 -0.102069
v 0.006971 0.063133 -0.102069
v 0.000000 0.064520 -0.102069
v 0.000000 0.059723 -0.102069
v -0.005135 0.058701 -0.102069
v -0.009489 0.055792 -0.102069
v 0.005136 0.058701 -0.102069
v 0.009489 0.055792 -0.102069
v 0.012398 0.051439 -0.102069
v 0.013420 0.046303 -0.102069
v 0.012398 0.041168 -0.102069
v 0.009489 0.036814 -0.102069
v 0.005136 0.033905 -0.102069
v 0.000000 0.032883 -0.102069
v -0.005135 0.033905 -0.102069
v -0.009489 0.036814 -0.102069
v -0.012398 0.041168 -0.102069
v -0.013420 0.046303 -0.102069
v -0.012398 0.051439 -0.102069
v -0.018816 0.054097 -0.129493
v -0.014401 0.060704 -0.129493
v -0.007794 0.065119 -0.129493
v 0.000000 0.066669 -0.129493
v 0.007794 0.065119 -0.129493
v 0.014401 0.060704 -0.129493
v 0.018816 0.054097 -0.129493
v 0.020366 0.046303 -0.129493
v 0.018816 0.038509 -0.129493
v 0.014401 0.031902 -0.129493
v 0.007794 0.027487 -0.129493
v 0.000000 0.025937 -0.129493
v -0.007794 0.027487 -0.129493
vn -0.0000 -0.9972 0.0744
vn -0.3816 -0.9213 -0.0744
vn -0.0000 -0.9972 -0.0744
vn 1.0000 -0.0000 -0.0000
vn 0.9239 -0.3827 -0.0000
vn 0.3815 0.9214 0.0744
vn 0.2423 0.2422 0.9395
vn 0.7052 0.7051 0.0744
vn -0.0000 -0.0000 1.0000
vn 0.1311 0.3165 0.9395
vn 0.3827 -0.9239 -0.0000
vn -0.0000 -1.0000 -0.0000
vn -0.9213 -0.3816 0.0744
vn -0.7051 -0.7051 -0.0744
vn -0.7051 -0.7052 0.0744
vn -0.3165 0.1311 -0.9395
vn -0.7051 0.7052 -0.0743
vn -0.2422 0.2422 -0.9395
vn -0.7071 0.7071 -0.0000
vn -0.3827 0.9239 -0.0000
vn -0.9972 -0.0000 0.0743
vn -0.9213 0.3816 -0.0744
vn -0.9972 -0.0000 -0.0743
vn -0.3426 -0.0000 -0.9395
vn -0.1311 0.3165 -0.9395
vn -0.3816 0.9213 -0.0744
vn 0.7071 -0.7071 -0.0000
vn 0.3426 -0.0000 -0.9395
vn 0.9213 0.3816 -0.0744
vn 0.9972 -0.0000 -0.0743
vn 0.3817 -0.9213 -0.0743
vn -0.0000 -0.3426 -0.9395
vn 0.1311 -0.3165 -0.9395
vn -0.9213 -0.3816 -0.0744
vn -0.2422 -0.2423 -0.9395
vn -0.1311 -0.3165 -0.9395
vn 0.3165 0.1310 0.9395
vn 0.9213 0.3816 0.0744
vn -0.0000 0.3426 -0.9395
vn 0.7052 -0.7051 -0.0744
vn 0.3816 -0.9213 0.0744
vn 0.9972 -0.0000 0.0743
vn 0.9213 -0.3816 -0.0744
vn -0.1311 0.3165 0.9395
vn -0.7052 0.7051 0.0743
vn -0.2422 0.2422 0.9395
vn -0.3816 0.9213 0.0744
vn -0.0000 0.9972 -0.0744
vn -0.9213 0.3816 0.0744
vn 0.3816 0.9213 -0.0744
vn 0.2422 0.2422 -0.9395
vn 0.1311 0.3165 -0.9395
vn -0.9239 -0.3827 -0.0000
vn -1.0000 -0.0000 -0.0000
vn -0.3165 0.1311 0.9395
vn 0.3165 -0.1311 0.9395
vn 0.7052 -0.7051 0.0744
vn 0.9212 -0.3818 0.0744
vn -0.3426 -0.0000 0.9395
vn -0.0000 0.9972 0.0744
vn -0.3816 -0.9213 0.0744
vn -0.0000 -0.3426 0.9395
vn 0.1311 -0.3165 0.9395
vn 0.2422 -0.2422 0.9395
vn 0.3426 -0.0000 0.9395
vn -0.1311 -0.3165 0.9395
vn -0.0000 1.0000 -0.0000
vn 0.3827 0.9239 -0.0000
vn -0.0000 0.3426 0.9395
vn 0.7051 0.7052 -0.0744
vn 0.2422 -0.2422 -0.9395
vn -0.3827 -0.9239 -0.0000
vn -0.7071 -0.7071 -0.0000
vn -0.9239 0.3827 -0.0000
vn 0.7071 0.7071 -0.0000
vn 0.9239 0.3827 -0.0000
vn -0.2422 -0.2422 0.9395
vn 0.3165 -0.1311 -0.9395
vn 0.3165 0.1310 -0.9395
vn -0.3165 -0.1311 0.9395
vn -0.0000 -0.0000 -1.0000
vn -0.3165 -0.1311 -0.9395
vt 0.437090 0.960404
vt 0.415772 0.870551
vt 0.437090 0.870551
vt 0.681805 0.809824
vt 0.669369 0.739422
vt 0.681805 0.739422
vt 0.245231 0.960404
vt 0.223913 0.971413
vt 0.223911 0.960404
vt 0.245229 0.988514
vt 0.245231 0.971413
vt 0.644495 0.809824
vt 0.632059 0.739422
vt 0.644495 0.739422
vt 0.373136 0.960404
vt 0.394453 0.870551
vt 0.394455 0.960404
vt 0.330502 0.859542
vt 0.309184 0.870552
vt 0.309184 0.859542
vt 0.557439 0.809824
vt 0.545003 0.739422
vt 0.557439 0.739422
vt 0.351819 0.960404
vt 0.330502 0.870551
vt 0.351819 0.870551
vt 0.351819 0.859542
vt 0.287864 0.859542
vt 0.287866 0.870552
vt 0.669369 0.809824
vt 0.656932 0.739422
vt 0.181278 0.859542
vt 0.202595 0.870552
vt 0.181278 0.870552
vt 0.117323 0.870552
vt 0.096005 0.859542
vt 0.117323 0.859542
vt 0.373136 0.870551
vt 0.394455 0.859542
vt 0.415772 0.859542
vt 0.202595 0.971413
vt 0.202595 0.960404
vt 0.266549 0.859542
vt 0.096007 0.960404
vt 0.096005 0.870552
vt 0.138642 0.870552
vt 0.117323 0.960404
vt 0.181278 0.960404
vt 0.159960 0.870552
vt 0.287866 0.971413
vt 0.309184 0.960404
vt 0.309184 0.971413
vt 0.287864 0.960404
vt 0.266549 0.870552
vt 0.330502 0.960404
vt 0.437090 0.859542
vt 0.245231 0.870552
vt 0.223913 0.859542
vt 0.245231 0.859542
vt 0.594749 0.809824
vt 0.582313 0.739422
vt 0.594749 0.739422
vt 0.656932 0.809824
vt 0.330502 0.971413
vt 0.159960 0.971413
vt 0.138643 0.960404
vt 0.159958 0.960404
vt 0.351819 0.971413
vt 0.266549 0.960404
vt 0.415772 0.960404
vt 0.437090 0.971413
vt 0.117322 0.971413
vt 0.138643 0.971413
vt 0.181278 0.971413
vt 0.415772 0.971413
vt 0.545003 0.809824
vt 0.532567 0.739422
vt 0.731551 0.809824
vt 0.719114 0.739422
vt 0.731551 0.739422
vt 0.266548 0.971413
vt 0.223911 0.870552
vt 0.266548 0.988514
vt 0.138643 0.859542
vt 0.287866 0.988514
vt 0.632059 0.809824
vt 0.619622 0.739422
vt 0.619622 0.809824
vt 0.607186 0.739422
vt 0.582313 0.809824
vt 0.569875 0.739422
vt 0.569875 0.809824
vt 0.706678 0.809824
vt 0.694241 0.739422
vt 0.706678 0.739422
vt 0.719114 0.809824
vt 0.694241 0.809824
vt 0.607186 0.809824
vt 0.394455 0.971413
vt 0.309184 0.988514
vt 0.159960 0.859542
vt 0.202595 0.859542
vt 0.223913 0.988514
vt 0.181278 0.988514
vt 0.202595 0.988514
vt 0.138642 0.988514
vt 0.159960 0.988514
vt 0.117323 0.988514
vt 0.096005 0.988514
vt 0.415772 0.988514
vt 0.437090 0.988514
vt 0.394453 0.988514
vt 0.373136 0.971413
vt 0.373136 0.988514
vt 0.330502 0.988514
vt 0.351819 0.988514
vt 0.309184 0.842442
vt 0.330502 0.842442
vt 0.287866 0.842442
vt 0.266548 0.842442
vt 0.245229 0.842442
vt 0.223913 0.842442
vt 0.181278 0.842442
vt 0.202595 0.842442
vt 0.138642 0.842442
vt 0.159960 0.842442
vt 0.117323 0.842442
vt 0.096005 0.842442
vt 0.415772 0.842442
vt 0.437090 0.842442
vt 0.394453 0.842442
vt 0.373136 0.859542
vt 0.373136 0.842442
vt 0.351819 0.842442
vt 0.096005 0.971413
vt 0.532567 0.809824
s 1
usemtl PipeWrench
f 1224/1672/1151 1280/1673/1152 1279/1674/1153
f 1185/1675/1154 1267/1676/1155 1266/1677/1154
f 1231/1678/1156 1249/1679/1157 1230/1680/1158
f 1255/1681/1159 1249/1679/1157 1250/1682/1160
f 1189/1683/1161 1252/1684/1162 1253/1685/1161
f 1221/1686/1163 1217/1687/1164 1222/1688/1165
f 1204/1689/1166 1269/1690/1167 1205/1691/1168
f 1196/1692/1169 1261/1693/1170 1260/1694/1169
f 1220/1695/1171 1268/1696/1172 1219/1697/1173
f 1203/1698/1174 1268/1696/1172 1204/1689/1166
f 1206/1699/1175 1269/1690/1167 1270/1700/1176
f 1186/1701/1155 1254/1702/1177 1267/1676/1155
f 1211/1703/1178 1274/1704/1179 1275/1705/1180
f 1278/1706/1181 1215/1707/1182 1214/1708/1183
f 1218/1709/1184 1201/1710/1185 1217/1687/1164
f 1216/1711/1186 1217/1687/1164 1201/1710/1185
f 1221/1686/1163 1219/1697/1173 1218/1709/1184
f 1230/1680/1158 1248/1712/1187 1229/1713/1188
f 1270/1700/1176 1207/1714/1189 1206/1699/1175
f 1278/1706/1181 1224/1715/1151 1279/1716/1153
f 1277/1717/1190 1225/1718/1191 1278/1706/1181
f 1228/1719/1192 1276/1720/1193 1275/1705/1180
f 1236/1721/1194 1234/1722/1195 1237/1723/1196
f 1233/1724/1197 1271/1725/1198 1270/1700/1176
f 1235/1726/1199 1269/1690/1167 1268/1696/1172
f 1280/1673/1152 1215/1727/1182 1279/1674/1153
f 1272/1728/1200 1209/1729/1201 1208/1730/1202
f 1193/1731/1203 1258/1732/1204 1257/1733/1203
f 1189/1683/1161 1254/1702/1177 1188/1734/1177
f 1229/1713/1188 1275/1705/1180 1274/1704/1179
f 1234/1722/1195 1270/1700/1176 1269/1690/1167
f 1238/1735/1205 1234/1722/1195 1235/1726/1199
f 1246/1736/1206 1226/1737/1207 1227/1738/1208
f 1239/1739/1209 1235/1726/1199 1220/1695/1171
f 1232/1740/1210 1250/1682/1160 1231/1678/1156
f 1223/1741/1211 1217/1687/1164 1280/1673/1152
f 1243/1742/1212 1223/1741/1211 1224/1672/1151
f 1244/1743/1213 1224/1715/1151 1225/1718/1191
f 1245/1744/1214 1225/1718/1191 1226/1737/1207
f 1247/1745/1215 1227/1738/1208 1228/1719/1192
f 1229/1713/1188 1247/1745/1215 1228/1719/1192
f 1242/1746/1216 1222/1688/1165 1223/1741/1211
f 1197/1747/1170 1262/1748/1217 1261/1693/1170
f 1198/1749/1217 1263/1750/1218 1262/1751/1217
f 1232/1740/1210 1272/1728/1200 1271/1725/1198
f 1233/1724/1197 1251/1752/1219 1232/1740/1210
f 1231/1678/1156 1273/1753/1220 1272/1728/1200
f 1252/1754/1159 1250/1682/1160 1251/1752/1219
f 1230/1680/1158 1274/1704/1179 1273/1753/1220
f 1213/1755/1221 1278/1706/1181 1214/1708/1183
f 1253/1756/1159 1251/1752/1219 1236/1721/1194
f 1221/1686/1163 1239/1739/1209 1220/1695/1171
f 1276/1720/1193 1211/1703/1178 1275/1705/1180
f 1190/1757/1162 1255/1758/1222 1252/1684/1162
f 1191/1759/1222 1256/1760/1223 1255/1758/1222
f 1271/1725/1198 1208/1730/1202 1207/1714/1189
f 1194/1761/1204 1259/1762/1224 1258/1732/1204
f 1195/1763/1224 1260/1694/1169 1259/1762/1224
f 1200/1764/1225 1265/1765/1226 1264/1766/1225
f 1199/1767/1218 1264/1766/1225 1263/1750/1218
f 1187/1768/1226 1266/1677/1154 1265/1765/1226
f 1192/1769/1223 1257/1733/1203 1256/1760/1223
f 1241/1770/1227 1221/1686/1163 1222/1688/1165
f 1203/1698/1174 1218/1709/1184 1219/1697/1173
f 1254/1771/1159 1236/1721/1194 1237/1723/1196
f 1212/1772/1228 1277/1717/1190 1213/1755/1221
f 1210/1773/1229 1273/1753/1220 1274/1704/1179
f 1226/1737/1207 1276/1720/1193 1227/1738/1208
f 1256/1774/1159 1248/1712/1187 1249/1679/1157
f 1258/1775/1159 1248/1712/1187 1257/1776/1159
f 1258/1775/1159 1246/1736/1206 1247/1745/1215
f 1260/1777/1159 1246/1736/1206 1259/1778/1159
f 1261/1779/1159 1245/1744/1214 1260/1777/1159
f 1262/1780/1159 1244/1743/1213 1261/1779/1159
f 1263/1781/1159 1243/1742/1212 1262/1782/1159
f 1264/1783/1159 1242/1746/1216 1263/1781/1159
f 1264/1783/1159 1240/1784/1230 1241/1770/1227
f 1265/1785/1159 1239/1739/1209 1240/1784/1230
f 1267/1786/1159 1239/1739/1209 1266/1787/1159
f 1254/1771/1159 1238/1735/1205 1267/1786/1159
f 1204/1689/1166 1188/1788/1231 1186/1789/1231
f 1206/1699/1175 1188/1788/1231 1205/1691/1168
f 1207/1714/1189 1189/1790/1231 1206/1699/1175
f 1208/1730/1202 1190/1791/1231 1207/1714/1189
f 1209/1729/1201 1191/1792/1231 1208/1730/1202
f 1210/1773/1229 1192/1793/1231 1209/1729/1201
f 1210/1773/1229 1194/1794/1231 1193/1795/1231
f 1212/1772/1228 1194/1794/1231 1211/1703/1178
f 1212/1772/1228 1196/1796/1231 1195/1797/1231
f 1213/1755/1221 1197/1798/1231 1196/1796/1231
f 1214/1708/1183 1198/1799/1231 1197/1798/1231
f 1215/1727/1182 1199/1800/1231 1198/1801/1231
f 1216/1711/1186 1200/1802/1231 1199/1800/1231
f 1202/1803/1232 1200/1802/1231 1201/1710/1185
f 1203/1698/1174 1187/1804/1231 1202/1803/1232
f 1203/1698/1174 1186/1789/1231 1185/1805/1231
f 1224/1672/1151 1223/1741/1211 1280/1673/1152
f 1185/1675/1154 1186/1701/1155 1267/1676/1155
f 1231/1678/1156 1250/1682/1160 1249/1679/1157
f 1255/1681/1159 1256/1774/1159 1249/1679/1157
f 1189/1683/1161 1190/1757/1162 1252/1684/1162
f 1221/1686/1163 1218/1709/1184 1217/1687/1164
f 1204/1689/1166 1268/1696/1172 1269/1690/1167
f 1196/1692/1169 1197/1747/1170 1261/1693/1170
f 1220/1695/1171 1235/1726/1199 1268/1696/1172
f 1203/1698/1174 1219/1697/1173 1268/1696/1172
f 1206/1699/1175 1205/1691/1168 1269/1690/1167
f 1186/1701/1155 1188/1734/1177 1254/1702/1177
f 1211/1703/1178 1210/1773/1229 1274/1704/1179
f 1278/1706/1181 1279/1716/1153 1215/1707/1182
f 1218/1709/1184 1202/1803/1232 1201/1710/1185
f 1216/1711/1186 1280/1673/1152 1217/1687/1164
f 1221/1686/1163 1220/1695/1171 1219/1697/1173
f 1230/1680/1158 1249/1679/1157 1248/1712/1187
f 1270/1700/1176 1271/1725/1198 1207/1714/1189
f 1278/1706/1181 1225/1718/1191 1224/1715/1151
f 1277/1717/1190 1226/1737/1207 1225/1718/1191
f 1228/1719/1192 1227/1738/1208 1276/1720/1193
f 1236/1721/1194 1233/1724/1197 1234/1722/1195
f 1233/1724/1197 1232/1740/1210 1271/1725/1198
f 1235/1726/1199 1234/1722/1195 1269/1690/1167
f 1280/1673/1152 1216/1711/1186 1215/1727/1182
f 1272/1728/1200 1273/1753/1220 1209/1729/1201
f 1193/1731/1203 1194/1761/1204 1258/1732/1204
f 1189/1683/1161 1253/1685/1161 1254/1702/1177
f 1229/1713/1188 1228/1719/1192 1275/1705/1180
f 1234/1722/1195 1233/1724/1197 1270/1700/1176
f 1238/1735/1205 1237/1723/1196 1234/1722/1195
f 1246/1736/1206 1245/1744/1214 1226/1737/1207
f 1239/1739/1209 1238/1735/1205 1235/1726/1199
f 1232/1740/1210 1251/1752/1219 1250/1682/1160
f 1223/1741/1211 1222/1688/1165 1217/1687/1164
f 1243/1742/1212 1242/1746/1216 1223/1741/1211
f 1244/1743/1213 1243/1806/1212 1224/1715/1151
f 1245/1744/1214 1244/1743/1213 1225/1718/1191
f 1247/1745/1215 1246/1736/1206 1227/1738/1208
f 1229/1713/1188 1248/1712/1187 1247/1745/1215
f 1242/1746/1216 1241/1770/1227 1222/1688/1165
f 1197/1747/1170 1198/1807/1217 1262/1748/1217
f 1198/1749/1217 1199/1767/1218 1263/1750/1218
f 1232/1740/1210 1231/1678/1156 1272/1728/1200
f 1233/1724/1197 1236/1721/1194 1251/1752/1219
f 1231/1678/1156 1230/1680/1158 1273/1753/1220
f 1252/1754/1159 1255/1681/1159 1250/1682/1160
f 1230/1680/1158 1229/1713/1188 1274/1704/1179
f 1213/1755/1221 1277/1717/1190 1278/1706/1181
f 1253/1756/1159 1252/1754/1159 1251/1752/1219
f 1221/1686/1163 1240/1784/1230 1239/1739/1209
f 1276/1720/1193 1212/1772/1228 1211/1703/1178
f 1190/1757/1162 1191/1759/1222 1255/1758/1222
f 1191/1759/1222 1192/1769/1223 1256/1760/1223
f 1271/1725/1198 1272/1728/1200 1208/1730/1202
f 1194/1761/1204 1195/1763/1224 1259/1762/1224
f 1195/1763/1224 1196/1692/1169 1260/1694/1169
f 1200/1764/1225 1187/1768/1226 1265/1765/1226
f 1199/1767/1218 1200/1764/1225 1264/1766/1225
f 1187/1768/1226 1185/1675/1154 1266/1677/1154
f 1192/1769/1223 1193/1731/1203 1257/1733/1203
f 1241/1770/1227 1240/1784/1230 1221/1686/1163
f 1203/1698/1174 1202/1803/1232 1218/1709/1184
f 1254/1771/1159 1253/1756/1159 1236/1721/1194
f 1212/1772/1228 1276/1720/1193 1277/1717/1190
f 1210/1773/1229 1209/1729/1201 1273/1753/1220
f 1226/1737/1207 1277/1717/1190 1276/1720/1193
f 1256/1774/1159 1257/1776/1159 1248/1712/1187
f 1258/1775/1159 1247/1745/1215 1248/1712/1187
f 1258/1775/1159 1259/1778/1159 1246/1736/1206
f 1260/1777/1159 1245/1744/1214 1246/1736/1206
f 1261/1779/1159 1244/1743/1213 1245/1744/1214
f 1262/1780/1159 1243/1806/1212 1244/1743/1213
f 1263/1781/1159 1242/1746/1216 1243/1742/1212
f 1264/1783/1159 1241/1770/1227 1242/1746/1216
f 1264/1783/1159 1265/1785/1159 1240/1784/1230
f 1265/1785/1159 1266/1787/1159 1239/1739/1209
f 1267/1786/1159 1238/1735/1205 1239/1739/1209
f 1254/1771/1159 1237/1723/1196 1238/1735/1205
f 1204/1689/1166 1205/1691/1168 1188/1788/1231
f 1206/1699/1175 1189/1790/1231 1188/1788/1231
f 1207/1714/1189 1190/1791/1231 1189/1790/1231
f 1208/1730/1202 1191/1792/1231 1190/1791/1231
f 1209/1729/1201 1192/1793/1231 1191/1792/1231
f 1210/1773/1229 1193/1795/1231 1192/1793/1231
f 1210/1773/1229 1211/1703/1178 1194/1794/1231
f 1212/1772/1228 1195/1797/1231 1194/1794/1231
f 1212/1772/1228 1213/1755/1221 1196/1796/1231
f 1213/1755/1221 1214/1708/1183 1197/1798/1231
f 1214/1708/1183 1215/1707/1182 1198/1799/1231
f 1215/1727/1182 1216/1711/1186 1199/1800/1231
f 1216/1711/1186 1201/1710/1185 1200/1802/1231
f 1202/1803/1232 1187/1804/1231 1200/1802/1231
f 1203/1698/1174 1185/1805/1231 1187/1804/1231
f 1203/1698/1174 1204/1689/1166 1186/1789/1231
