# Blender v2.82 (sub 7) OBJ File: ''
# www.blender.org
mtllib beef_patty.mtl
o Beef_Pattie
v 6.143000 -0.001000 -3.324000
v 6.826000 -0.001000 -2.046000
v 5.224000 -0.001000 -4.443000
v -6.929000 5.000000 3.651000
v -6.677116 4.988989 3.886367
v -6.825913 4.989004 3.608162
v 4.105000 -0.001000 -5.362000
v 2.827000 -0.001000 -6.045000
v 1.441000 -0.001000 -6.465000
v -6.826000 4.989007 3.608000
v -7.154313 4.988961 2.524569
v 7.246000 -0.001000 2.222000
v 6.826000 -0.001000 3.608000
v -5.224000 -0.001000 -4.443000
v 1.914000 1.543000 10.402000
v 0.000000 1.543000 10.591000
v -0.000000 1.111000 10.360000
v 0.000000 -0.001000 -6.607000
v 9.090000 4.268000 2.589000
v 8.889000 4.579000 0.781000
v 8.719000 4.579000 2.515000
v 1.942000 2.012000 10.542000
v 0.000000 2.012000 10.733000
v 8.457000 4.810000 0.781000
v 8.295000 4.810000 2.431000
v 6.143000 -0.001000 4.885000
v 7.388000 -0.001000 0.781000
v 7.246000 -0.001000 -0.661000
v 2.827000 -0.001000 7.606000
v 4.105000 -0.001000 6.924000
v 5.224000 -0.001000 6.005000
v 1.441000 -0.001000 8.027000
v -7.246000 5.000000 2.222000
v -7.245961 4.988950 2.222130
v -4.105000 -0.001000 -5.362000
v -2.827000 -0.001000 -6.045000
v -1.441000 -0.001000 -6.465000
v -7.356000 5.000000 2.244000
v -6.826000 -0.001000 -2.046000
v -6.143000 -0.001000 -3.324000
v 0.000000 -0.001000 8.169000
v -7.246000 4.988953 2.222000
v -7.246000 -0.001000 2.222000
v -7.388000 -0.001000 0.781000
v -7.246000 -0.001000 -0.661000
v -6.826000 -0.001000 3.608000
v -2.827000 -0.001000 7.606000
v -4.105000 -0.001000 6.924000
v -5.224000 -0.001000 6.005000
v -1.441000 -0.001000 8.027000
v -6.143000 -0.001000 4.885000
v 6.143000 5.000000 -3.324000
v 5.224000 5.000000 -4.443000
v 6.826000 5.000000 -2.046000
v 1.441000 5.000000 -6.465000
v 7.388000 5.000000 0.781000
v 2.827000 5.000000 -6.045000
v -1.808000 4.268000 -8.309000
v 0.000000 4.268000 -8.487000
v 0.000000 3.889000 -8.798000
v -1.734000 4.579000 -7.938000
v -7.813000 4.810000 4.017000
v -7.032000 4.810000 5.479000
v -6.642000 4.952000 5.219000
v 7.246000 5.000000 -0.661000
v 4.105000 5.000000 -5.362000
v -7.380000 4.952000 3.838000
v 9.579000 3.889000 0.781000
v 9.395000 3.889000 2.650000
v 9.622000 3.457000 2.695000
v 0.000000 5.000000 -6.607000
v 7.246000 5.000000 2.222000
v 0.000000 4.579000 -8.109000
v 0.000000 2.500000 -9.220000
v -1.951000 2.500000 -9.028000
v -1.942000 2.988000 -8.980000
v 9.808000 2.500000 2.732000
v 10.001000 2.500000 0.781000
v 9.952000 2.988000 0.781000
v 6.826000 5.000000 3.608000
v -7.246000 0.010251 -0.661000
v -7.246083 0.010268 -0.660155
v 6.143000 5.000000 4.885000
v 5.224000 5.000000 6.005000
v 0.000000 2.988000 -9.172000
v -1.914000 3.457000 -8.841000
v -0.000000 3.457000 -9.029000
v -1.441000 5.000000 -6.465000
v -2.827000 5.000000 -6.045000
v 2.827000 5.000000 7.606000
v 9.761000 2.988000 2.722000
v 4.105000 5.000000 6.924000
v 9.810000 3.457000 0.781000
v -1.869000 3.889000 -8.614000
v -5.224000 5.000000 -4.443000
v -6.143000 5.000000 -3.324000
v -7.388000 0.010269 0.781000
v -7.277026 0.010282 1.907152
v -7.357037 0.010262 0.466573
v -7.500000 -0.001000 0.781000
v -4.105000 5.000000 -5.362000
v 9.761000 2.012000 2.722000
v 9.952000 2.012000 0.781000
v 1.441000 5.000000 8.027000
v -6.826000 5.000000 -2.046000
v 9.761000 2.988000 -1.161000
v 0.000000 5.000000 8.169000
v -7.388000 5.000000 0.781000
v -7.246000 5.000000 -0.661000
v 9.395000 3.889000 -1.088000
v -6.826000 5.000000 3.608000
v -3.809000 2.988000 -8.414000
v -2.827000 5.000000 7.606000
v -1.441000 5.000000 8.027000
v -6.825913 0.010225 3.608162
v -6.929000 -0.001000 3.651000
v -6.826000 0.010221 3.608000
v -3.827000 2.500000 -8.458000
v -6.143000 5.000000 4.885000
v -5.224000 5.000000 6.005000
v -4.105000 5.000000 6.924000
v -3.754000 3.457000 -8.283000
v -6.917309 0.010233 3.306681
v -7.245961 0.010280 2.222130
v -6.291904 0.010273 4.606596
v -7.246000 0.010278 2.222000
v -7.356000 -0.001000 2.244000
v 9.090000 0.732000 -1.027000
v 9.268000 0.732000 0.781000
v 8.889000 0.421000 0.781000
v -1.942000 2.012000 -8.980000
v 9.090000 4.268000 -1.027000
v 9.268000 4.268000 0.781000
v 8.719000 4.579000 -0.953000
v -7.380000 0.048000 3.838000
v -7.813000 0.190000 4.017000
v -7.835000 0.048000 2.339000
v 8.295000 4.810000 -0.869000
v -8.295000 0.190000 2.431000
v -1.869000 1.111000 -8.614000
v 0.000000 1.111000 -8.798000
v 0.000000 0.732000 -8.487000
v -1.808000 0.732000 -8.309000
v 8.563000 4.268000 -2.766000
v 8.213000 4.579000 -2.621000
v -1.914000 1.543000 -8.841000
v -0.000000 1.543000 -9.029000
v 0.000000 2.012000 -9.172000
v -3.547000 0.732000 -7.782000
v -3.666000 1.111000 -8.069000
v -3.754000 1.543000 -8.283000
v -7.988000 0.048000 0.781000
v 8.719000 0.421000 2.515000
v 9.090000 0.732000 2.589000
v 9.808000 2.500000 -1.170000
v -3.809000 2.012000 -8.414000
v 9.622000 3.457000 -1.133000
v 0.000000 4.988984 8.169000
v -1.126842 4.988971 8.057958
v -1.441130 4.988950 8.026960
v -2.523364 4.988923 7.698230
v 8.850000 3.889000 -2.885000
v -1.463000 5.000000 8.137000
v 0.000000 5.000000 8.281000
v -1.441000 4.988953 8.027000
v 9.195000 2.988000 -3.028000
v -2.870000 5.000000 7.710000
v 8.295000 0.190000 2.431000
v 8.457000 0.190000 0.781000
v 9.239000 2.500000 -3.046000
v 9.063000 3.457000 -2.973000
v -5.450000 3.457000 -7.376000
v -2.827000 4.988906 7.606000
v 9.579000 1.111000 0.781000
v -3.826033 4.988964 7.072870
v -2.827011 4.988906 7.605994
v -5.556000 2.500000 -7.534000
v 9.395000 1.111000 2.650000
v 9.810000 1.543000 0.781000
v 9.622000 1.543000 2.695000
v -1.650000 4.810000 -7.514000
v 0.000000 4.810000 -7.676000
v 8.315000 2.500000 -4.775000
v 8.275000 2.988000 -4.748000
v -1.558000 4.952000 -7.054000
v -0.000000 4.952000 -7.207000
v 8.563000 4.268000 4.328000
v 8.213000 4.579000 4.183000
v -1.463000 5.000000 -6.575000
v 7.706000 4.268000 -4.368000
v -0.000000 5.000000 -6.720000
v -1.441000 4.988953 -6.465000
v -1.441130 4.988950 -6.464961
v -1.743966 4.988955 -6.373192
v 0.000000 4.988885 -6.607000
v -0.316645 4.988890 -6.575797
v -2.827000 4.988928 -6.045000
v -3.057000 4.952000 8.161000
v 8.315000 2.500000 6.337000
v 9.195000 2.988000 4.589000
v 8.275000 2.988000 6.310000
v -1.558000 4.952000 8.615000
v 9.239000 2.500000 4.608000
v 9.063000 3.457000 4.535000
v -3.402000 4.579000 -7.432000
v -0.314487 0.010265 8.138010
v -1.441000 0.010278 8.027000
v -1.744494 0.010297 7.934813
v -1.441130 0.010280 8.026960
v 8.275000 2.012000 6.310000
v 9.195000 2.012000 4.589000
v -3.547000 4.268000 -7.782000
v -3.666000 3.889000 -8.069000
v 9.063000 1.543000 -2.973000
v 8.275000 2.012000 -4.748000
v 9.195000 2.012000 -3.028000
v -3.236000 4.810000 -7.033000
v 8.850000 3.889000 4.447000
v -3.057000 4.952000 -6.599000
v 8.719000 0.421000 -0.953000
v 8.295000 0.190000 -0.869000
v -2.870000 5.000000 -6.149000
v 9.395000 1.111000 -1.088000
v -2.827000 0.010325 7.606000
v -2.827011 0.010325 7.605994
v -2.870000 -0.001000 7.710000
v 9.622000 1.543000 -1.133000
v 8.213000 0.421000 4.183000
v 8.563000 0.732000 4.328000
v 9.761000 2.012000 -1.161000
v 8.850000 1.111000 4.447000
v -3.106607 0.010300 7.456789
v 8.213000 0.421000 -2.621000
v 7.813000 0.190000 -2.456000
v 8.563000 0.732000 -2.766000
v -4.699000 4.810000 -6.251000
v 8.850000 1.111000 -2.885000
v 8.157000 1.543000 6.231000
v -2.827089 4.988926 -6.044952
v -3.106586 4.988932 -5.895582
v 9.063000 1.543000 4.535000
v 0.000000 0.010246 8.169000
v 1.808000 4.268000 -8.309000
v -1.463000 -0.001000 8.137000
v 7.357037 4.988967 0.466573
v 7.988000 4.952000 0.781000
v 3.827000 2.500000 -8.458000
v 1.951000 2.500000 -9.028000
v 1.942000 2.988000 -8.980000
v 0.000000 0.010346 -6.607000
v -1.126152 0.010282 -6.496026
v -4.167000 -0.001000 7.017000
v -3.057000 0.048000 8.161000
v 7.388000 4.988961 0.781000
v 7.277026 4.988948 1.907152
v -1.558000 0.048000 8.615000
v 3.809000 2.988000 -8.414000
v 1.914000 3.457000 -8.841000
v 3.754000 3.457000 -8.283000
v 7.500000 5.000000 0.781000
v 7.246083 4.988962 -0.660155
v 0.000000 -0.001000 -6.720000
v -1.441000 0.010278 -6.465000
v -1.441130 0.010280 -6.464961
v 1.869000 3.889000 -8.614000
v -2.870000 -0.001000 -6.149000
v -1.463000 -0.001000 -6.575000
v -2.523398 0.010307 -6.137001
v 3.666000 3.889000 -8.069000
v -6.143000 4.988942 4.885000
v -6.142592 4.988929 4.885497
v -5.941753 4.988940 5.130262
v -6.236000 5.000000 4.948000
v -1.650000 0.190000 -7.514000
v -0.000000 0.190000 -7.676000
v -0.000000 0.048000 -7.207000
v -4.979753 4.988946 6.205593
v -5.224000 4.988946 6.005000
v -1.558000 0.048000 -7.054000
v -1.734000 0.421000 -7.938000
v -5.224451 4.988932 6.004451
v -5.304000 5.000000 6.084000
v 0.000000 0.421000 -8.109000
v 1.942000 2.012000 -8.980000
v -3.402000 0.421000 -7.432000
v 7.246000 4.988953 2.222000
v 6.826000 4.989007 3.608000
v 6.917309 4.988997 3.306681
v 7.245961 4.988950 2.222130
v 6.291904 4.988957 4.606596
v 6.825913 4.989004 3.608162
v 7.356000 5.000000 2.244000
v 1.869000 1.111000 -8.614000
v 6.929000 5.000000 3.651000
v 1.914000 1.543000 -8.841000
v 3.754000 1.543000 -8.283000
v -8.213000 4.579000 4.183000
v 3.809000 2.012000 -8.414000
v -3.236000 0.190000 -7.033000
v -3.057000 0.048000 -6.599000
v 7.380000 4.952000 3.838000
v 1.734000 0.421000 -7.938000
v 1.808000 0.732000 -8.309000
v 7.835000 4.952000 2.339000
v 7.813000 4.810000 4.017000
v -4.699000 0.190000 -6.251000
v -5.648000 4.952000 6.429000
v -5.149000 0.732000 -6.925000
v 3.402000 4.579000 -7.432000
v 4.939000 4.579000 -6.610000
v 5.149000 4.268000 -6.925000
v 3.236000 4.810000 -7.033000
v 4.699000 4.810000 -6.251000
v -5.450000 1.543000 -7.376000
v 7.277080 0.010274 -0.345383
v 7.500000 -0.001000 0.781000
v 7.388000 0.010269 0.781000
v 7.357009 0.010265 1.095487
v 6.554000 4.268000 -5.773000
v 6.286000 4.579000 -5.505000
v 7.391000 4.579000 -4.158000
v 5.980000 4.810000 -5.199000
v -2.827000 0.010303 -6.045000
v -2.827089 0.010305 -6.044952
v -3.824546 0.010315 -5.511882
v -5.980000 4.810000 6.761000
v -4.438000 4.952000 7.423000
v -4.699000 4.810000 7.813000
v -4.167000 5.000000 7.017000
v -4.105000 4.988992 6.924000
v -4.104831 4.988988 6.924090
v 4.105000 4.988934 -5.362000
v 4.104452 4.988921 -5.362293
v 5.224000 4.988870 -4.443000
v 4.978031 4.988887 -4.645007
v 5.942675 4.988975 -3.567921
v 7.356000 -0.001000 2.244000
v 4.167000 5.000000 -5.456000
v 4.438000 4.952000 -5.861000
v 5.648000 4.952000 -4.868000
v -3.236000 4.810000 8.594000
v 5.304000 5.000000 -4.523000
v -6.286000 4.579000 7.067000
v -7.391000 4.579000 5.719000
v -7.706000 4.268000 5.930000
v -4.939000 4.579000 -6.610000
v -5.149000 4.268000 -6.925000
v -6.554000 4.268000 7.334000
v 6.677116 0.010241 3.886367
v 6.825913 0.010225 3.608162
v -4.438000 4.952000 -5.861000
v 6.929000 -0.001000 3.651000
v 7.154313 0.010269 2.524569
v 6.826000 0.010221 3.608000
v -6.286000 4.579000 -5.505000
v -4.939000 4.579000 8.172000
v -5.980000 4.810000 -5.199000
v -4.167000 5.000000 -5.456000
v 7.032000 0.190000 5.479000
v 7.813000 0.190000 4.017000
v -5.224000 4.988870 -4.443000
v -5.426007 4.988887 -4.197031
v -8.850000 3.889000 4.447000
v -7.965000 3.889000 6.103000
v -4.105000 4.988933 -5.362000
v -4.349893 4.988915 -5.160877
v -4.104452 4.988921 -5.362293
v 7.380000 0.048000 3.838000
v -5.304000 5.000000 -4.523000
v -6.937000 3.457000 7.718000
v -8.157000 3.457000 6.231000
v -8.275000 2.988000 6.310000
v 7.835000 0.048000 2.339000
v 7.071000 2.500000 -6.291000
v 5.556000 2.500000 -7.534000
v 5.529000 2.988000 -7.494000
v 7.988000 0.048000 0.781000
v -6.773000 3.889000 7.554000
v 7.246000 0.010278 2.222000
v 7.037000 2.988000 -6.257000
v 7.245961 0.010280 2.222130
v -6.554000 4.268000 -5.773000
v 5.450000 3.457000 -7.376000
v 6.937000 3.457000 -6.156000
v 5.322000 3.889000 -7.184000
v 6.773000 3.889000 -5.993000
v -5.648000 4.952000 -4.868000
v -7.037000 2.988000 7.818000
v -5.529000 2.988000 9.056000
v -5.450000 3.457000 8.938000
v -7.391000 4.579000 -4.158000
v 5.529000 2.012000 -7.494000
v -7.706000 4.268000 -4.368000
v 8.157000 3.457000 -4.669000
v -7.032000 4.810000 -3.918000
v -5.224451 0.010298 6.004451
v -5.224000 0.010284 6.005000
v -5.304000 -0.001000 6.084000
v -5.425629 0.010309 5.759272
v 7.965000 3.889000 -4.541000
v -6.143000 0.010289 4.885000
v -6.142592 0.010301 4.885497
v 6.143000 4.988942 4.885000
v -6.236000 -0.001000 4.948000
v -8.213000 4.579000 -2.621000
v 6.236000 5.000000 4.948000
v -5.529000 2.988000 -7.494000
v -7.037000 2.988000 -6.257000
v -7.071000 2.500000 -6.291000
v 7.706000 4.268000 5.930000
v 7.391000 4.579000 5.719000
v -5.322000 3.889000 -7.184000
v 7.032000 4.810000 5.479000
v 6.642000 4.952000 5.219000
v -5.529000 2.012000 -7.494000
v 5.224000 4.988946 6.005000
v 5.224451 4.988932 6.004451
v 5.425629 4.988922 5.759272
v 6.142592 4.988929 4.885497
v -6.937000 3.457000 -6.156000
v 7.037000 2.012000 -6.257000
v 5.304000 5.000000 6.084000
v -6.642000 0.048000 5.219000
v -7.032000 0.190000 5.479000
v 4.348631 4.988992 6.723913
v -7.391000 0.421000 5.719000
v -6.773000 3.889000 -5.993000
v 5.648000 4.952000 6.429000
v -8.213000 0.421000 4.183000
v -8.275000 2.988000 -4.748000
v 6.554000 4.268000 7.334000
v 6.286000 4.579000 7.067000
v -8.157000 3.457000 -4.669000
v 5.980000 4.810000 6.761000
v -7.965000 3.889000 -4.541000
v 6.773000 1.111000 -5.993000
v 5.322000 1.111000 -7.184000
v 5.450000 1.543000 -7.376000
v -6.554000 0.732000 7.334000
v -7.706000 0.732000 5.930000
v 6.937000 1.543000 -6.156000
v -6.773000 1.111000 7.554000
v -7.965000 1.111000 6.103000
v 4.105000 4.988992 6.924000
v 4.104831 4.988988 6.924090
v 4.167000 5.000000 7.017000
v -8.563000 4.268000 -2.766000
v -5.980000 0.190000 6.761000
v -5.648000 0.048000 6.429000
v 4.438000 0.048000 -5.861000
v 3.236000 0.190000 -7.033000
v 4.699000 0.190000 -6.251000
v -4.104831 0.010241 6.924090
v -4.105000 0.010237 6.924000
v -4.348631 0.010237 6.723913
v 3.402000 0.421000 -7.432000
v 4.939000 0.421000 -6.610000
v -4.939000 0.421000 -6.610000
v 3.547000 0.732000 -7.782000
v 5.149000 0.732000 -6.925000
v 3.666000 1.111000 -8.069000
v -5.322000 1.111000 -7.184000
v 4.939000 4.579000 8.172000
v -4.438000 0.048000 7.423000
v -4.699000 0.190000 7.813000
v 4.699000 4.810000 7.813000
v -3.236000 0.190000 8.594000
v 4.438000 4.952000 7.423000
v 8.157000 1.543000 -4.669000
v -4.939000 0.421000 8.172000
v 7.965000 1.111000 -4.541000
v 7.706000 0.732000 -4.368000
v -6.937000 1.543000 -6.156000
v -7.037000 2.012000 -6.257000
v 5.322000 3.889000 8.746000
v 6.773000 3.889000 7.554000
v -6.773000 1.111000 -5.993000
v 7.071000 2.500000 7.852000
v 7.037000 2.988000 7.818000
v -8.157000 1.543000 -4.669000
v 8.157000 3.457000 6.231000
v 6.937000 3.457000 7.718000
v 7.965000 3.889000 6.103000
v -4.105000 0.010297 -5.362000
v -4.978031 0.010344 -4.645007
v -4.104452 0.010309 -5.362293
v -6.286000 0.421000 7.067000
v 7.391000 0.421000 -4.158000
v 6.554000 0.732000 -5.773000
v -4.167000 -0.001000 -5.456000
v 6.286000 0.421000 -5.505000
v -4.438000 0.048000 -5.861000
v -5.648000 0.048000 -4.868000
v -5.980000 0.190000 -5.199000
v -6.937000 1.543000 7.718000
v -8.157000 1.543000 6.231000
v -7.032000 0.190000 -3.918000
v -6.286000 0.421000 -5.505000
v -7.037000 2.012000 7.818000
v 4.104452 0.010309 -5.362293
v 4.167000 -0.001000 -5.456000
v 4.105000 0.010297 -5.362000
v 6.642000 0.048000 5.219000
v -8.275000 2.012000 6.310000
v -7.071000 2.500000 7.852000
v -5.556000 2.500000 9.096000
v -6.554000 0.732000 -5.773000
v -7.965000 1.111000 -4.541000
v 7.391000 0.421000 5.719000
v 5.648000 0.048000 -4.868000
v 5.980000 0.190000 -5.199000
v 7.706000 0.732000 5.930000
v -7.391000 0.421000 -4.158000
v 7.965000 1.111000 6.103000
v -7.706000 0.732000 -4.368000
v -5.450000 1.543000 8.938000
v -5.529000 2.012000 9.056000
v 6.143000 0.010289 4.885000
v 6.236000 -0.001000 4.948000
v 5.941753 0.010291 5.130262
v 3.106586 0.010299 -5.895582
v 5.224000 0.010362 -4.443000
v 4.349893 0.010315 -5.160877
v 5.426007 0.010344 -4.197031
v 5.224000 0.010284 6.005000
v 5.224451 0.010298 6.004451
v 5.304000 -0.001000 -4.523000
v -8.275000 2.012000 -4.748000
v 5.304000 -0.001000 6.084000
v 3.547000 4.268000 -7.782000
v 5.648000 0.048000 6.429000
v 3.057000 4.952000 -6.599000
v -5.942675 0.010255 -3.567921
v -5.224000 0.010362 -4.443000
v -9.268000 4.268000 0.781000
v -8.719000 4.579000 2.515000
v -8.889000 4.579000 0.781000
v -5.304000 -0.001000 -4.523000
v 1.463000 5.000000 -6.575000
v 2.870000 5.000000 -6.149000
v -6.642000 0.048000 -3.657000
v -9.579000 3.889000 0.781000
v -9.090000 4.268000 2.589000
v 2.523398 4.988924 -6.137001
v -6.143000 4.988992 -3.324000
v -6.143090 4.988988 -3.323831
v -8.295000 4.810000 2.431000
v -8.457000 4.810000 0.781000
v 1.558000 4.952000 -7.054000
v -6.236000 5.000000 -3.386000
v 1.734000 4.579000 -7.938000
v 5.980000 0.190000 6.761000
v 6.286000 0.421000 7.067000
v -6.642000 4.952000 -3.657000
v 1.650000 4.810000 -7.514000
v -7.380000 4.952000 -2.276000
v 6.554000 0.732000 7.334000
v 6.773000 1.111000 7.554000
v 6.937000 1.543000 7.718000
v -10.001000 2.500000 0.781000
v -9.761000 2.988000 2.722000
v -9.952000 2.988000 0.781000
v -6.291773 4.988983 -3.045622
v -9.808000 2.500000 2.732000
v 7.037000 2.012000 7.818000
v 1.441000 4.988953 -6.465000
v 1.126152 4.988948 -6.496026
v 1.441130 4.988950 -6.464961
v -6.929000 5.000000 -2.089000
v -7.813000 4.810000 -2.456000
v 4.167000 -0.001000 7.017000
v 4.979753 0.010284 6.205593
v -9.622000 3.457000 2.695000
v -9.810000 3.457000 0.781000
v 4.104831 0.010241 6.924090
v 4.105000 0.010237 6.924000
v -9.395000 3.889000 2.650000
v 2.827000 4.988928 -6.045000
v 3.824546 4.988916 -5.511882
v 2.827089 4.988926 -6.044952
v -7.835000 4.952000 -0.778000
v -8.295000 4.810000 -0.869000
v -7.246000 4.988979 -0.661000
v -7.246083 4.988962 -0.660155
v -9.063000 3.457000 4.535000
v -6.826000 4.989001 -2.046000
v -6.917315 4.989003 -1.744877
v 4.699000 0.190000 7.813000
v 3.057000 0.048000 8.161000
v 4.438000 0.048000 7.423000
v -6.825813 4.988994 -2.046350
v -7.388000 4.988961 0.781000
v -7.277080 4.988956 -0.345383
v -7.500000 5.000000 0.781000
v -7.356000 5.000000 -0.682000
v 4.939000 0.421000 8.172000
v 5.149000 0.732000 8.487000
v 5.322000 1.111000 8.746000
v -9.395000 1.111000 2.650000
v -9.579000 1.111000 0.781000
v -9.268000 0.732000 0.781000
v -7.988000 4.952000 0.781000
v 6.142592 0.010301 4.885497
v -8.457000 0.190000 0.781000
v 3.057000 0.048000 -6.599000
v 1.650000 0.190000 -7.514000
v -6.143000 0.010237 -3.324000
v -6.143090 0.010241 -3.323831
v -6.677349 0.010230 -2.324149
v -6.236000 -0.001000 -3.386000
v -8.719000 0.421000 2.515000
v -8.889000 0.421000 0.781000
v -9.090000 0.732000 2.589000
v 1.441000 0.010278 -6.465000
v 0.316645 0.010342 -6.575797
v -9.810000 1.543000 0.781000
v -9.622000 1.543000 2.695000
v 1.743966 0.010275 -6.373192
v 1.441130 0.010280 -6.464961
v -9.952000 2.012000 0.781000
v -9.761000 2.012000 2.722000
v 2.827000 4.988906 7.606000
v 2.827011 4.988906 7.605994
v 3.106607 4.988931 7.456789
v 1.744494 4.988934 7.934813
v 1.558000 0.048000 -7.054000
v 2.870000 5.000000 7.710000
v -7.380000 0.048000 -2.276000
v -7.813000 0.190000 -2.456000
v -8.295000 0.190000 -0.869000
v 3.057000 4.952000 8.161000
v -8.213000 0.421000 -2.621000
v -8.563000 0.732000 -2.766000
v 1.441000 4.988953 8.027000
v 1.441130 4.988950 8.026960
v 0.314487 4.988966 8.138010
v 1.463000 5.000000 8.137000
v -8.850000 1.111000 4.447000
v 1.558000 4.952000 8.615000
v 2.827000 0.010303 -6.045000
v 2.870000 -0.001000 -6.149000
v 2.827089 0.010305 -6.044952
v -9.195000 2.012000 4.589000
v -7.356000 -0.001000 -0.682000
v -8.563000 4.268000 4.328000
v -6.826000 0.010228 -2.046000
v -7.154602 0.010253 -0.962395
v 3.826033 0.010266 7.072870
v -6.825813 0.010236 -2.046350
v 2.827011 0.010325 7.605994
v -9.195000 2.988000 4.589000
v -6.929000 -0.001000 -2.089000
v 1.463000 -0.001000 -6.575000
v -9.239000 2.500000 4.608000
v 2.870000 -0.001000 7.710000
v 2.827000 0.010325 7.606000
v 2.523364 0.010308 7.698230
v -7.835000 0.048000 -0.778000
v -8.315000 2.500000 6.337000
v 3.236000 0.190000 8.594000
v 1.441000 0.010278 8.027000
v 1.441130 0.010280 8.026960
v 1.126842 0.010259 8.057958
v 1.463000 -0.001000 8.137000
v 0.000000 -0.001000 8.281000
v 7.813000 4.810000 -2.456000
v 7.032000 4.810000 -3.918000
v -8.563000 0.732000 4.328000
v -8.315000 2.500000 -4.775000
v 1.558000 0.048000 8.615000
v 5.149000 4.268000 8.487000
v -9.063000 1.543000 4.535000
v 6.642000 4.952000 -3.657000
v -9.195000 2.988000 -3.028000
v 7.380000 4.952000 -2.276000
v 6.236000 5.000000 -3.386000
v 6.929000 5.000000 -2.089000
v -9.063000 3.457000 -2.973000
v 5.450000 3.457000 8.938000
v 6.143000 4.988992 -3.324000
v -9.063000 1.543000 -2.973000
v 6.677349 4.988999 -2.324149
v 6.143090 4.988988 -3.323831
v 5.556000 2.500000 9.096000
v 5.529000 2.988000 9.056000
v -9.195000 2.012000 -3.028000
v -9.239000 2.500000 -3.046000
v -8.719000 4.579000 -0.953000
v -3.547000 4.268000 9.344000
v -1.734000 4.579000 9.499000
v -3.402000 4.579000 8.994000
v -9.090000 4.268000 -1.027000
v -8.850000 3.889000 -2.885000
v 7.835000 4.952000 -0.778000
v -1.650000 4.810000 9.075000
v 7.356000 5.000000 -0.682000
v 3.754000 1.543000 9.844000
v 5.450000 1.543000 8.938000
v 5.529000 2.012000 9.056000
v 6.826000 4.989001 -2.046000
v 6.825813 4.988994 -2.046350
v -1.808000 4.268000 9.871000
v 7.246000 4.988979 -0.661000
v 7.154602 4.988977 -0.962395
v 0.000000 4.579000 9.670000
v 0.000000 4.268000 10.049000
v 0.000000 4.810000 9.238000
v 1.808000 4.268000 9.871000
v 1.734000 4.579000 9.499000
v 3.402000 4.579000 8.994000
v 0.000000 4.952000 8.769000
v 1.650000 4.810000 9.075000
v -9.808000 2.500000 -1.170000
v -9.761000 2.988000 -1.161000
v -9.622000 3.457000 -1.133000
v -9.395000 3.889000 -1.088000
v 3.547000 4.268000 9.344000
v 3.236000 4.810000 8.594000
v 6.236000 -0.001000 -3.386000
v 6.929000 -0.001000 -2.089000
v 6.291773 0.010246 -3.045622
v -3.827000 2.500000 10.020000
v -1.951000 2.500000 10.589000
v -1.942000 2.988000 10.542000
v -9.761000 2.012000 -1.161000
v 7.835000 0.048000 -0.778000
v 7.380000 0.048000 -2.276000
v 0.000000 2.988000 10.733000
v -3.809000 2.988000 9.976000
v -1.914000 3.457000 10.402000
v -3.754000 3.457000 9.844000
v 7.032000 0.190000 -3.918000
v 6.642000 0.048000 -3.657000
v -1.869000 3.889000 10.176000
v -3.666000 3.889000 9.631000
v 1.942000 2.988000 10.542000
v -0.000000 2.500000 10.781000
v 1.951000 2.500000 10.589000
v -3.809000 2.012000 9.976000
v -8.850000 1.111000 -2.885000
v 1.914000 3.457000 10.402000
v 0.000000 3.457000 10.591000
v 1.869000 3.889000 10.176000
v 0.000000 3.889000 10.360000
v 6.143000 0.010237 -3.324000
v 6.825813 0.010236 -2.046350
v 6.143090 0.010241 -3.323831
v 3.809000 2.988000 9.976000
v -1.942000 2.012000 10.542000
v 3.827000 2.500000 10.020000
v 3.754000 3.457000 9.844000
v 3.666000 3.889000 9.631000
v 6.826000 0.010228 -2.046000
v -8.719000 0.421000 -0.953000
v 7.246083 0.010268 -0.660155
v 7.246000 0.010251 -0.661000
v 6.917315 0.010226 -1.744877
v 7.356000 -0.001000 -0.682000
v -9.090000 0.732000 -1.027000
v -0.000000 0.048000 8.769000
v -9.395000 1.111000 -1.088000
v -9.622000 1.543000 -1.133000
v -0.000000 0.190000 9.238000
v -1.650000 0.190000 9.075000
v -0.000000 0.421000 9.670000
v -1.734000 0.421000 9.499000
v 0.000000 0.732000 10.049000
v 3.402000 0.421000 8.994000
v 1.650000 0.190000 9.075000
v -1.808000 0.732000 9.871000
v -1.869000 1.111000 10.176000
v 1.734000 0.421000 9.499000
v 3.547000 0.732000 9.344000
v 1.808000 0.732000 9.871000
v 3.666000 1.111000 9.631000
v 1.869000 1.111000 10.176000
v 3.809000 2.012000 9.976000
v -1.914000 1.543000 10.402000
v -7.357009 4.988966 1.095487
v -7.835000 4.952000 2.339000
v -3.402000 0.421000 8.994000
v -3.547000 0.732000 9.344000
v -3.666000 1.111000 9.631000
v -3.754000 1.543000 9.844000
v -5.149000 4.268000 8.487000
v -5.322000 3.889000 8.746000
v -5.149000 0.732000 8.487000
v -5.322000 1.111000 8.746000
vn 0.0000 -1.0000 0.0000
vn 0.0869 0.9951 -0.0464
vn 0.0942 0.9953 -0.0233
vn 0.0943 0.9951 -0.0286
vn 0.0868 -0.4698 0.8785
vn 0.6339 0.7709 0.0621
vn 0.0937 -0.2885 0.9529
vn 0.4708 0.8810 0.0462
vn 0.0940 -0.2899 0.9524
vn 0.4710 0.8809 0.0462
vn -0.9570 0.0001 0.2900
vn 0.0942 0.9951 -0.0286
vn 0.0987 0.9951 -0.0078
vn 0.0000 1.0000 0.0000
vn -0.0759 0.6325 -0.7708
vn -0.0624 0.7710 -0.6338
vn -0.2569 0.9567 0.1372
vn -0.2570 0.9566 0.1373
vn 0.8782 0.4705 0.0865
vn -0.0625 0.7707 -0.6341
vn -0.0975 0.0992 -0.9903
vn 0.9902 0.0994 0.0980
vn -0.9952 0.0000 -0.0982
vn -0.0979 0.0974 -0.9904
vn -0.0935 0.2904 -0.9523
vn -0.0942 0.2881 -0.9530
vn 0.9905 0.0974 0.0975
vn 0.9529 0.2885 0.0938
vn -0.0863 0.4704 -0.8782
vn 0.9531 0.2879 0.0936
vn -0.9952 0.0000 0.0981
vn -0.9952 0.0000 -0.0980
vn 0.8786 0.4698 0.0863
vn -0.0865 0.4698 -0.8785
vn 0.1001 -0.9949 -0.0099
vn 0.9904 -0.0974 0.0980
vn 0.9903 -0.0994 0.0974
vn 0.9903 0.0994 -0.0974
vn 0.8785 0.4698 -0.0865
vn -0.2887 0.0990 -0.9523
vn 0.0964 -0.9949 -0.0293
vn -0.2894 0.0965 -0.9523
vn -0.2778 0.2885 -0.9163
vn -0.9570 0.0000 0.2900
vn 0.0887 -0.9949 -0.0474
vn 0.0962 -0.9949 -0.0292
vn -0.2779 0.2882 -0.9164
vn -0.9577 0.0000 0.2877
vn 0.6331 -0.7715 -0.0623
vn -0.2893 -0.0990 -0.9521
vn 0.1007 -0.9949 -0.0096
vn 0.7708 0.6325 -0.0759
vn 0.6331 0.7716 -0.0621
vn 0.6338 0.7710 -0.0624
vn -0.2787 -0.9566 0.0846
vn 0.4708 0.8810 -0.0462
vn -0.2784 -0.9567 0.0846
vn 0.4710 0.8809 -0.0462
vn -0.0759 -0.6325 -0.7708
vn 0.6090 0.7714 -0.1846
vn -0.0863 -0.4698 -0.8786
vn -0.8807 0.0000 0.4737
vn 0.6094 0.7710 -0.1849
vn -0.0865 -0.4705 -0.8782
vn -0.0936 -0.2880 -0.9530
vn -0.0941 -0.2904 -0.9523
vn -0.0975 -0.0974 -0.9905
vn 0.1000 -0.9949 -0.0099
vn -0.0979 -0.0992 -0.9902
vn -0.0998 -0.9950 0.0098
vn -0.0960 -0.9950 0.0291
vn -0.2247 -0.6321 -0.7416
vn -0.2248 -0.6326 -0.7411
vn 0.1001 -0.9949 0.0099
vn -0.2561 -0.4704 -0.8445
vn -0.0999 -0.9949 0.0098
vn 0.6338 -0.7710 0.0624
vn 0.9904 0.0972 -0.0980
vn -0.2778 -0.2882 -0.9164
vn 0.9529 0.2885 -0.0936
vn -0.2779 -0.2885 -0.9163
vn 0.9530 0.2880 -0.0937
vn -0.0981 0.0000 0.9952
vn -0.0981 -0.0001 0.9952
vn -0.2907 -0.0000 0.9568
vn -0.2888 -0.0965 -0.9525
vn 0.8782 0.4704 -0.0863
vn 0.8445 0.4704 -0.2561
vn 0.0096 0.9952 -0.0979
vn -0.2906 0.0000 0.9568
vn -0.2910 0.0000 0.9567
vn 0.0096 0.9951 -0.0980
vn 0.0098 0.9951 -0.0985
vn 0.9902 -0.0994 -0.0980
vn 0.9525 0.0971 -0.2888
vn 0.0286 0.9951 -0.0942
vn 0.4710 -0.8809 0.0462
vn 0.9525 0.0965 -0.2889
vn 0.9158 0.2903 -0.2776
vn 0.4708 -0.8810 0.0462
vn -0.4515 0.2888 -0.8443
vn 0.6331 -0.7716 0.0621
vn 0.9162 0.2882 -0.2784
vn 0.7708 -0.6325 0.0759
vn -0.4708 -0.0000 0.8822
vn -0.5055 0.0000 0.8628
vn -0.4691 -0.0965 -0.8778
vn 0.0286 0.9951 -0.0943
vn 0.0080 0.9943 -0.1060
vn 0.8451 0.4690 -0.2567
vn 0.8785 -0.4698 0.0865
vn 0.7412 0.6326 -0.2246
vn 0.8782 -0.4704 0.0863
vn 0.7415 0.6321 -0.2249
vn 0.9531 -0.2879 0.0938
vn 0.0465 0.9951 -0.0869
vn 0.9529 -0.2885 0.0936
vn -0.0462 0.8814 -0.4702
vn 0.8777 0.0979 -0.4691
vn -0.0464 0.8810 -0.4708
vn -0.0284 0.9567 -0.2896
vn 0.8777 0.0965 -0.4695
vn -0.0284 0.9567 -0.2897
vn 0.6089 0.7714 0.1847
vn -0.0096 0.9952 -0.0978
vn 0.6832 0.6321 -0.3655
vn -0.0097 0.9951 -0.0981
vn -0.2926 0.0000 -0.9562
vn -0.2900 -0.0000 -0.9570
vn -0.0981 0.0000 -0.9952
vn 0.0286 0.9951 0.0943
vn -0.0286 0.9952 0.0941
vn 0.8777 0.0979 0.4692
vn -0.0285 0.9951 0.0943
vn 0.0078 0.9951 0.0982
vn 0.8778 0.0974 0.4691
vn 0.8441 0.2895 0.4512
vn 0.0097 0.9951 0.0980
vn 0.0097 0.9952 0.0979
vn -0.1849 0.7710 -0.6094
vn -0.3001 0.0000 0.9539
vn 0.8777 -0.0974 0.4692
vn 0.8777 -0.0979 0.4691
vn 0.9524 0.0976 0.2889
vn -0.2246 0.6326 -0.7412
vn 0.9525 0.0971 0.2887
vn -0.2249 0.6321 -0.7415
vn -0.1846 0.7714 -0.6090
vn 0.9158 0.2898 0.2782
vn 0.9165 0.2876 0.2779
vn 0.8438 -0.2904 -0.4513
vn 0.8444 0.4704 0.2565
vn 0.8778 -0.0965 -0.4691
vn -0.1373 0.8810 -0.4528
vn 0.8452 0.4690 0.2563
vn 0.8775 -0.0979 -0.4694
vn 0.7411 0.6326 0.2248
vn -0.1374 0.8809 -0.4529
vn 0.7416 0.6321 0.2247
vn -0.0844 0.9568 -0.2782
vn 0.9524 -0.0971 0.2889
vn 0.4710 -0.8809 -0.0462
vn -0.0845 0.9567 -0.2784
vn 0.4708 -0.8810 -0.0462
vn 0.6339 -0.7709 -0.0621
vn -0.0285 0.9952 -0.0941
vn -0.0286 0.9951 -0.0943
vn 0.7708 -0.6325 -0.0759
vn -0.4327 0.0000 0.9016
vn 0.0207 -0.9954 -0.0937
vn 0.8786 -0.4698 -0.0863
vn 0.8782 -0.4705 -0.0865
vn 0.6090 -0.7714 0.1846
vn 0.9530 -0.2880 -0.0936
vn 0.7415 -0.6321 0.2249
vn 0.7412 -0.6326 0.2246
vn 0.9529 -0.2885 -0.0937
vn 0.9905 -0.0972 -0.0974
vn 0.4528 -0.8810 -0.1373
vn 0.4523 -0.8812 -0.1374
vn 0.6095 -0.7710 -0.1847
vn 0.0474 -0.9949 -0.0887
vn 0.6089 -0.7714 -0.1847
vn -0.2230 0.8810 -0.4173
vn 0.7416 -0.6321 -0.2247
vn 0.8444 -0.2885 0.4514
vn 0.7411 -0.6326 -0.2248
vn 0.8452 -0.4690 -0.2563
vn 0.8444 -0.4704 -0.2565
vn 0.9164 -0.2882 -0.2778
vn 0.9156 -0.2903 -0.2782
vn -0.4775 0.0000 -0.8787
vn -0.4714 0.0000 -0.8819
vn 0.9525 -0.0965 -0.2888
vn 0.9524 -0.0971 -0.2889
vn 0.6094 -0.7710 0.1849
vn -0.4713 0.0000 -0.8820
vn 0.0464 0.9951 0.0868
vn 0.0294 0.9951 0.0946
vn 0.0285 0.9951 0.0942
vn 0.8451 -0.4690 0.2567
vn 0.8445 -0.4704 0.2561
vn 0.9164 -0.2876 0.2784
vn 0.9159 -0.2898 0.2777
vn -0.2561 0.4705 -0.8444
vn 0.0624 0.7707 -0.6341
vn 0.0098 -0.9949 -0.1000
vn 0.9524 -0.0976 0.2887
vn -0.2561 0.4704 -0.8445
vn 0.0117 -0.9949 -0.1000
vn 0.0292 -0.9949 -0.0962
vn 0.9952 0.0001 -0.0980
vn 0.0292 -0.9949 -0.0963
vn 0.2897 0.9567 0.0284
vn 0.2893 0.0990 -0.9521
vn -0.0473 -0.9950 0.0885
vn 0.9952 0.0000 -0.0980
vn 0.9952 0.0000 0.0981
vn -0.0291 -0.9950 0.0960
vn 0.2888 0.0965 -0.9525
vn 0.2779 0.2885 -0.9163
vn -0.0981 0.9951 0.0097
vn 0.2778 0.2882 -0.9164
vn 0.0099 -0.9949 0.0999
vn -0.2999 0.0000 -0.9540
vn 0.2561 0.4704 -0.8445
vn 0.0291 -0.9949 0.0962
vn 0.2248 0.6326 -0.7411
vn -0.0981 0.9951 -0.0097
vn 0.0865 0.4705 -0.8782
vn -0.7729 0.0000 0.6345
vn -0.7731 -0.0001 0.6343
vn 0.0097 -0.9950 0.0997
vn 0.0099 -0.9949 0.1000
vn 0.0761 0.9951 -0.0625
vn -0.0284 -0.9567 -0.2897
vn 0.0979 0.0992 -0.9902
vn -0.6346 0.0000 0.7728
vn -0.0284 -0.9567 -0.2896
vn -0.0462 -0.8810 -0.4708
vn 0.0975 0.0974 -0.9905
vn -0.7731 0.0000 0.6343
vn -0.7726 0.0000 0.6348
vn 0.0941 0.2904 -0.9523
vn 0.0936 0.2880 -0.9530
vn 0.0625 0.9951 -0.0768
vn 0.0624 0.9951 -0.0760
vn 0.0761 0.9951 -0.0624
vn -0.0464 -0.8813 -0.4702
vn 0.0863 0.4698 -0.8786
vn 0.0759 0.6325 -0.7708
vn -0.0624 -0.7707 -0.6341
vn -0.0625 -0.7710 -0.6338
vn 0.0868 0.9951 -0.0478
vn 0.0975 -0.0992 -0.9903
vn -0.1373 -0.8810 -0.4528
vn 0.9570 0.0000 0.2900
vn 0.9570 -0.0001 0.2900
vn 0.8818 -0.0001 0.4716
vn 0.0865 -0.4698 -0.8785
vn -0.0980 0.9951 -0.0097
vn -0.0943 0.9951 -0.0286
vn 0.0863 -0.4704 -0.8782
vn 0.9577 0.0000 0.2877
vn 0.2779 -0.2882 -0.9164
vn -0.0987 0.9951 -0.0078
vn -0.4166 0.8814 0.2226
vn -0.0942 0.9951 -0.0286
vn 0.2778 -0.2885 -0.9163
vn -0.0844 -0.9567 -0.2784
vn 0.2894 -0.0965 -0.9523
vn 0.2887 -0.0990 -0.9523
vn -0.0845 -0.9568 -0.2782
vn 0.0941 0.9952 0.0286
vn -0.1373 -0.8809 -0.4529
vn 0.8806 0.0000 0.4738
vn 0.0624 -0.7710 -0.6338
vn 0.0759 -0.6325 -0.7708
vn -0.0942 0.9953 -0.0233
vn -0.1847 -0.7710 -0.6095
vn -0.0867 0.9952 0.0463
vn 0.0978 0.9952 0.0096
vn -0.1847 -0.7714 -0.6089
vn -0.8818 0.0001 0.4716
vn 0.0942 -0.2881 -0.9530
vn -0.0869 0.9951 -0.0464
vn 0.0935 -0.2904 -0.9523
vn 0.0979 -0.0974 -0.9904
vn -0.2561 -0.4705 -0.8444
vn 0.2787 0.9566 0.0846
vn -0.1371 -0.9568 -0.2565
vn 0.2896 0.9567 0.0284
vn -0.2251 0.9566 0.1849
vn -0.3002 -0.7714 -0.5611
vn -0.0760 0.9952 0.0624
vn 0.0979 0.9952 0.0096
vn 0.3002 0.7712 -0.5613
vn 0.2232 0.8808 -0.4176
vn -0.4162 -0.4703 -0.7782
vn -0.1001 -0.9949 0.0099
vn -0.0761 0.9951 0.0625
vn 0.4920 0.7715 -0.4034
vn 0.4922 0.7712 -0.4038
vn 0.3654 0.8812 -0.2998
vn -0.4699 0.0000 -0.8827
vn -0.1846 0.9568 0.2247
vn -0.1846 0.9568 0.2248
vn 0.0473 -0.9949 0.0886
vn -0.0624 0.9952 0.0760
vn 0.4035 0.7715 -0.4919
vn 0.4036 0.7712 -0.4923
vn 0.0287 -0.9950 0.0956
vn -0.0463 0.9952 0.0867
vn -0.0625 0.9951 0.0762
vn -0.4716 0.0000 0.8818
vn -0.6347 0.0000 0.7728
vn 0.0464 0.9951 -0.0869
vn 0.4711 0.0000 -0.8821
vn 0.0627 0.9950 -0.0780
vn 0.6346 0.0000 -0.7728
vn 0.6347 0.0000 -0.7728
vn 0.0625 0.9951 -0.0761
vn 0.7728 0.0000 -0.6347
vn 0.0291 -0.9949 0.0961
vn -0.1000 -0.9949 -0.0098
vn -0.0291 -0.9949 -0.0962
vn -0.0629 0.9951 0.0758
vn -0.1371 0.9567 0.2566
vn -0.1372 0.9566 0.2570
vn -0.0098 -0.9949 -0.1001
vn -0.0099 -0.9950 -0.0998
vn -0.0624 0.9951 0.0761
vn -0.0291 -0.9950 -0.0960
vn -0.4918 0.7717 0.4032
vn -0.3001 0.7714 -0.5611
vn -0.3003 0.7712 -0.5613
vn -0.4923 0.7710 0.4039
vn 0.8818 0.0000 0.4716
vn -0.2233 0.8808 -0.4175
vn -0.3656 0.8812 0.2997
vn -0.1371 0.9568 -0.2565
vn -0.1371 0.9567 -0.2566
vn 0.3000 0.8812 -0.3653
vn -0.0962 -0.9949 -0.0292
vn -0.3660 0.8808 0.3003
vn -0.0964 -0.9949 -0.0293
vn -0.2248 0.9568 0.1845
vn 0.3003 0.8808 -0.3660
vn 0.1846 0.9568 -0.2248
vn -0.4038 0.7712 -0.4922
vn -0.0887 -0.9949 -0.0474
vn 0.1847 0.9567 -0.2251
vn -0.4040 0.7709 0.4925
vn -0.3005 0.8808 -0.3659
vn -0.3000 0.8812 0.3653
vn -0.3003 0.8808 0.3660
vn -0.0464 0.9951 -0.0869
vn 0.4166 -0.8814 0.2226
vn -0.7728 0.0000 -0.6347
vn -0.6827 0.6331 0.3648
vn -0.6346 0.0000 -0.7728
vn -0.6347 0.0000 -0.7728
vn -0.4711 0.0000 -0.8821
vn 0.2787 -0.9566 0.0847
vn 0.0761 0.9951 0.0624
vn -0.7402 0.2885 0.6073
vn 0.2784 -0.9567 0.0845
vn 0.0624 0.9951 0.0760
vn 0.0624 0.9951 0.0761
vn 0.4527 -0.8810 0.1376
vn 0.0624 0.9952 0.0760
vn 0.0623 0.9952 0.0756
vn 0.4521 -0.8814 0.1371
vn 0.6312 0.0980 -0.7694
vn 0.2897 -0.9567 0.0284
vn -0.6819 0.4712 0.5594
vn 0.2896 -0.9567 0.0284
vn 0.0463 0.9952 0.0867
vn -0.6823 0.4693 0.5605
vn 0.6312 0.0976 -0.7695
vn 0.9570 0.0001 0.2900
vn 0.9579 0.0000 0.2871
vn -0.4034 0.7715 -0.4920
vn -0.5984 0.6331 0.4910
vn 0.6072 0.2889 -0.7401
vn 0.8807 0.0000 0.4737
vn 0.6072 0.2885 -0.7403
vn -0.5990 0.6317 0.4921
vn -0.2998 0.8812 -0.3654
vn 0.5600 0.4700 -0.6823
vn -0.1007 -0.9949 -0.0096
vn 0.5601 0.4694 -0.6827
vn -0.1845 0.9568 -0.2249
vn -0.1001 -0.9949 -0.0099
vn -0.1848 0.9567 -0.2250
vn 0.4911 0.6331 -0.5983
vn -0.0625 0.9951 -0.0761
vn 0.0999 -0.9949 0.0098
vn -0.6075 0.2885 0.7400
vn -0.6075 0.2874 0.7405
vn 0.0960 -0.9950 0.0291
vn 0.0998 -0.9950 0.0098
vn 0.4694 0.0979 -0.8775
vn 0.4691 0.0965 -0.8778
vn 0.4516 0.2888 -0.8442
vn -0.4919 0.7715 -0.4035
vn 0.4691 -0.0979 -0.8777
vn -0.4923 0.7712 -0.4036
vn 0.8440 0.2904 -0.4509
vn -0.3653 0.8812 -0.3000
vn 0.0636 -0.9950 -0.0776
vn 0.8443 0.2885 -0.4516
vn -0.3660 0.8808 -0.3003
vn 0.0776 -0.9949 -0.0637
vn 0.7788 0.4694 -0.4160
vn -0.7728 0.0000 0.6347
vn 0.7790 0.4689 -0.4163
vn 0.8818 0.0001 0.4716
vn 0.0777 -0.9949 -0.0638
vn -0.5613 0.7712 -0.3002
vn 0.7694 0.0980 -0.6312
vn 0.7694 0.0976 -0.6313
vn 0.7402 0.2886 -0.6073
vn -0.4691 0.0979 -0.8777
vn -0.6312 0.0980 -0.7694
vn -0.6313 0.0976 -0.7694
vn 0.7402 0.2885 -0.6073
vn 0.6823 0.4702 -0.5598
vn -0.4695 0.0965 -0.8777
vn 0.5608 0.7716 0.3001
vn 0.5611 0.7714 0.3002
vn -0.4516 0.2885 -0.8443
vn 0.4165 0.8814 0.2229
vn -0.4160 0.4703 -0.7783
vn 0.6825 0.4693 -0.5603
vn 0.4176 0.8808 0.2231
vn 0.5986 0.6331 -0.4908
vn 0.2568 0.9567 0.1372
vn 0.5992 0.6317 -0.4919
vn -0.8818 0.0002 0.4716
vn -0.4164 0.4694 -0.7786
vn -0.3649 0.6331 -0.6827
vn 0.2570 0.9566 0.1373
vn 0.0867 0.9952 0.0463
vn 0.7693 -0.0980 -0.6313
vn -0.3655 0.6321 -0.6832
vn -0.4694 -0.0979 -0.8775
vn 0.4914 0.6319 -0.5994
vn 0.7728 0.0000 0.6346
vn 0.7731 -0.0001 0.6343
vn 0.7731 0.0000 0.6343
vn 0.7729 0.0000 0.6345
vn -0.6072 0.2889 -0.7402
vn -0.0868 0.9951 -0.0478
vn -0.0761 0.9951 -0.0625
vn 0.7694 -0.0976 -0.6312
vn 0.0886 -0.9949 -0.0474
vn -0.0885 -0.9950 0.0473
vn -0.6073 0.2885 -0.7402
vn 0.7730 0.0000 0.6344
vn -0.2570 -0.9566 0.1373
vn -0.0760 0.9951 -0.0624
vn -0.0624 0.9951 -0.0770
vn -0.0624 0.9951 -0.0761
vn -0.2568 -0.9567 0.1372
vn -0.4176 -0.8808 0.2231
vn -0.5602 0.4693 -0.6825
vn 0.6313 -0.0976 -0.7694
vn -0.4908 0.6331 -0.5986
vn 0.6312 -0.0980 -0.7694
vn -0.4917 0.6319 -0.5991
vn 0.0762 0.9951 0.0625
vn -0.4165 -0.8814 0.2229
vn -0.7694 0.0976 -0.6312
vn 0.4917 0.7717 0.4034
vn 0.4925 0.7710 0.4037
vn -0.7402 0.2886 -0.6073
vn 0.3661 0.8808 0.3001
vn 0.2251 0.9566 0.1848
vn -0.5599 0.4700 -0.6824
vn -0.7402 0.2885 -0.6073
vn -0.6821 0.4702 -0.5600
vn 0.5602 -0.4693 -0.6825
vn -0.6827 0.4694 -0.5601
vn -0.5983 0.6331 -0.4912
vn -0.4917 -0.7717 0.4034
vn -0.5995 0.6317 -0.4915
vn 0.6073 -0.2885 -0.7402
vn -0.5981 -0.6331 0.4914
vn 0.6346 0.0000 0.7728
vn 0.6347 0.0000 0.7728
vn 0.6072 -0.2889 -0.7402
vn 0.4716 0.0000 0.8818
vn -0.0626 0.9951 -0.0767
vn -0.6825 0.6331 -0.3651
vn -0.0624 0.9951 -0.0760
vn -0.2247 -0.9568 0.1846
vn 0.1371 -0.9567 -0.2566
vn 0.2233 -0.8808 -0.4175
vn -0.2232 -0.8808 -0.4176
vn 0.2230 -0.8810 -0.4173
vn -0.2231 -0.8810 -0.4172
vn 0.0637 -0.9949 -0.0776
vn 0.3003 -0.7712 -0.5613
vn -0.3002 -0.7712 -0.5613
vn -0.4755 0.0000 0.8797
vn 0.3655 -0.6321 -0.6832
vn 0.0641 -0.9949 -0.0779
vn -0.3652 -0.6322 -0.6834
vn 0.0638 -0.9949 -0.0777
vn 0.2998 0.8812 0.3654
vn 0.3649 -0.6331 -0.6827
vn -0.3651 -0.6331 -0.6825
vn 0.4164 -0.4694 -0.7786
vn -0.0638 -0.9949 0.0777
vn -0.4162 -0.4694 -0.7787
vn 0.4516 -0.2885 -0.8443
vn -0.1847 -0.9568 0.2248
vn 0.3005 0.8808 0.3659
vn 0.1845 0.9568 0.2247
vn 0.3654 0.8812 0.2998
vn 0.4515 -0.2888 -0.8443
vn 0.4695 -0.0965 -0.8777
vn -0.1370 -0.9567 0.2567
vn -0.4515 -0.2885 -0.8443
vn 0.1847 0.9568 0.2248
vn -0.1845 -0.9568 0.2247
vn 0.7791 -0.4689 -0.4162
vn -0.3005 -0.8808 0.3659
vn -0.4516 -0.2888 -0.8442
vn 0.7787 -0.4694 -0.4162
vn 0.0625 0.9951 0.0761
vn 0.8445 -0.2885 -0.4512
vn 0.5983 -0.6331 -0.4912
vn 0.6827 -0.4694 -0.5601
vn 0.6821 -0.4702 -0.5600
vn 0.2247 0.9568 0.1846
vn 0.7402 -0.2885 -0.6073
vn 0.0760 0.9952 0.0624
vn 0.7402 -0.2886 -0.6073
vn -0.5601 -0.4694 -0.6827
vn 0.5599 -0.4700 -0.6824
vn -0.6072 -0.2885 -0.7403
vn -0.6072 -0.2889 -0.7401
vn -0.6312 -0.0976 -0.7695
vn -0.6312 -0.0980 -0.7694
vn -0.1373 -0.9566 0.2570
vn 0.4920 0.6319 0.5989
vn -0.4911 -0.6331 -0.5983
vn -0.5600 -0.4700 -0.6823
vn 0.7691 0.0980 0.6315
vn 0.7692 0.0976 0.6315
vn 0.6825 -0.6331 -0.3651
vn -0.6823 -0.4702 -0.5598
vn 0.7400 0.2885 0.6075
vn 0.8445 0.2885 0.4512
vn 0.7405 0.2874 0.6075
vn 0.6815 0.4713 0.5599
vn -0.2251 -0.9566 0.1848
vn 0.6827 0.4694 0.5601
vn 0.5981 0.6331 0.4914
vn -0.3661 -0.8808 0.3001
vn 0.4923 -0.7712 -0.4036
vn 0.0637 -0.9950 0.0776
vn 0.0638 -0.9949 0.0777
vn 0.5993 0.6317 0.4917
vn 0.4919 -0.7715 -0.4035
vn -0.3654 -0.8812 0.2998
vn 0.5995 -0.6317 -0.4915
vn -0.4925 -0.7710 0.4037
vn 0.7787 0.4694 0.4162
vn 0.7791 0.4689 0.4162
vn 0.0473 -0.9950 0.0885
vn 0.6825 0.6331 0.3651
vn 0.6834 0.6322 0.3652
vn 0.4034 -0.7715 -0.4920
vn -0.5993 -0.6317 0.4917
vn 0.4917 -0.6319 -0.5991
vn -0.0474 -0.9949 -0.0887
vn -0.1371 -0.9567 -0.2566
vn 0.4908 -0.6331 -0.5986
vn -0.0638 -0.9949 -0.0777
vn -0.1847 -0.9567 -0.2251
vn -0.6827 -0.4694 0.5601
vn -0.2250 -0.9567 -0.1848
vn -0.1846 -0.9568 -0.2248
vn -0.6815 -0.4713 0.5599
vn -0.3003 -0.8808 -0.3660
vn -0.7405 -0.2874 0.6075
vn -0.3000 -0.8812 -0.3653
vn -0.0637 -0.9949 0.0777
vn 0.2568 -0.9567 0.1372
vn -0.7692 -0.0976 0.6315
vn -0.6316 -0.0976 0.7692
vn -0.4036 -0.7712 -0.4923
vn -0.2998 -0.8812 0.3655
vn -0.4035 -0.7715 -0.4919
vn -0.4914 -0.6319 -0.5994
vn -0.5992 -0.6317 -0.4919
vn 0.2570 -0.9566 0.1373
vn 0.4174 -0.8808 0.2234
vn 0.1848 -0.9567 -0.2250
vn 0.5611 -0.7714 0.3003
vn 0.5609 -0.7716 0.3000
vn 0.1845 -0.9568 -0.2249
vn 0.3005 -0.8808 -0.3659
vn 0.6832 -0.6321 0.3655
vn -0.3659 -0.8808 -0.3005
vn 0.6827 -0.6331 0.3649
vn 0.2998 -0.8812 -0.3655
vn 0.7790 -0.4689 0.4163
vn 0.4038 -0.7712 -0.4922
vn -0.3655 -0.8812 -0.2998
vn -0.4922 -0.7712 -0.4038
vn -0.5594 -0.4712 0.6819
vn -0.6077 -0.2874 0.7403
vn -0.6073 -0.2885 0.7402
vn -0.4920 -0.7715 -0.4034
vn -0.5986 -0.6331 -0.4908
vn 0.4713 -0.0000 -0.8820
vn -0.6825 -0.4693 -0.5603
vn -0.7731 0.0001 0.6343
vn -0.7732 0.0000 0.6342
vn -0.8818 -0.0001 0.4716
vn -0.8818 0.0000 0.4716
vn 0.7732 0.0000 0.6342
vn -0.0637 -0.9950 0.0776
vn -0.0637 -0.9949 0.0776
vn -0.7402 -0.2885 -0.6073
vn -0.0776 -0.9949 0.0637
vn -0.0638 -0.9949 -0.0776
vn 0.3651 0.6331 -0.6825
vn 0.3002 0.7714 -0.5611
vn -0.0777 -0.9949 0.0638
vn 0.2251 -0.9566 0.1849
vn 0.2231 0.8810 -0.4172
vn -0.0776 -0.9950 0.0637
vn 0.1371 0.9568 -0.2565
vn -0.4710 0.0000 -0.8821
vn -0.6331 0.7716 0.0621
vn 0.0285 0.9951 -0.0943
vn 0.0637 -0.9949 0.0776
vn -0.0777 -0.9949 -0.0638
vn -0.7708 0.6325 0.0759
vn 0.2900 0.0000 -0.9570
vn -0.6338 0.7710 0.0624
vn -0.8824 0.0000 -0.4706
vn -0.4708 0.8810 0.0462
vn -0.7728 -0.0001 -0.6347
vn -0.4710 0.8809 0.0462
vn 0.0845 0.9568 -0.2782
vn -0.0762 0.9951 -0.0625
vn 0.0762 0.9951 0.0624
vn 0.1847 0.7714 -0.6089
vn 0.3660 -0.8808 0.3003
vn 0.3656 -0.8812 0.2997
vn -0.2248 0.9568 -0.1846
vn 0.1847 0.7710 -0.6095
vn 0.1373 0.8810 -0.4528
vn -0.2566 0.9567 -0.1371
vn 0.4923 -0.7710 0.4039
vn -0.6094 0.7710 0.1849
vn 0.4918 -0.7717 0.4032
vn -0.2250 0.9567 -0.1847
vn 0.1373 0.8809 -0.4529
vn -0.0760 0.9952 -0.0624
vn -0.4527 0.8810 0.1376
vn 0.5990 -0.6317 0.4921
vn 0.0844 0.9567 -0.2784
vn 0.5984 -0.6331 0.4910
vn 0.0286 0.9952 -0.0941
vn -0.2787 0.9566 0.0847
vn 0.6823 -0.4693 0.5605
vn 0.6819 -0.4712 0.5594
vn -0.9903 0.0994 0.0974
vn -0.8820 0.0000 -0.4713
vn -0.9904 0.0974 0.0980
vn 0.7403 -0.2874 0.6077
vn 0.0981 0.0000 -0.9952
vn 0.7402 -0.2885 0.6073
vn 0.2966 0.0000 -0.9550
vn -0.0097 0.9951 0.0980
vn -0.0073 0.9951 0.0985
vn 0.0869 0.9951 0.0465
vn 0.7692 -0.0976 0.6316
vn 0.0869 0.9951 0.0464
vn 0.7692 -0.0980 0.6315
vn -0.0097 0.9952 0.0979
vn 0.0757 0.9951 0.0639
vn 0.7788 -0.4694 0.4160
vn -0.5611 0.7714 -0.3002
vn 0.8443 -0.2895 0.4510
vn 0.0625 0.7710 -0.6338
vn -0.4169 0.8812 -0.2230
vn 0.0464 0.8813 -0.4702
vn -0.4176 0.8808 -0.2231
vn 0.0462 0.8810 -0.4708
vn 0.0284 0.9567 -0.2896
vn -0.9529 0.2885 0.0936
vn 0.0284 0.9567 -0.2897
vn -0.0641 -0.9949 -0.0779
vn 0.0097 0.9952 -0.0978
vn -0.2567 0.9567 -0.1371
vn -0.9531 0.2879 0.0938
vn 0.0096 0.9951 -0.0981
vn -0.8782 0.4704 0.0863
vn -0.0867 0.9952 -0.0463
vn -0.8785 0.4698 0.0865
vn 0.4775 0.0000 -0.8787
vn 0.4714 -0.0000 -0.8819
vn -0.0285 0.9951 0.0941
vn -0.0294 0.9951 0.0946
vn -0.0464 0.9951 0.0868
vn -0.2786 0.9567 -0.0846
vn 0.0777 -0.9949 0.0638
vn -0.0464 0.9952 0.0867
vn 0.1371 0.9567 -0.2566
vn 0.4515 0.2885 -0.8443
vn -0.9164 0.2876 0.2784
vn -0.9570 0.0000 -0.2902
vn -0.9570 -0.0001 -0.2902
vn 0.1371 -0.9567 0.2566
vn -0.8820 -0.0001 -0.4713
vn -0.8818 0.0000 -0.4716
vn -0.8445 0.4704 0.2561
vn 0.4162 0.4703 -0.7782
vn 0.2561 0.4705 -0.8444
vn -0.8451 0.4690 0.2567
vn 0.4162 0.4694 -0.7787
vn 0.1846 -0.9568 0.2248
vn 0.0981 0.9951 0.0097
vn 0.3652 0.6322 -0.6834
vn 0.0943 0.9951 0.0286
vn 0.0942 0.9952 0.0283
vn 0.2247 0.6321 -0.7416
vn 0.0980 0.9951 0.0097
vn 0.0942 0.9951 0.0286
vn 0.0941 0.9951 0.0288
vn 0.1846 -0.9568 0.2247
vn 0.3003 -0.8808 0.3660
vn 0.3000 -0.8812 0.3653
vn 0.4040 -0.7709 0.4925
vn 0.3001 -0.7714 -0.5611
vn -0.0941 0.9952 -0.0286
vn 0.4917 -0.6319 0.5991
vn 0.2249 -0.6321 -0.7415
vn 0.4914 -0.6331 0.5981
vn -0.0940 0.9952 -0.0286
vn 0.4160 -0.4703 -0.7783
vn 0.2248 -0.9568 0.1845
vn -0.7708 -0.6325 0.0759
vn -0.2897 0.9567 -0.0284
vn 0.7731 0.0001 0.6343
vn 0.7728 0.0000 0.6347
vn 0.4755 0.0000 0.8797
vn -0.0886 -0.9949 -0.0474
vn -0.2897 -0.9567 0.0284
vn -0.0776 -0.9949 -0.0637
vn 0.0844 -0.9568 -0.2782
vn -0.8817 0.0000 -0.4718
vn -0.2896 -0.9567 0.0284
vn 0.0887 -0.9949 0.0474
vn -0.4710 -0.8809 0.0462
vn 0.0776 -0.9950 0.0637
vn 0.0885 -0.9950 0.0473
vn 0.0775 -0.9950 0.0636
vn 0.1846 -0.7714 -0.6090
vn -0.0637 -0.9949 -0.0776
vn -0.4708 -0.8810 0.0462
vn 0.2246 -0.6326 -0.7412
vn 0.2561 -0.4704 -0.8445
vn -0.6331 -0.7715 0.0623
vn 0.2561 -0.4705 -0.8444
vn 0.0777 -0.9949 0.0637
vn -0.8786 -0.4698 0.0863
vn -0.9905 -0.0974 0.0975
vn -0.9902 -0.0994 0.0980
vn 0.5055 0.0000 0.8628
vn 0.4708 0.0000 0.8822
vn 0.4708 0.0000 0.8823
vn 0.2906 -0.0000 0.9568
vn 0.0845 -0.9567 -0.2784
vn -0.0465 0.9951 -0.0869
vn 0.0284 -0.9567 -0.2896
vn -0.0104 0.9946 -0.1036
vn 0.1374 -0.8809 -0.4529
vn -0.6339 -0.7709 0.0621
vn -0.2248 -0.9568 -0.1846
vn 0.1373 -0.8810 -0.4528
vn -0.0885 -0.9950 -0.0473
vn 0.1849 -0.7710 -0.6094
vn -0.2567 -0.9567 -0.1372
vn 0.0625 -0.7707 -0.6341
vn -0.2786 -0.9567 -0.0846
vn -0.8782 -0.4705 0.0865
vn -0.2566 -0.9567 -0.1371
vn -0.9531 -0.2879 0.0936
vn -0.4175 -0.8808 -0.2233
vn -0.4170 -0.8812 -0.2228
vn -0.9529 -0.2885 0.0938
vn 0.0284 -0.9567 -0.2897
vn -0.5613 -0.7712 -0.3003
vn 0.0464 -0.8810 -0.4708
vn -0.5611 -0.7714 -0.3001
vn -0.4528 -0.8810 0.1373
vn 0.0462 -0.8814 -0.4702
vn -0.4520 -0.8814 0.1374
vn 0.2910 0.0000 0.9567
vn 0.2907 -0.0000 0.9568
vn 0.0981 0.0000 0.9952
vn 0.0981 0.0001 0.9952
vn -0.0286 0.9951 -0.0942
vn -0.0096 0.9951 -0.0980
vn -0.0098 0.9951 -0.0985
vn -0.7411 -0.6326 0.2248
vn 0.0286 0.9951 0.0942
vn -0.0291 -0.9949 0.0961
vn -0.0287 -0.9950 0.0956
vn -0.9165 -0.2876 0.2779
vn 0.0962 -0.9949 0.0292
vn -0.7412 0.6326 0.2246
vn -0.6090 0.7714 0.1846
vn -0.0474 -0.9949 0.0886
vn -0.4521 0.8814 0.1371
vn 0.1371 -0.9568 -0.2565
vn -0.6832 0.6321 0.3655
vn -0.5609 0.7716 0.3000
vn -0.5611 0.7714 0.3003
vn 0.2999 0.0000 -0.9540
vn -0.4174 0.8808 0.2234
vn 0.4702 0.0000 -0.8826
vn 0.4699 0.0000 -0.8827
vn -0.9524 0.0976 0.2887
vn 0.0963 -0.9949 0.0292
vn 0.0961 -0.9949 0.0292
vn -0.0099 -0.9949 0.0999
vn -0.0099 -0.9949 0.1000
vn -0.9524 0.0971 0.2889
vn -0.0999 -0.9949 -0.0098
vn 0.0099 -0.9949 -0.1001
vn -0.9159 0.2898 0.2777
vn -0.0207 -0.9954 -0.0937
vn -0.0292 -0.9949 -0.0963
vn -0.7415 0.6321 0.2249
vn -0.0959 -0.9950 -0.0291
vn -0.0097 -0.9950 0.0996
vn -0.9524 -0.0976 0.2889
vn -0.8777 0.0979 0.4691
vn -0.0292 -0.9949 0.0962
vn 0.0098 -0.9950 -0.0998
vn -0.8777 0.0974 0.4692
vn 0.1372 -0.9566 0.2570
vn -0.8443 0.2895 0.4510
vn 0.0291 -0.9950 -0.0960
vn -0.8444 0.2885 0.4514
vn 0.3001 0.0000 0.9539
vn -0.2897 -0.9567 -0.0284
vn -0.7788 0.4694 0.4160
vn -0.9952 -0.0001 -0.0980
vn -0.7790 0.4689 0.4163
vn -0.0292 -0.9949 -0.0962
vn -0.8820 0.0001 -0.4713
vn -0.8819 0.0000 -0.4714
vn -0.0098 -0.9949 -0.0999
vn 0.1000 -0.9949 0.0098
vn -0.8778 -0.0974 0.4691
vn 0.4523 0.8812 -0.1372
vn -0.7692 0.0980 0.6315
vn -0.7692 0.0976 0.6316
vn 0.4170 0.8812 -0.2228
vn -0.0117 -0.9949 -0.1000
vn -0.0098 -0.9949 -0.1000
vn -0.7403 0.2874 0.6077
vn -0.0998 -0.9950 -0.0098
vn 0.4327 0.0000 0.9016
vn -0.6095 -0.7710 0.1847
vn -0.0960 -0.9950 -0.0292
vn -0.6089 -0.7714 0.1847
vn -0.7416 -0.6321 0.2247
vn -0.0776 -0.9950 -0.0636
vn -0.7693 0.0980 -0.6313
vn 0.0291 -0.9950 0.0960
vn 0.0098 -0.9949 0.1000
vn 0.6827 0.6331 -0.3649
vn 0.5611 0.7714 -0.3001
vn 0.4911 0.6331 0.5984
vn -0.8452 -0.4690 0.2563
vn 0.4038 0.7712 0.4922
vn 0.4041 0.7709 0.4924
vn 0.5613 0.7712 -0.3003
vn -0.7791 -0.4689 0.4162
vn -0.8444 -0.4704 0.2565
vn -0.7402 -0.2886 -0.6073
vn -0.7694 -0.0976 -0.6313
vn -0.9158 -0.2898 0.2782
vn -0.7694 -0.0980 -0.6312
vn 0.4175 0.8808 -0.2233
vn 0.2566 0.9567 -0.1371
vn -0.9525 -0.0971 0.2887
vn -0.8775 0.0979 -0.4694
vn 0.2250 0.9567 -0.1848
vn 0.2567 0.9567 -0.1372
vn -0.5611 -0.7714 0.3002
vn 0.0867 0.9952 -0.0463
vn -0.8438 0.2904 -0.4513
vn -0.5608 -0.7716 0.3001
vn 0.3659 0.8808 -0.3005
vn -0.8445 0.2885 -0.4512
vn 0.2248 0.9568 -0.1846
vn -0.6834 -0.6322 0.3652
vn -0.6825 -0.6331 0.3651
vn 0.5605 0.4693 0.6823
vn 0.0762 0.9951 -0.0625
vn 0.0760 0.9952 -0.0623
vn -0.7787 -0.4694 0.4162
vn -0.8445 -0.2885 0.4512
vn -0.7788 -0.4694 -0.4160
vn 0.8819 0.0001 -0.4714
vn 0.8819 -0.0001 -0.4714
vn -0.8441 -0.2895 0.4512
vn -0.0761 0.9951 0.0624
vn -0.8777 -0.0979 0.4692
vn 0.6315 0.0980 0.7692
vn -0.8777 -0.0965 -0.4695
vn -0.7400 -0.2885 0.6075
vn 0.6316 0.0976 0.7692
vn -0.8777 -0.0979 -0.4691
vn 0.6073 0.2885 0.7402
vn 0.8826 0.0000 -0.4701
vn 0.6077 0.2874 0.7403
vn -0.7691 -0.0980 0.6315
vn 0.5594 0.4712 0.6819
vn -0.0757 0.9950 0.0648
vn -0.0869 0.9951 0.0464
vn -0.6089 0.7714 -0.1847
vn -0.1844 0.7714 0.6091
vn -0.7416 0.6321 -0.2247
vn 0.2897 0.9567 -0.0284
vn -0.2228 0.8814 0.4166
vn 0.4039 -0.7712 0.4921
vn -0.6095 0.7710 -0.1847
vn -0.1371 0.8814 0.4521
vn -0.1371 0.8810 0.4528
vn 0.0978 0.9952 -0.0096
vn -0.4523 0.8812 -0.1374
vn -0.4528 0.8810 -0.1373
vn 0.0979 0.9952 -0.0096
vn 0.0940 0.9952 -0.0285
vn 0.4511 -0.2885 0.8445
vn -0.6331 0.7715 -0.0623
vn -0.6339 0.7709 -0.0621
vn 0.8818 0.0000 -0.4716
vn 0.8820 0.0000 -0.4713
vn -0.1844 0.7718 0.6085
vn 0.6075 -0.2885 0.7400
vn 0.9570 0.0000 -0.2902
vn -0.0869 0.9951 0.0465
vn -0.4708 0.8810 -0.0462
vn -0.0943 0.9951 0.0286
vn -0.0942 0.9951 0.0296
vn -0.4710 0.8809 -0.0462
vn -0.0942 0.9951 0.0286
vn -0.0844 0.9567 0.2784
vn 0.5601 -0.4694 0.6827
vn 0.5599 -0.4713 0.6815
vn -0.0844 0.9566 0.2788
vn 0.9952 0.0000 -0.0982
vn 0.6075 -0.2874 0.7405
vn -0.0941 0.9951 0.0288
vn -0.0980 0.9951 0.0096
vn 0.6315 -0.0976 0.7692
vn -0.8778 0.0965 -0.4691
vn 0.6315 -0.0980 0.7691
vn -0.0624 0.7718 0.6328
vn -0.0623 0.7715 0.6331
vn 0.4527 0.8810 -0.1375
vn -0.7787 0.4694 -0.4162
vn -0.0465 0.8810 0.4708
vn 0.0623 0.7718 0.6328
vn -0.0465 0.8809 0.4710
vn -0.7791 0.4689 -0.4162
vn 0.1843 0.7718 0.6086
vn -0.0286 0.9567 0.2896
vn 0.2786 0.9567 -0.0846
vn 0.0624 0.7715 0.6331
vn -0.6834 0.6322 -0.3652
vn -0.0286 0.9567 0.2897
vn 0.0464 0.8810 0.4708
vn -0.9524 0.0971 -0.2889
vn 0.0465 0.8809 0.4710
vn 0.0286 0.9567 0.2896
vn 0.0941 0.9952 -0.0286
vn -0.0096 0.9951 0.0980
vn 0.0286 0.9567 0.2897
vn -0.9525 0.0965 -0.2888
vn 0.0096 0.9952 0.0979
vn -0.9156 0.2903 -0.2782
vn -0.9164 0.2882 -0.2778
vn -0.8444 0.4704 -0.2565
vn -0.0096 0.9952 -0.0979
vn -0.8452 0.4690 -0.2563
vn -0.7411 0.6326 -0.2248
vn 0.1846 0.7714 0.6090
vn 0.1369 0.8814 0.4522
vn -0.0887 -0.9949 0.0474
vn 0.3001 0.7714 0.5611
vn 0.1373 0.8810 0.4528
vn -0.2889 0.0971 0.9524
vn 0.0843 0.9567 0.2785
vn -0.9525 -0.0965 -0.2889
vn -0.9525 -0.0971 -0.2888
vn 0.0845 0.9566 0.2788
vn -0.9902 0.0994 -0.0980
vn 0.0285 0.9952 0.0941
vn -0.9905 0.0972 -0.0974
vn -0.9529 0.2885 -0.0937
vn 0.2786 -0.9567 -0.0846
vn -0.9530 0.2880 -0.0936
vn -0.0974 0.0972 0.9905
vn -0.8782 0.4705 -0.0865
vn -0.8786 0.4698 -0.0863
vn -0.7708 0.6325 -0.0759
vn -0.2888 0.0965 0.9525
vn -0.2777 0.2903 0.9158
vn 0.3003 0.7712 0.5613
vn 0.2567 -0.9567 -0.1371
vn 0.2224 0.8814 0.4167
vn -0.2777 0.2900 0.9159
vn 0.2566 -0.9567 -0.1371
vn -0.2563 0.4690 0.8452
vn 0.4176 -0.8808 -0.2231
vn 0.2233 0.8808 0.4175
vn 0.1370 0.9567 0.2567
vn -0.2563 0.4689 0.8452
vn 0.3660 -0.8808 -0.3003
vn 0.1373 0.9566 0.2570
vn -0.2248 0.6326 0.7411
vn 0.4169 -0.8812 -0.2230
vn 0.0974 0.0974 0.9905
vn -0.0759 0.6325 0.7708
vn -0.2247 0.6321 0.7416
vn 0.5613 -0.7712 -0.3002
vn 0.0975 0.0972 0.9905
vn -0.2889 -0.0965 0.9525
vn -0.6832 -0.6321 -0.3655
vn 0.0937 0.2899 0.9525
vn 0.5611 -0.7714 -0.3002
vn 0.6834 -0.6322 -0.3652
vn -0.0975 0.0974 0.9905
vn 0.0941 0.2885 0.9528
vn -0.6827 -0.6331 -0.3649
vn -0.7790 -0.4689 -0.4163
vn 0.0865 0.4698 0.8785
vn 0.0868 0.4689 0.8790
vn 0.2250 -0.9567 -0.1847
vn -0.0940 0.2899 0.9524
vn 0.0759 0.6325 0.7708
vn -0.8443 -0.2885 -0.4516
vn 0.2248 -0.9568 -0.1846
vn 0.2246 0.6326 0.7412
vn -0.8440 -0.2904 -0.4509
vn -0.0937 0.2885 0.9529
vn -0.0868 0.4698 0.8785
vn 0.3653 -0.8812 -0.3000
vn 0.0974 -0.0972 0.9905
vn -0.0865 0.4689 0.8790
vn 0.0975 -0.0974 0.9905
vn 0.8820 0.0001 -0.4713
vn 0.8825 0.0000 -0.4704
vn 0.2888 0.0971 0.9525
vn -0.0975 -0.0972 0.9905
vn -0.0974 -0.0974 0.9905
vn 0.2889 0.0965 0.9525
vn 0.2776 0.2903 0.9158
vn 0.0778 -0.9949 -0.0638
vn 0.2777 0.2900 0.9158
vn 0.0776 -0.9950 -0.0637
vn 0.2563 0.4690 0.8452
vn -0.9158 -0.2903 -0.2776
vn -0.0962 -0.9949 0.0292
vn 0.2563 0.4689 0.8452
vn 0.2249 0.6321 0.7415
vn -0.4527 -0.8810 -0.1375
vn 0.2889 -0.0971 0.9524
vn 0.4691 0.0979 0.8777
vn -0.4710 -0.8809 -0.0462
vn 0.4695 0.0965 0.8777
vn -0.0961 -0.9949 0.0292
vn 0.4509 0.2904 0.8440
vn -0.0963 -0.9949 0.0292
vn 0.0098 -0.9949 -0.0999
vn -0.4523 -0.8812 -0.1372
vn 0.4516 0.2885 0.8443
vn 0.4160 0.4694 0.7788
vn -0.6094 -0.7710 -0.1849
vn -0.6338 -0.7710 -0.0624
vn 0.4163 0.4689 0.7790
vn -0.1000 -0.9949 0.0099
vn 0.3649 0.6331 0.6827
vn -0.6090 -0.7714 -0.1846
vn 0.3655 0.6321 0.6832
vn -0.7415 -0.6321 -0.2249
vn -0.7412 -0.6326 -0.2246
vn -0.0098 -0.9949 0.0999
vn -0.8451 -0.4690 -0.2567
vn -0.0286 -0.9567 0.2897
vn 0.0999 -0.9949 -0.0098
vn -0.8445 -0.4704 -0.2561
vn -0.9162 -0.2882 -0.2784
vn -0.0286 -0.9567 0.2896
vn 0.0844 -0.9566 0.2788
vn -0.0465 -0.8809 0.4710
vn 0.2897 -0.9567 -0.0284
vn -0.0464 -0.8810 0.4708
vn -0.0624 -0.7715 0.6331
vn 0.1371 -0.8814 0.4521
vn -0.0623 -0.7718 0.6328
vn -0.0759 -0.6325 0.7708
vn 0.0959 -0.9950 -0.0291
vn -0.4708 -0.8810 -0.0462
vn 0.1844 -0.7718 0.6085
vn 0.2247 -0.6321 0.7416
vn -0.6331 -0.7716 -0.0621
vn -0.7708 -0.6325 -0.0759
vn 0.2563 -0.4690 0.8452
vn 0.8819 0.0000 -0.4714
vn -0.8785 -0.4698 -0.0865
vn 0.9570 0.0001 -0.2902
vn 0.2777 -0.2900 0.9159
vn -0.8782 -0.4704 -0.0863
vn -0.0777 -0.9949 0.0637
vn -0.9530 -0.2880 -0.0937
vn 0.2777 -0.2903 0.9158
vn -0.0778 -0.9949 0.0636
vn -0.9529 -0.2885 -0.0936
vn 0.2888 -0.0965 0.9525
vn -0.9904 -0.0972 -0.0980
vn -0.9903 -0.0994 -0.0974
vn -0.0868 -0.4689 0.8790
vn -0.0978 0.9952 -0.0096
vn 0.2230 -0.8808 0.4177
vn -0.0979 0.9952 -0.0096
vn 0.2228 -0.8814 0.4166
vn 0.0960 -0.9950 -0.0291
vn 0.3002 -0.7712 0.5613
vn 0.0981 0.9951 -0.0097
vn 0.0885 -0.9950 -0.0473
vn 0.3002 -0.7714 0.5611
vn 0.0980 0.9951 -0.0096
vn -0.0865 -0.4698 0.8785
vn 0.3652 -0.6322 0.6834
vn -0.0941 -0.2885 0.9528
vn -0.0937 -0.2899 0.9525
vn 0.3651 -0.6331 0.6825
vn 0.0998 -0.9950 -0.0098
vn 0.4162 -0.4689 0.7791
vn 0.4162 -0.4694 0.7787
vn -0.0978 0.9952 0.0096
vn 0.4513 -0.2904 0.8438
vn -0.0979 0.9952 0.0096
vn 0.4691 -0.0965 0.8778
vn -0.2896 0.9567 0.0284
vn 0.4694 -0.0979 0.8775
vn 0.6095 0.7710 0.1847
vn -0.2897 0.9567 0.0284
vn 0.4520 0.8814 0.1374
vn -0.3001 -0.7714 0.5611
vn -0.2784 0.9567 0.0845
vn 0.4528 0.8810 0.1373
vn 0.2784 0.9567 0.0846
vn -0.0941 0.9952 0.0285
vn 0.7708 0.6325 0.0759
vn 0.0286 -0.9567 0.2897
vn -0.0941 0.9952 0.0286
vn 0.0286 -0.9567 0.2896
vn 0.0465 -0.8809 0.4710
vn 0.6331 0.7715 0.0623
vn -0.8808 0.0000 0.4735
vn 0.0465 -0.8810 0.4708
vn -0.9570 -0.0001 0.2900
vn 0.0623 -0.7715 0.6331
vn -0.2563 -0.4690 0.8452
vn 0.0624 -0.7718 0.6328
vn 0.0759 -0.6325 0.7708
vn -0.4509 -0.2904 0.8440
vn 0.0865 -0.4689 0.8790
vn 0.0844 -0.9567 0.2784
vn -0.0845 -0.9566 0.2788
vn -0.0843 -0.9567 0.2785
vn -0.1373 -0.8810 0.4528
vn 0.1371 -0.8810 0.4528
vn -0.1369 -0.8814 0.4522
vn -0.1846 -0.7714 0.6090
vn -0.1843 -0.7718 0.6086
vn 0.1844 -0.7714 0.6091
vn -0.2249 -0.6321 0.7415
vn -0.2246 -0.6326 0.7412
vn -0.2563 -0.4689 0.8452
vn -0.2777 -0.2900 0.9158
vn 0.2248 -0.6326 0.7411
vn -0.2776 -0.2903 0.9158
vn 0.2563 -0.4689 0.8452
vn -0.2888 -0.0971 0.9525
vn -0.4917 0.6319 0.5991
vn -0.4039 0.7712 0.4921
vn -0.3002 0.7714 0.5611
vn -0.3002 0.7712 0.5613
vn -0.2230 0.8808 0.4177
vn -0.6315 0.0980 0.7691
vn -0.6315 0.0976 0.7692
vn -0.4694 0.0979 0.8775
vn -0.5599 0.4713 0.6815
vn -0.5601 0.4694 0.6827
vn -0.4914 0.6331 0.5981
vn -0.6315 -0.0980 0.7692
vn -0.4691 0.0965 0.8778
vn -0.4513 0.2904 0.8438
vn -0.4511 0.2885 0.8445
vn -0.4162 0.4694 0.7787
vn -0.4162 0.4689 0.7791
vn -0.3651 0.6331 0.6825
vn -0.3652 0.6322 0.6834
vn -0.4041 -0.7709 0.4924
vn -0.4038 -0.7712 0.4922
vn -0.4920 -0.6319 0.5989
vn -0.4911 -0.6331 0.5984
vn -0.5605 -0.4693 0.6823
vn -0.3649 -0.6331 0.6827
vn -0.2233 -0.8808 0.4175
vn -0.2224 -0.8814 0.4167
vn -0.3003 -0.7712 0.5613
vn -0.3655 -0.6321 0.6832
vn -0.4163 -0.4689 0.7790
vn -0.4160 -0.4694 0.7788
vn -0.4516 -0.2885 0.8443
vn -0.4695 -0.0965 0.8777
vn -0.4691 -0.0979 0.8777
usemtl None
s off
f 1//1 2//1 3//1
f 4//2 5//2 6//2
f 7//1 2//1 8//1
f 9//1 8//1 2//1
f 6//3 10//3 4//3
f 10//4 11//4 4//4
f 7//1 3//1 2//1
f 12//1 13//1 14//1
f 15//5 16//5 17//5
f 18//1 9//1 2//1
f 19//6 20//6 21//6
f 22//7 23//7 16//7
f 21//8 24//8 25//8
f 13//1 26//1 14//1
f 27//1 12//1 14//1
f 16//9 15//9 22//9
f 20//10 24//10 21//10
f 28//1 27//1 14//1
f 29//1 14//1 30//1
f 31//1 30//1 14//1
f 26//1 31//1 14//1
f 32//1 14//1 29//1
f 11//11 33//11 34//11
f 35//1 36//1 2//1
f 37//1 2//1 36//1
f 18//1 2//1 37//1
f 38//4 4//4 11//4
f 14//1 35//1 2//1
f 38//12 11//12 34//12
f 39//1 40//1 41//1
f 14//1 41//1 40//1
f 32//1 41//1 14//1
f 2//1 28//1 14//1
f 34//13 42//13 38//13
f 43//1 44//1 41//1
f 44//1 45//1 41//1
f 45//1 39//1 41//1
f 46//1 43//1 47//1
f 48//1 49//1 47//1
f 50//1 47//1 43//1
f 41//1 50//1 43//1
f 51//1 47//1 49//1
f 46//1 47//1 51//1
f 52//14 53//14 54//14
f 55//14 56//14 57//14
f 58//15 59//15 60//15
f 58//16 61//16 59//16
f 62//17 63//17 64//17
f 54//14 53//14 65//14
f 66//14 56//14 53//14
f 67//18 62//18 64//18
f 68//19 69//19 70//19
f 71//14 72//14 55//14
f 59//20 61//20 73//20
f 66//14 57//14 56//14
f 65//14 53//14 56//14
f 56//14 55//14 72//14
f 74//21 75//21 76//21
f 77//22 78//22 79//22
f 72//14 71//14 80//14
f 81//23 45//23 82//23
f 83//14 71//14 84//14
f 83//14 80//14 71//14
f 76//24 85//24 74//24
f 86//25 87//25 85//25
f 88//14 89//14 90//14
f 85//26 76//26 86//26
f 77//27 79//27 91//27
f 84//14 71//14 92//14
f 90//14 92//14 71//14
f 71//14 88//14 90//14
f 91//28 79//28 93//28
f 87//29 86//29 94//29
f 95//14 96//14 90//14
f 91//30 93//30 70//30
f 97//31 44//31 98//31
f 97//32 99//32 44//32
f 68//33 70//33 93//33
f 87//34 94//34 60//34
f 98//35 100//35 97//35
f 58//15 60//15 94//15
f 89//14 101//14 90//14
f 101//14 95//14 90//14
f 77//36 102//36 78//36
f 78//37 102//37 103//37
f 104//14 90//14 105//14
f 78//38 106//38 79//38
f 96//14 105//14 90//14
f 107//14 104//14 105//14
f 108//14 33//14 109//14
f 110//39 68//39 93//39
f 105//14 109//14 33//14
f 105//14 33//14 111//14
f 75//40 112//40 76//40
f 113//14 114//14 105//14
f 107//14 105//14 114//14
f 115//41 116//41 117//41
f 118//42 112//42 75//42
f 119//14 120//14 105//14
f 120//14 121//14 105//14
f 111//14 119//14 105//14
f 76//43 112//43 122//43
f 123//44 124//44 43//44
f 113//14 105//14 121//14
f 115//45 125//45 116//45
f 117//46 116//46 123//46
f 76//47 122//47 86//47
f 126//48 43//48 124//48
f 116//46 127//46 123//46
f 128//49 129//49 130//49
f 131//50 118//50 75//50
f 124//51 127//51 126//51
f 68//52 132//52 133//52
f 133//53 134//53 20//53
f 132//54 134//54 133//54
f 135//55 136//55 137//55
f 134//56 138//56 20//56
f 137//57 136//57 139//57
f 20//58 138//58 24//58
f 140//59 141//59 142//59
f 142//59 143//59 140//59
f 144//60 145//60 132//60
f 146//61 147//61 141//61
f 117//62 46//62 115//62
f 46//11 123//11 43//11
f 117//44 123//44 46//44
f 132//63 145//63 134//63
f 44//31 43//31 98//31
f 126//31 98//31 43//31
f 99//32 82//32 45//32
f 146//64 141//64 140//64
f 147//65 146//65 131//65
f 124//46 123//46 127//46
f 147//66 131//66 148//66
f 148//67 75//67 74//67
f 98//68 126//68 127//68
f 148//69 131//69 75//69
f 98//35 127//35 100//35
f 127//70 137//70 100//70
f 116//71 135//71 127//71
f 127//71 135//71 137//71
f 143//72 149//72 150//72
f 143//73 150//73 140//73
f 97//74 100//74 99//74
f 140//75 151//75 146//75
f 100//76 137//76 152//76
f 153//77 129//77 154//77
f 106//78 78//78 155//78
f 146//79 156//79 131//79
f 157//80 93//80 79//80
f 146//81 151//81 156//81
f 79//82 106//82 157//82
f 158//83 107//83 159//83
f 114//84 159//84 107//84
f 160//85 114//85 161//85
f 118//86 131//86 156//86
f 110//87 93//87 157//87
f 157//88 162//88 110//88
f 163//89 164//89 159//89
f 110//52 132//52 68//52
f 114//83 165//83 159//83
f 113//90 161//90 114//90
f 114//91 160//91 165//91
f 159//92 165//92 163//92
f 165//93 160//93 163//93
f 78//94 103//94 155//94
f 155//95 166//95 106//95
f 160//96 161//96 163//96
f 167//96 163//96 161//96
f 168//97 169//97 130//97
f 155//98 170//98 166//98
f 106//99 166//99 171//99
f 130//100 153//100 168//100
f 112//101 172//101 122//101
f 129//102 153//102 130//102
f 106//103 171//103 157//103
f 113//90 173//90 161//90
f 154//104 129//104 174//104
f 113//105 121//105 175//105
f 113//105 175//105 176//105
f 113//106 176//106 173//106
f 118//107 156//107 177//107
f 167//108 161//108 173//108
f 167//109 173//109 176//109
f 162//110 157//110 171//110
f 154//104 174//104 178//104
f 178//111 174//111 179//111
f 110//112 144//112 132//112
f 178//113 179//113 180//113
f 144//114 110//114 162//114
f 103//115 102//115 180//115
f 176//116 175//116 167//116
f 180//117 179//117 103//117
f 73//118 181//118 182//118
f 170//119 183//119 184//119
f 61//120 181//120 73//120
f 181//121 185//121 182//121
f 170//122 184//122 166//122
f 182//123 185//123 186//123
f 187//124 21//124 188//124
f 185//125 189//125 186//125
f 190//126 144//126 162//126
f 186//127 189//127 191//127
f 88//128 192//128 193//128
f 88//129 193//129 194//129
f 71//130 195//130 196//130
f 192//130 88//130 196//130
f 71//130 196//130 88//130
f 189//131 194//131 193//131
f 197//129 89//129 194//129
f 198//132 163//132 167//132
f 199//133 200//133 201//133
f 198//134 202//134 163//134
f 193//135 192//135 189//135
f 199//136 203//136 200//136
f 201//137 200//137 204//137
f 192//138 196//138 189//138
f 191//138 189//138 196//138
f 196//139 195//139 191//139
f 205//140 61//140 58//140
f 206//83 207//83 50//83
f 208//90 50//90 209//90
f 207//141 209//141 50//141
f 210//142 211//142 203//142
f 203//143 199//143 210//143
f 203//144 77//144 91//144
f 212//145 58//145 94//145
f 203//146 91//146 200//146
f 94//147 213//147 212//147
f 212//148 205//148 58//148
f 200//149 70//149 204//149
f 200//150 91//150 70//150
f 214//151 215//151 216//151
f 204//152 70//152 69//152
f 216//153 183//153 170//153
f 217//154 181//154 61//154
f 204//155 69//155 218//155
f 216//156 215//156 183//156
f 218//157 69//157 19//157
f 205//158 217//158 61//158
f 218//159 19//159 187//159
f 217//160 219//160 181//160
f 203//161 211//161 77//161
f 220//162 130//162 169//162
f 181//163 219//163 185//163
f 220//164 169//164 221//164
f 128//165 130//165 220//165
f 185//166 222//166 189//166
f 219//167 222//167 185//167
f 88//129 194//129 89//129
f 223//168 174//168 129//168
f 224//169 225//169 47//169
f 129//168 128//168 223//168
f 225//170 224//170 226//170
f 227//171 179//171 174//171
f 174//172 223//172 227//172
f 228//173 154//173 229//173
f 179//174 227//174 230//174
f 178//175 231//175 229//175
f 229//176 154//176 178//176
f 179//177 230//177 103//177
f 155//178 103//178 230//178
f 232//105 47//105 225//105
f 221//179 233//179 220//179
f 234//180 233//180 221//180
f 128//181 220//181 235//181
f 225//182 226//182 232//182
f 220//183 233//183 235//183
f 205//184 236//184 217//184
f 128//185 235//185 237//185
f 210//186 238//186 211//186
f 128//187 237//187 223//187
f 223//188 237//188 214//188
f 227//189 223//189 214//189
f 230//190 227//190 216//190
f 227//191 214//191 216//191
f 197//192 239//192 89//192
f 89//193 240//193 101//193
f 230//194 216//194 170//194
f 230//195 170//195 155//195
f 154//196 228//196 153//196
f 240//197 89//197 239//197
f 222//198 240//198 239//198
f 222//199 239//199 197//199
f 197//200 194//200 222//200
f 231//201 180//201 241//201
f 189//200 222//200 194//200
f 180//202 231//202 178//202
f 242//83 206//83 41//83
f 41//84 206//84 50//84
f 241//203 180//203 102//203
f 241//204 102//204 211//204
f 224//90 47//90 208//90
f 50//90 208//90 47//90
f 86//205 122//205 213//205
f 59//206 73//206 243//206
f 207//207 206//207 244//207
f 77//208 211//208 102//208
f 213//209 94//209 86//209
f 209//210 207//210 244//210
f 209//211 244//211 208//211
f 56//212 245//212 65//212
f 224//213 208//213 226//213
f 244//213 226//213 208//213
f 25//214 24//214 246//214
f 247//215 248//215 249//215
f 250//130 18//130 251//130
f 252//216 226//216 253//216
f 56//217 254//217 245//217
f 56//218 72//218 255//218
f 254//218 56//218 255//218
f 256//219 253//219 226//219
f 247//220 249//220 257//220
f 257//221 258//221 259//221
f 260//222 245//222 254//222
f 261//217 65//217 245//217
f 257//223 249//223 258//223
f 251//224 262//224 250//224
f 263//225 37//225 264//225
f 259//226 258//226 265//226
f 266//227 267//227 268//227
f 269//228 265//228 243//228
f 260//229 254//229 255//229
f 60//230 265//230 258//230
f 119//231 270//231 271//231
f 119//232 271//232 272//232
f 119//232 272//232 120//232
f 264//233 267//233 263//233
f 251//234 263//234 267//234
f 272//235 271//235 273//235
f 274//236 275//236 276//236
f 248//237 85//237 249//237
f 277//238 120//238 278//238
f 279//239 274//239 276//239
f 275//240 274//240 280//240
f 74//241 85//241 248//241
f 120//242 272//242 281//242
f 120//243 281//243 278//243
f 249//244 85//244 87//244
f 249//245 87//245 258//245
f 281//246 282//246 278//246
f 277//247 278//247 282//247
f 281//248 272//248 282//248
f 280//249 283//249 275//249
f 258//250 87//250 60//250
f 265//251 59//251 243//251
f 273//248 282//248 272//248
f 283//252 143//252 142//252
f 265//251 60//251 59//251
f 283//253 280//253 143//253
f 271//254 270//254 273//254
f 74//255 248//255 284//255
f 274//256 285//256 280//256
f 286//218 255//218 72//218
f 287//257 288//257 80//257
f 72//258 80//258 288//258
f 288//257 289//257 72//257
f 290//259 291//259 80//259
f 255//229 292//229 260//229
f 293//260 141//260 147//260
f 255//261 286//261 292//261
f 294//262 288//262 287//262
f 293//263 147//263 295//263
f 286//264 72//264 289//264
f 296//265 295//265 284//265
f 286//266 289//266 292//266
f 63//267 62//267 297//267
f 289//268 288//268 292//268
f 296//269 284//269 298//269
f 292//268 288//268 294//268
f 279//270 299//270 274//270
f 298//271 248//271 247//271
f 298//272 284//272 248//272
f 279//273 300//273 299//273
f 294//274 301//274 292//274
f 285//275 274//275 299//275
f 287//276 80//276 291//276
f 302//277 142//277 303//277
f 303//278 142//278 141//278
f 293//278 303//278 141//278
f 287//279 291//279 294//279
f 280//280 149//280 143//280
f 273//281 67//281 64//281
f 304//282 260//282 292//282
f 280//283 285//283 149//283
f 111//284 5//284 119//284
f 295//285 148//285 284//285
f 294//286 291//286 290//286
f 295//287 147//287 148//287
f 270//2 5//2 273//2
f 74//288 284//288 148//288
f 150//289 151//289 140//289
f 4//2 273//2 5//2
f 304//290 301//290 305//290
f 292//274 301//274 304//274
f 306//291 299//291 300//291
f 246//292 304//292 25//292
f 63//293 307//293 64//293
f 285//294 308//294 149//294
f 282//295 273//295 64//295
f 304//296 246//296 260//296
f 309//297 310//297 311//297
f 312//298 313//298 310//298
f 314//299 151//299 150//299
f 315//300 316//300 317//300
f 282//301 64//301 307//301
f 317//218 318//218 27//218
f 319//302 320//302 190//302
f 190//303 320//303 321//303
f 320//304 322//304 321//304
f 323//305 36//305 324//305
f 324//197 36//197 325//197
f 326//306 327//306 307//306
f 326//307 328//307 327//307
f 324//308 325//308 266//308
f 307//309 327//309 329//309
f 320//310 319//310 310//310
f 319//311 311//311 310//311
f 324//312 266//312 323//312
f 327//313 167//313 329//313
f 307//314 329//314 282//314
f 121//315 330//315 331//315
f 331//105 175//105 121//105
f 121//316 120//316 277//316
f 121//238 277//238 330//238
f 329//116 167//116 175//116
f 35//197 325//197 36//197
f 329//317 175//317 331//317
f 332//318 333//318 66//318
f 36//129 268//129 37//129
f 323//129 268//129 36//129
f 268//129 264//129 37//129
f 331//319 330//319 329//319
f 53//320 334//320 335//320
f 332//321 66//321 335//321
f 53//321 335//321 66//321
f 18//130 37//130 251//130
f 263//130 251//130 37//130
f 329//322 277//322 282//322
f 330//322 277//322 329//322
f 52//323 336//323 53//323
f 268//324 323//324 266//324
f 316//325 337//325 318//325
f 264//227 268//227 267//227
f 267//326 266//326 300//326
f 332//309 335//309 338//309
f 333//327 332//327 338//327
f 251//224 267//224 262//224
f 339//322 338//322 340//322
f 198//328 327//328 328//328
f 341//329 198//329 328//329
f 262//330 279//330 276//330
f 327//313 198//313 167//313
f 267//331 279//331 262//331
f 342//332 335//332 334//332
f 267//333 300//333 279//333
f 342//309 338//309 335//309
f 343//334 344//334 345//334
f 212//335 346//335 205//335
f 347//336 346//336 212//336
f 345//337 348//337 343//337
f 349//338 13//338 350//338
f 346//339 236//339 205//339
f 344//340 343//340 326//340
f 351//341 219//341 217//341
f 217//342 236//342 351//342
f 320//343 313//343 322//343
f 337//344 352//344 353//344
f 354//344 353//344 352//344
f 326//345 63//345 344//345
f 350//346 354//346 352//346
f 307//347 63//347 326//347
f 320//348 310//348 313//348
f 339//349 322//349 313//349
f 347//350 355//350 346//350
f 350//351 352//351 349//351
f 322//352 339//352 340//352
f 348//353 356//353 343//353
f 346//354 357//354 236//354
f 326//355 343//355 328//355
f 343//356 356//356 328//356
f 219//357 358//357 222//357
f 338//322 342//322 340//322
f 351//357 358//357 219//357
f 228//358 359//358 360//358
f 95//359 361//359 362//359
f 363//360 364//360 345//360
f 101//361 365//361 366//361
f 361//362 95//362 366//362
f 101//361 366//361 95//361
f 101//193 240//193 367//193
f 365//363 101//363 367//363
f 368//364 168//364 360//364
f 369//365 362//365 361//365
f 370//366 371//366 372//366
f 373//367 168//367 368//367
f 369//368 361//368 366//368
f 369//369 366//369 358//369
f 360//370 168//370 153//370
f 358//371 366//371 365//371
f 358//372 365//372 367//372
f 360//373 153//373 228//373
f 374//374 375//374 376//374
f 373//375 377//375 169//375
f 371//376 370//376 378//376
f 373//377 169//377 168//377
f 222//378 358//378 240//378
f 367//378 240//378 358//378
f 28//217 315//217 27//217
f 379//218 12//218 318//218
f 12//218 27//218 318//218
f 371//379 378//379 364//379
f 374//380 376//380 380//380
f 353//258 12//258 381//258
f 354//257 13//257 353//257
f 13//381 12//381 353//381
f 379//382 381//382 12//382
f 347//383 382//383 355//383
f 364//384 348//384 345//384
f 380//385 383//385 384//385
f 354//386 350//386 13//386
f 380//387 376//387 383//387
f 364//388 378//388 348//388
f 355//389 357//389 346//389
f 384//390 385//390 386//390
f 381//391 379//391 337//391
f 379//325 318//325 337//325
f 385//392 384//392 383//392
f 387//393 351//393 236//393
f 318//394 317//394 316//394
f 236//395 357//395 387//395
f 311//396 386//396 385//396
f 351//397 369//397 358//397
f 337//398 316//398 377//398
f 388//399 389//399 390//399
f 387//397 369//397 351//397
f 337//344 353//344 381//344
f 388//400 390//400 370//400
f 337//401 373//401 352//401
f 337//402 377//402 373//402
f 375//403 257//403 376//403
f 257//404 375//404 247//404
f 376//405 257//405 259//405
f 352//401 373//401 368//401
f 382//406 391//406 355//406
f 375//407 392//407 247//407
f 391//408 382//408 393//408
f 166//409 394//409 171//409
f 355//410 395//410 357//410
f 396//411 397//411 398//411
f 394//412 166//412 184//412
f 355//413 391//413 395//413
f 398//414 399//414 396//414
f 400//415 171//415 394//415
f 401//416 51//416 402//416
f 402//242 51//242 399//242
f 171//417 400//417 162//417
f 83//338 403//338 290//338
f 80//418 83//418 290//418
f 398//419 404//419 399//419
f 393//420 405//420 391//420
f 403//286 406//286 290//286
f 183//421 380//421 184//421
f 374//422 380//422 183//422
f 384//423 184//423 380//423
f 290//286 406//286 294//286
f 118//424 177//424 407//424
f 177//425 408//425 407//425
f 177//426 409//426 408//426
f 384//427 394//427 184//427
f 384//428 386//428 394//428
f 407//429 112//429 118//429
f 410//430 188//430 411//430
f 187//431 188//431 410//431
f 407//432 172//432 112//432
f 305//433 411//433 188//433
f 412//434 213//434 122//434
f 394//435 386//435 400//435
f 411//436 305//436 413//436
f 400//437 319//437 190//437
f 301//438 414//438 413//438
f 386//439 319//439 400//439
f 115//440 46//440 125//440
f 412//441 122//441 172//441
f 412//442 347//442 213//442
f 305//443 301//443 413//443
f 301//444 294//444 414//444
f 183//445 215//445 374//445
f 414//444 294//444 406//444
f 213//446 347//446 212//446
f 156//447 415//447 177//447
f 311//448 319//448 386//448
f 416//449 417//449 84//449
f 83//450 84//450 418//450
f 83//451 418//451 419//451
f 83//452 419//452 403//452
f 407//453 408//453 420//453
f 419//454 406//454 403//454
f 419//455 418//455 406//455
f 374//456 215//456 421//456
f 422//455 406//455 418//455
f 402//457 404//457 401//457
f 404//458 423//458 116//458
f 407//459 420//459 172//459
f 418//460 84//460 417//460
f 423//458 135//458 116//458
f 136//461 135//461 424//461
f 417//462 422//462 418//462
f 422//463 417//463 416//463
f 416//464 425//464 422//464
f 423//465 424//465 135//465
f 426//466 136//466 424//466
f 427//467 412//467 172//467
f 421//468 375//468 374//468
f 412//469 382//469 347//469
f 392//470 375//470 421//470
f 382//471 412//471 427//471
f 406//472 422//472 428//472
f 429//473 136//473 426//473
f 409//474 430//474 408//474
f 410//475 411//475 431//475
f 431//476 411//476 432//476
f 420//477 408//477 433//477
f 411//478 413//478 432//478
f 413//479 414//479 434//479
f 420//480 427//480 172//480
f 433//481 408//481 430//481
f 427//482 420//482 435//482
f 436//483 437//483 438//483
f 420//484 433//484 435//484
f 427//485 435//485 393//485
f 439//486 440//486 426//486
f 393//487 382//487 427//487
f 441//488 438//488 392//488
f 440//489 442//489 443//489
f 92//490 444//490 425//490
f 416//490 84//490 425//490
f 92//491 425//491 84//491
f 441//492 392//492 421//492
f 92//493 445//493 444//493
f 446//397 425//397 444//397
f 446//494 444//494 445//494
f 435//495 447//495 393//495
f 446//496 422//496 425//496
f 448//497 423//497 449//497
f 450//498 451//498 452//498
f 47//105 232//105 48//105
f 453//105 48//105 232//105
f 454//316 455//316 48//316
f 452//499 456//499 457//499
f 306//500 458//500 299//500
f 226//182 252//182 232//182
f 452//501 451//501 456//501
f 458//502 285//502 299//502
f 252//503 398//503 455//503
f 397//503 455//503 398//503
f 457//504 459//504 460//504
f 458//505 308//505 285//505
f 454//506 48//506 453//506
f 460//507 459//507 461//507
f 453//508 252//508 454//508
f 462//509 150//509 149//509
f 455//510 454//510 252//510
f 434//511 463//511 432//511
f 460//512 461//512 437//512
f 149//513 308//513 462//513
f 296//514 438//514 437//514
f 449//515 398//515 464//515
f 462//516 314//516 150//516
f 392//517 438//517 298//517
f 464//518 465//518 449//518
f 463//519 434//519 466//519
f 466//520 434//520 428//520
f 413//521 434//521 432//521
f 438//522 296//522 298//522
f 247//523 392//523 298//523
f 464//524 467//524 465//524
f 415//525 151//525 314//525
f 428//526 468//526 466//526
f 449//527 465//527 448//527
f 422//371 446//371 468//371
f 469//528 214//528 237//528
f 465//529 470//529 448//529
f 415//530 156//530 151//530
f 237//531 471//531 469//531
f 428//532 422//532 468//532
f 469//533 215//533 214//533
f 436//534 471//534 472//534
f 471//535 441//535 469//535
f 471//536 436//536 441//536
f 414//537 428//537 434//537
f 421//538 215//538 469//538
f 414//539 406//539 428//539
f 469//540 441//540 421//540
f 314//541 462//541 473//541
f 436//542 438//542 441//542
f 314//543 474//543 415//543
f 253//216 464//216 252//216
f 314//544 473//544 474//544
f 474//545 409//545 415//545
f 415//546 409//546 177//546
f 253//547 467//547 464//547
f 431//548 475//548 476//548
f 477//549 462//549 308//549
f 473//550 462//550 477//550
f 478//551 199//551 201//551
f 478//552 201//552 479//552
f 471//553 235//553 472//553
f 473//554 477//554 480//554
f 479//555 201//555 481//555
f 201//556 204//556 481//556
f 479//557 481//557 482//557
f 482//558 483//558 476//558
f 423//559 448//559 424//559
f 482//560 481//560 483//560
f 484//362 35//362 485//362
f 325//197 35//197 486//197
f 483//561 410//561 476//561
f 424//562 487//562 426//562
f 488//563 489//563 472//563
f 485//564 490//564 484//564
f 486//565 484//565 490//565
f 476//566 410//566 431//566
f 491//567 489//567 488//567
f 487//568 424//568 448//568
f 436//569 472//569 489//569
f 426//570 487//570 439//570
f 481//571 218//571 483//571
f 481//572 204//572 218//572
f 490//573 325//573 486//573
f 187//574 410//574 483//574
f 187//575 483//575 218//575
f 491//576 460//576 489//576
f 439//577 442//577 440//577
f 437//578 436//578 489//578
f 492//579 300//579 266//579
f 492//580 306//580 300//580
f 489//581 460//581 437//581
f 490//582 493//582 492//582
f 492//583 493//583 494//583
f 443//584 495//584 496//584
f 493//585 497//585 494//585
f 492//586 494//586 306//586
f 443//587 442//587 495//587
f 458//588 306//588 498//588
f 496//589 495//589 499//589
f 498//590 306//590 494//590
f 500//591 501//591 502//591
f 503//592 360//592 359//592
f 504//593 499//593 505//593
f 506//594 505//594 499//594
f 458//595 507//595 308//595
f 448//596 470//596 487//596
f 458//597 498//597 507//597
f 477//598 308//598 507//598
f 507//599 508//599 477//599
f 360//600 503//600 368//600
f 359//601 228//601 509//601
f 510//602 452//602 511//602
f 509//603 228//603 229//603
f 512//604 509//604 229//604
f 510//605 450//605 452//605
f 511//606 452//606 457//606
f 512//607 229//607 231//607
f 497//608 513//608 494//608
f 514//609 512//609 231//609
f 511//610 457//610 491//610
f 514//611 231//611 241//611
f 460//612 491//612 457//612
f 498//613 494//613 513//613
f 513//614 515//614 498//614
f 442//615 516//615 495//615
f 495//616 517//616 499//616
f 349//338 518//338 26//338
f 517//617 495//617 516//617
f 498//618 515//618 507//618
f 352//351 519//351 349//351
f 48//316 455//316 49//316
f 397//316 49//316 455//316
f 515//619 508//619 507//619
f 31//451 26//451 520//451
f 7//620 8//620 521//620
f 477//621 508//621 480//621
f 399//242 49//242 396//242
f 49//622 399//622 51//622
f 397//623 396//623 49//623
f 522//321 3//321 523//321
f 7//321 523//321 3//321
f 502//321 523//321 7//321
f 1//323 3//323 524//323
f 522//323 524//323 3//323
f 51//624 125//624 46//624
f 401//625 125//625 51//625
f 453//182 232//182 252//182
f 525//626 31//626 526//626
f 520//451 526//451 31//451
f 523//627 502//627 501//627
f 501//628 527//628 523//628
f 522//628 523//628 527//628
f 473//629 480//629 528//629
f 252//627 464//627 398//627
f 524//630 522//630 527//630
f 526//631 529//631 525//631
f 527//510 450//510 510//510
f 527//510 501//510 450//510
f 530//632 311//632 385//632
f 402//419 399//419 404//419
f 530//633 309//633 311//633
f 404//45 116//45 125//45
f 398//634 449//634 404//634
f 503//635 359//635 531//635
f 125//45 401//45 404//45
f 310//636 309//636 312//636
f 404//637 449//637 423//637
f 312//638 532//638 313//638
f 40//359 533//359 14//359
f 534//359 14//359 533//359
f 35//362 14//362 485//362
f 534//362 485//362 14//362
f 484//639 486//639 35//639
f 535//640 536//640 537//640
f 538//564 490//564 485//564
f 532//641 539//641 540//641
f 485//642 534//642 538//642
f 493//582 490//582 538//582
f 538//643 541//643 493//643
f 542//644 543//644 535//644
f 55//645 57//645 544//645
f 325//308 490//308 266//308
f 492//579 266//579 490//579
f 536//646 535//646 543//646
f 96//647 545//647 546//647
f 537//648 536//648 547//648
f 95//649 362//649 96//649
f 537//650 547//650 548//650
f 549//651 532//651 312//651
f 387//652 550//652 369//652
f 545//359 96//359 362//359
f 545//653 362//653 550//653
f 369//653 550//653 362//653
f 551//654 309//654 530//654
f 359//655 509//655 552//655
f 509//656 553//656 552//656
f 357//657 395//657 554//657
f 551//658 530//658 243//658
f 551//659 555//659 309//659
f 395//660 556//660 554//660
f 557//661 553//661 512//661
f 297//662 536//662 543//662
f 512//663 553//663 509//663
f 357//664 554//664 387//664
f 309//665 555//665 312//665
f 550//666 387//666 554//666
f 536//667 62//667 547//667
f 557//668 514//668 558//668
f 312//669 555//669 549//669
f 512//670 514//670 557//670
f 532//671 549//671 539//671
f 547//672 62//672 67//672
f 238//673 558//673 514//673
f 558//674 238//674 559//674
f 560//675 561//675 562//675
f 96//676 546//676 563//676
f 96//676 563//676 105//676
f 560//677 564//677 561//677
f 559//678 210//678 565//678
f 55//679 566//679 567//679
f 195//679 71//679 567//679
f 55//679 567//679 71//679
f 559//680 238//680 210//680
f 55//645 544//645 568//645
f 566//681 55//681 568//681
f 539//682 567//682 566//682
f 539//683 566//683 568//683
f 550//684 569//684 563//684
f 565//685 199//685 478//685
f 550//686 563//686 546//686
f 565//687 210//687 199//687
f 195//688 567//688 191//688
f 539//688 191//688 567//688
f 546//689 545//689 550//689
f 514//690 241//690 238//690
f 568//134 544//134 539//134
f 540//134 539//134 544//134
f 393//691 447//691 405//691
f 238//692 241//692 211//692
f 243//693 73//693 551//693
f 391//694 405//694 570//694
f 73//695 182//695 551//695
f 391//696 570//696 395//696
f 551//697 182//697 555//697
f 529//582 571//582 572//582
f 555//698 186//698 549//698
f 562//699 573//699 574//699
f 182//700 186//700 555//700
f 575//701 576//701 571//701
f 191//702 539//702 549//702
f 395//703 570//703 556//703
f 562//704 561//704 573//704
f 186//705 191//705 549//705
f 577//706 574//706 573//706
f 554//707 556//707 569//707
f 577//708 542//708 574//708
f 57//645 578//645 544//645
f 550//707 554//707 569//707
f 542//644 577//644 543//644
f 66//620 333//620 579//620
f 580//620 57//620 579//620
f 578//709 57//709 580//709
f 66//710 579//710 57//710
f 540//711 544//711 578//711
f 540//712 578//712 580//712
f 580//713 579//713 540//713
f 570//714 581//714 556//714
f 540//713 579//713 338//713
f 570//714 582//714 581//714
f 503//715 531//715 529//715
f 338//716 579//716 333//716
f 339//717 313//717 532//717
f 532//317 540//317 339//317
f 338//317 339//317 540//317
f 583//23 584//23 109//23
f 376//718 259//718 383//718
f 561//719 585//719 573//719
f 105//720 586//720 587//720
f 583//720 109//720 587//720
f 105//721 587//721 109//721
f 588//722 589//722 590//722
f 105//723 563//723 591//723
f 586//724 105//724 591//724
f 573//725 363//725 577//725
f 383//726 259//726 269//726
f 259//727 265//727 269//727
f 573//728 585//728 363//728
f 383//729 269//729 385//729
f 552//730 588//730 590//730
f 592//731 593//731 594//731
f 530//732 385//732 269//732
f 586//733 569//733 587//733
f 569//734 586//734 591//734
f 243//735 530//735 269//735
f 593//32 109//32 584//32
f 593//736 584//736 595//736
f 583//737 587//737 595//737
f 584//738 583//738 595//738
f 531//739 552//739 590//739
f 596//740 588//740 553//740
f 569//737 595//737 587//737
f 588//741 552//741 553//741
f 553//742 557//742 596//742
f 563//684 569//684 591//684
f 459//743 457//743 456//743
f 595//744 569//744 556//744
f 557//745 558//745 597//745
f 459//746 293//746 461//746
f 597//747 558//747 598//747
f 595//748 556//748 581//748
f 296//749 437//749 461//749
f 359//750 552//750 531//750
f 599//751 600//751 601//751
f 26//338 13//338 349//338
f 582//752 602//752 581//752
f 520//753 26//753 603//753
f 518//754 603//754 26//754
f 576//491 30//491 572//491
f 30//491 31//491 572//491
f 525//491 572//491 31//491
f 576//755 575//755 30//755
f 518//351 349//351 519//351
f 603//756 518//756 519//756
f 152//757 139//757 604//757
f 526//758 520//758 529//758
f 519//758 529//758 520//758
f 605//759 606//759 451//759
f 607//760 40//760 608//760
f 152//761 137//761 139//761
f 607//359 533//359 40//359
f 603//643 519//643 520//643
f 609//762 610//762 608//762
f 604//763 611//763 612//763
f 503//764 529//764 519//764
f 519//765 368//765 503//765
f 608//766 610//766 607//766
f 352//765 368//765 519//765
f 456//767 303//767 459//767
f 572//768 525//768 529//768
f 139//769 611//769 604//769
f 572//582 571//582 576//582
f 459//770 303//770 293//770
f 461//771 293//771 295//771
f 612//772 613//772 601//772
f 461//773 295//773 296//773
f 533//774 538//774 534//774
f 571//565 529//565 531//565
f 614//679 9//679 615//679
f 616//775 600//775 617//775
f 571//564 531//564 590//564
f 618//645 9//645 619//645
f 620//776 621//776 564//776
f 620//777 564//777 560//777
f 90//778 622//778 623//778
f 90//779 623//779 624//779
f 445//780 92//780 624//780
f 90//779 624//779 92//779
f 104//781 625//781 90//781
f 606//782 605//782 626//782
f 627//783 624//783 623//783
f 607//715 610//715 533//715
f 626//784 275//784 606//784
f 627//357 446//357 624//357
f 445//357 624//357 446//357
f 623//785 622//785 627//785
f 451//786 302//786 456//786
f 622//167 625//167 627//167
f 611//787 613//787 612//787
f 541//788 497//788 493//788
f 302//789 451//789 606//789
f 541//790 610//790 628//790
f 599//751 601//751 613//751
f 456//791 302//791 303//791
f 628//792 629//792 541//792
f 302//793 283//793 142//793
f 628//794 630//794 629//794
f 617//795 600//795 599//795
f 541//796 629//796 497//796
f 446//378 627//378 631//378
f 616//797 617//797 621//797
f 632//798 513//798 497//798
f 446//378 631//378 468//378
f 629//799 632//799 497//799
f 620//800 616//800 621//800
f 275//801 626//801 276//801
f 515//802 513//802 633//802
f 606//803 283//803 302//803
f 633//804 513//804 632//804
f 139//805 429//805 611//805
f 606//806 275//806 283//806
f 136//807 429//807 139//807
f 104//808 634//808 635//808
f 104//809 635//809 625//809
f 622//809 90//809 625//809
f 158//810 636//810 107//810
f 104//811 107//811 636//811
f 104//810 636//810 634//810
f 637//167 627//167 625//167
f 625//812 635//812 637//812
f 634//813 636//813 637//813
f 164//813 637//813 636//813
f 635//814 634//814 637//814
f 638//815 599//815 613//815
f 639//816 627//816 637//816
f 640//817 618//817 641//817
f 642//818 640//818 641//818
f 617//819 643//819 621//819
f 500//620 7//620 521//620
f 82//820 644//820 81//820
f 500//216 521//216 501//216
f 645//821 543//821 577//821
f 646//720 39//720 647//720
f 648//779 30//779 575//779
f 297//822 543//822 645//822
f 642//823 641//823 521//823
f 605//182 450//182 501//182
f 297//824 62//824 536//824
f 648//579 575//579 571//579
f 609//676 39//676 649//676
f 451//825 450//825 605//825
f 645//826 363//826 345//826
f 648//779 650//779 29//779
f 645//827 345//827 344//827
f 18//679 615//679 9//679
f 250//679 615//679 18//679
f 645//828 344//828 297//828
f 647//820 81//820 644//820
f 640//645 8//645 618//645
f 8//645 9//645 618//645
f 614//829 619//829 9//829
f 297//830 344//830 63//830
f 521//620 8//620 642//620
f 502//831 7//831 500//831
f 640//832 642//832 8//832
f 651//833 561//833 564//833
f 646//834 647//834 652//834
f 649//835 646//835 652//835
f 615//836 250//836 262//836
f 262//837 653//837 615//837
f 653//837 614//837 615//837
f 564//838 654//838 651//838
f 152//839 644//839 100//839
f 653//840 262//840 276//840
f 585//841 561//841 651//841
f 652//762 609//762 649//762
f 650//842 655//842 656//842
f 655//843 657//843 656//843
f 645//844 577//844 363//844
f 653//817 641//817 618//817
f 652//845 644//845 658//845
f 658//794 630//794 628//794
f 619//846 614//846 653//846
f 564//847 621//847 654//847
f 654//848 659//848 372//848
f 618//849 619//849 653//849
f 653//850 276//850 626//850
f 501//216 521//216 641//216
f 654//851 372//851 651//851
f 588//852 660//852 589//852
f 585//853 651//853 371//853
f 653//854 626//854 641//854
f 371//855 651//855 372//855
f 661//856 32//856 662//856
f 152//857 604//857 658//857
f 585//858 371//858 364//858
f 605//182 501//182 641//182
f 242//810 41//810 663//810
f 44//859 99//859 45//859
f 363//860 585//860 364//860
f 45//720 647//720 39//720
f 81//720 647//720 45//720
f 655//861 664//861 657//861
f 39//862 609//862 40//862
f 609//723 608//723 40//723
f 646//863 649//863 39//863
f 641//211 626//211 605//211
f 242//864 663//864 665//864
f 100//865 644//865 99//865
f 643//866 659//866 654//866
f 145//867 666//867 134//867
f 82//865 99//865 644//865
f 659//868 388//868 372//868
f 647//834 644//834 652//834
f 388//869 659//869 505//869
f 667//870 666//870 145//870
f 662//871 664//871 661//871
f 664//872 663//872 661//872
f 372//873 388//873 370//873
f 152//874 658//874 644//874
f 610//762 609//762 652//762
f 656//875 29//875 650//875
f 30//779 648//779 29//779
f 668//876 613//876 611//876
f 610//790 652//790 628//790
f 658//877 628//877 652//877
f 657//781 662//781 32//781
f 32//781 29//781 657//781
f 656//781 657//781 29//781
f 41//811 32//811 663//811
f 661//810 663//810 32//810
f 655//579 648//579 571//579
f 533//774 610//774 538//774
f 429//878 668//878 611//878
f 650//579 648//579 655//579
f 613//879 668//879 638//879
f 662//861 657//861 664//861
f 610//880 541//880 538//880
f 669//881 430//881 409//881
f 655//573 571//573 590//573
f 655//573 590//573 589//573
f 663//864 664//864 665//864
f 655//882 589//882 664//882
f 670//883 665//883 664//883
f 162//884 400//884 190//884
f 144//885 321//885 145//885
f 431//886 671//886 475//886
f 672//887 599//887 638//887
f 671//888 432//888 463//888
f 431//889 432//889 671//889
f 321//890 144//890 190//890
f 638//891 496//891 672//891
f 617//892 599//892 672//892
f 528//893 474//893 473//893
f 409//894 474//894 669//894
f 643//895 617//895 672//895
f 669//896 474//896 528//896
f 321//897 667//897 145//897
f 667//898 673//898 666//898
f 654//899 621//899 643//899
f 674//900 430//900 669//900
f 322//901 340//901 667//901
f 666//902 673//902 675//902
f 429//903 440//903 668//903
f 676//904 677//904 675//904
f 676//904 675//904 673//904
f 430//905 674//905 678//905
f 426//906 440//906 429//906
f 321//907 322//907 667//907
f 430//908 678//908 433//908
f 673//909 667//909 340//909
f 443//910 638//910 668//910
f 668//911 440//911 443//911
f 476//912 475//912 679//912
f 340//913 342//913 673//913
f 676//914 673//914 342//914
f 443//915 496//915 638//915
f 52//323 680//323 336//323
f 334//323 53//323 336//323
f 672//916 496//916 504//916
f 681//917 480//917 508//917
f 682//918 683//918 52//918
f 54//919 682//919 52//919
f 680//301 676//301 336//301
f 672//920 504//920 643//920
f 336//921 342//921 334//921
f 676//921 342//921 336//921
f 659//922 643//922 504//922
f 684//923 479//923 685//923
f 528//924 686//924 687//924
f 499//925 504//925 496//925
f 684//926 478//926 479//926
f 669//927 528//927 687//927
f 679//928 685//928 482//928
f 680//929 52//929 683//929
f 479//930 482//930 685//930
f 659//931 504//931 505//931
f 679//932 482//932 476//932
f 676//933 680//933 683//933
f 683//934 682//934 676//934
f 677//934 676//934 682//934
f 447//935 688//935 405//935
f 689//936 690//936 691//936
f 692//937 447//937 693//937
f 694//938 246//938 24//938
f 341//939 356//939 691//939
f 596//940 557//940 597//940
f 688//941 447//941 692//941
f 694//938 24//938 138//938
f 691//942 695//942 341//942
f 691//943 690//943 695//943
f 694//944 696//944 246//944
f 405//945 582//945 570//945
f 405//946 688//946 582//946
f 260//947 246//947 696//947
f 677//948 696//948 694//948
f 697//949 698//949 699//949
f 692//950 535//950 537//950
f 692//951 537//951 688//951
f 54//952 700//952 701//952
f 701//953 682//953 54//953
f 690//954 689//954 702//954
f 698//955 565//955 699//955
f 703//956 704//956 65//956
f 54//956 65//956 704//956
f 54//956 704//956 700//956
f 677//957 682//957 701//957
f 582//958 688//958 548//958
f 700//959 704//959 677//959
f 701//960 700//960 677//960
f 688//961 537//961 548//961
f 677//959 704//959 696//959
f 696//962 704//962 703//962
f 341//963 695//963 202//963
f 559//964 698//964 598//964
f 598//965 558//965 559//965
f 341//966 202//966 198//966
f 703//967 65//967 261//967
f 559//968 565//968 698//968
f 703//969 261//969 696//969
f 260//970 696//970 245//970
f 699//971 565//971 478//971
f 674//972 669//972 687//972
f 699//973 478//973 684//973
f 261//970 245//970 696//970
f 702//974 705//974 690//974
f 702//975 706//975 705//975
f 134//976 666//976 138//976
f 433//977 693//977 435//977
f 690//978 707//978 695//978
f 706//979 708//979 709//979
f 690//980 705//980 707//980
f 693//981 433//981 678//981
f 708//982 710//982 709//982
f 695//983 711//983 202//983
f 666//984 675//984 138//984
f 706//985 709//985 705//985
f 447//986 435//986 693//986
f 695//987 707//987 711//987
f 705//988 709//988 712//988
f 694//984 138//984 675//984
f 202//688 711//688 164//688
f 687//989 713//989 714//989
f 705//990 712//990 707//990
f 707//991 712//991 639//991
f 675//992 677//992 694//992
f 202//993 164//993 163//993
f 158//89 159//89 164//89
f 707//994 639//994 711//994
f 687//995 714//995 674//995
f 637//996 164//996 711//996
f 674//997 715//997 678//997
f 637//138 711//138 639//138
f 674//998 714//998 715//998
f 678//999 715//999 716//999
f 158//1000 164//1000 636//1000
f 678//1001 716//1001 693//1001
f 692//1002 693//1002 716//1002
f 710//1003 708//1003 717//1003
f 709//1004 710//1004 718//1004
f 719//1005 720//1005 721//1005
f 717//1006 463//1006 710//1006
f 709//1007 718//1007 712//1007
f 722//1008 723//1008 724//1008
f 639//1009 712//1009 631//1009
f 713//1010 687//1010 686//1010
f 725//1011 713//1011 686//1011
f 631//1012 712//1012 718//1012
f 562//1013 713//1013 560//1013
f 639//1014 631//1014 627//1014
f 713//1015 562//1015 714//1015
f 714//1016 562//1016 574//1016
f 726//1017 234//1017 221//1017
f 714//1018 574//1018 715//1018
f 726//1017 727//1017 234//1017
f 723//1019 728//1019 724//1019
f 715//1020 542//1020 716//1020
f 715//1021 574//1021 542//1021
f 716//1022 535//1022 692//1022
f 722//1023 724//1023 729//1023
f 716//1022 542//1022 535//1022
f 729//1024 730//1024 731//1024
f 717//1025 671//1025 463//1025
f 727//1026 732//1026 234//1026
f 718//1027 710//1027 466//1027
f 729//1028 724//1028 730//1028
f 727//1029 733//1029 732//1029
f 731//1030 734//1030 735//1030
f 234//1031 732//1031 488//1031
f 463//1032 466//1032 710//1032
f 718//1033 466//1033 468//1033
f 731//1034 730//1034 734//1034
f 491//1035 488//1035 732//1035
f 468//1036 631//1036 718//1036
f 735//1037 734//1037 702//1037
f 488//1038 233//1038 234//1038
f 736//1039 728//1039 737//1039
f 706//1040 702//1040 734//1040
f 702//1041 689//1041 735//1041
f 233//1042 488//1042 472//1042
f 737//1043 738//1043 736//1043
f 722//1044 739//1044 723//1044
f 633//1045 740//1045 515//1045
f 728//1046 736//1046 741//1046
f 472//1047 235//1047 233//1047
f 235//1048 471//1048 237//1048
f 728//1049 723//1049 737//1049
f 728//1050 741//1050 742//1050
f 508//1051 515//1051 740//1051
f 508//1052 740//1052 681//1052
f 743//1053 744//1053 742//1053
f 742//1054 741//1054 743//1054
f 733//1055 510//1055 511//1055
f 724//1056 742//1056 730//1056
f 743//1057 708//1057 744//1057
f 686//1058 528//1058 480//1058
f 733//1059 511//1059 732//1059
f 743//1060 717//1060 708//1060
f 480//1061 681//1061 686//1061
f 724//1062 728//1062 742//1062
f 706//1057 744//1057 708//1057
f 730//1063 742//1063 744//1063
f 491//1064 732//1064 511//1064
f 23//1065 22//1065 738//1065
f 730//1066 744//1066 734//1066
f 1//323 524//323 745//323
f 737//1067 23//1067 738//1067
f 746//1068 2//1068 721//1068
f 747//953 721//953 1//953
f 745//1069 747//1069 1//1069
f 734//1040 744//1040 706//1040
f 738//1070 748//1070 736//1070
f 749//1071 737//1071 723//1071
f 737//1072 749//1072 23//1072
f 738//1073 750//1073 748//1073
f 751//1074 736//1074 748//1074
f 527//1075 510//1075 719//1075
f 751//1076 741//1076 736//1076
f 510//1077 733//1077 719//1077
f 741//1078 751//1078 752//1078
f 725//1079 686//1079 681//1079
f 746//1080 720//1080 753//1080
f 741//1081 752//1081 743//1081
f 743//1082 752//1082 717//1082
f 630//1083 754//1083 629//1083
f 738//1084 22//1084 750//1084
f 317//217 27//217 315//217
f 315//217 28//217 755//217
f 750//1085 684//1085 685//1085
f 604//1086 612//1086 630//1086
f 685//1087 748//1087 750//1087
f 756//1080 757//1080 758//1080
f 755//1088 756//1088 758//1088
f 748//1089 679//1089 751//1089
f 756//956 28//956 757//956
f 753//1090 720//1090 757//1090
f 206//1091 242//1091 665//1091
f 632//1092 629//1092 754//1092
f 685//1093 679//1093 748//1093
f 751//1094 679//1094 475//1094
f 754//1095 759//1095 632//1095
f 754//1096 601//1096 759//1096
f 751//1097 475//1097 752//1097
f 760//837 256//837 244//837
f 758//1098 315//1098 755//1098
f 475//1099 671//1099 752//1099
f 632//1100 759//1100 633//1100
f 752//1101 671//1101 717//1101
f 633//1102 761//1102 740//1102
f 633//1103 759//1103 761//1103
f 244//1104 665//1104 760//1104
f 740//1105 762//1105 681//1105
f 760//1106 763//1106 256//1106
f 726//1107 377//1107 316//1107
f 740//1108 761//1108 762//1108
f 681//1109 762//1109 725//1109
f 256//1110 763//1110 764//1110
f 589//1111 660//1111 670//1111
f 763//1112 765//1112 764//1112
f 377//1113 726//1113 221//1113
f 764//1114 765//1114 766//1114
f 630//857 658//857 604//857
f 765//1115 767//1115 766//1115
f 660//1116 768//1116 769//1116
f 377//1113 221//1113 169//1113
f 766//1117 767//1117 770//1117
f 770//1118 767//1118 17//1118
f 758//1119 727//1119 726//1119
f 770//1118 17//1118 771//1118
f 754//1120 630//1120 612//1120
f 772//1121 773//1121 774//1121
f 773//1122 775//1122 774//1122
f 612//1123 601//1123 754//1123
f 759//1124 601//1124 600//1124
f 776//1125 775//1125 697//1125
f 1//953 721//953 2//953
f 753//1126 2//1126 746//1126
f 759//1124 600//1124 761//1124
f 761//1127 600//1127 616//1127
f 753//956 757//956 2//956
f 2//1128 757//1128 28//1128
f 15//1129 777//1129 22//1129
f 762//1130 761//1130 616//1130
f 756//967 755//967 28//967
f 527//1131 719//1131 524//1131
f 762//1132 620//1132 725//1132
f 777//1133 15//1133 697//1133
f 745//1131 524//1131 719//1131
f 747//1134 745//1134 719//1134
f 620//1135 762//1135 616//1135
f 750//1136 22//1136 777//1136
f 560//1137 713//1137 725//1137
f 721//1005 747//1005 719//1005
f 725//1138 620//1138 560//1138
f 582//752 548//752 602//752
f 16//1139 778//1139 771//1139
f 594//1140 595//1140 581//1140
f 757//1080 720//1080 758//1080
f 660//1141 588//1141 596//1141
f 581//1142 602//1142 594//1142
f 746//1005 721//1005 720//1005
f 596//1143 768//1143 660//1143
f 108//31 592//31 779//31
f 720//1144 727//1144 758//1144
f 109//32 593//32 108//32
f 592//32 108//32 593//32
f 596//1145 597//1145 768//1145
f 594//1146 779//1146 592//1146
f 720//1147 719//1147 733//1147
f 720//1147 733//1147 727//1147
f 33//31 779//31 42//31
f 773//1148 768//1148 597//1148
f 42//1149 779//1149 38//1149
f 771//1150 17//1150 16//1150
f 773//1151 598//1151 775//1151
f 594//1149 38//1149 779//1149
f 778//1152 16//1152 23//1152
f 595//731 594//731 593//731
f 778//1153 23//1153 749//1153
f 773//1154 597//1154 598//1154
f 315//300 758//300 316//300
f 726//1155 316//1155 758//1155
f 775//1156 698//1156 697//1156
f 775//1157 598//1157 698//1157
f 602//1158 780//1158 38//1158
f 699//1159 777//1159 697//1159
f 594//1160 602//1160 38//1160
f 777//1161 684//1161 750//1161
f 547//1162 780//1162 548//1162
f 684//1163 777//1163 699//1163
f 187//1164 19//1164 21//1164
f 548//1165 780//1165 602//1165
f 188//1166 25//1166 305//1166
f 781//1167 782//1167 470//1167
f 547//1168 67//1168 780//1168
f 188//1169 21//1169 25//1169
f 664//227 589//227 670//227
f 25//1170 304//1170 305//1170
f 760//224 665//224 670//224
f 780//1171 4//1171 38//1171
f 69//1172 133//1172 19//1172
f 760//1173 769//1173 763//1173
f 780//1174 67//1174 4//1174
f 670//1175 769//1175 760//1175
f 67//281 273//281 4//281
f 69//1172 68//1172 133//1172
f 763//1176 772//1176 765//1176
f 133//1177 20//1177 19//1177
f 111//1178 10//1178 6//1178
f 111//625 6//625 5//625
f 270//625 119//625 5//625
f 769//1179 772//1179 763//1179
f 42//48 34//48 33//48
f 10//44 111//44 11//44
f 33//1180 11//1180 111//1180
f 765//1181 774//1181 767//1181
f 783//1182 778//1182 784//1182
f 108//31 779//31 33//31
f 772//1183 774//1183 765//1183
f 767//1184 776//1184 17//1184
f 516//1185 784//1185 739//1185
f 767//1184 774//1184 776//1184
f 776//1186 15//1186 17//1186
f 256//849 226//849 244//849
f 670//1187 660//1187 769//1187
f 253//1188 764//1188 467//1188
f 764//1189 253//1189 256//1189
f 764//1190 766//1190 467//1190
f 769//1191 768//1191 772//1191
f 467//1192 766//1192 781//1192
f 781//1193 770//1193 782//1193
f 766//1194 770//1194 781//1194
f 768//1195 773//1195 772//1195
f 771//1196 783//1196 782//1196
f 782//1197 770//1197 771//1197
f 783//1198 771//1198 778//1198
f 784//1199 778//1199 749//1199
f 774//1200 775//1200 776//1200
f 784//1201 749//1201 739//1201
f 697//1202 15//1202 776//1202
f 723//1203 739//1203 749//1203
f 665//207 244//207 206//207
f 785//1204 348//1204 378//1204
f 785//1205 356//1205 348//1205
f 785//1206 689//1206 691//1206
f 691//1207 356//1207 785//1207
f 328//1208 356//1208 341//1208
f 505//1209 506//1209 389//1209
f 389//1210 388//1210 505//1210
f 729//1211 389//1211 506//1211
f 786//1212 378//1212 370//1212
f 370//1213 390//1213 786//1213
f 785//1214 378//1214 786//1214
f 499//1215 517//1215 506//1215
f 722//1216 729//1216 506//1216
f 731//1217 389//1217 729//1217
f 389//1218 731//1218 390//1218
f 390//1219 735//1219 786//1219
f 390//1220 731//1220 735//1220
f 786//1221 689//1221 785//1221
f 735//1222 689//1222 786//1222
f 487//1223 787//1223 439//1223
f 470//1224 787//1224 487//1224
f 439//1225 788//1225 442//1225
f 787//1226 788//1226 439//1226
f 788//1227 516//1227 442//1227
f 788//1228 787//1228 783//1228
f 470//1229 465//1229 781//1229
f 465//1230 467//1230 781//1230
f 787//1231 470//1231 782//1231
f 787//1232 782//1232 783//1232
f 788//1233 783//1233 784//1233
f 784//1234 516//1234 788//1234
f 739//1235 517//1235 516//1235
f 517//1236 739//1236 722//1236
f 722//1237 506//1237 517//1237
