# Blender v2.82 (sub 7) OBJ File: ''
# www.blender.org
mtllib whole_spread.mtl
o Cheeseburger_Plated
v 3.437000 4.268000 -1.985000
v 3.281000 4.579000 -0.173000
v 3.787000 4.579000 -1.840000
v 2.910000 4.268000 -0.247000
v 3.705000 4.810000 -0.088000
v 4.187000 4.810000 -1.675000
v -61.827000 -0.001000 3.318000
v -60.317001 -0.001000 3.017000
v -61.314999 -0.001000 5.006000
v 53.623001 0.506000 -9.207000
v 53.200001 0.506000 -8.685000
v 53.869999 0.506000 -8.547000
v 52.864143 0.506000 -9.611614
v 52.801014 0.506000 -9.579598
v -20.500000 -0.001000 -7.939000
v -1.499000 -0.001000 11.062000
v -20.500000 -0.001000 11.062000
v 54.743000 0.506000 -8.279000
v 59.493999 0.506000 6.888000
v 55.958000 0.506000 -7.815000
v 56.543999 0.506000 -7.115000
v 52.216999 0.506000 -8.203000
v -54.755001 -0.001000 10.389000
v -53.000000 -0.001000 9.023000
v -53.000000 -0.001000 10.562000
v 51.992710 0.506000 -9.169665
v 52.386837 0.506000 -9.277731
v 52.312538 0.506000 -9.331867
v -56.444000 -0.001000 9.877000
v -55.855000 -0.001000 8.455000
v -51.243999 -0.001000 10.389000
v 3.843000 3.457000 -3.889000
v 3.150000 3.889000 -2.104000
v 4.035000 3.889000 -3.760000
v 57.292999 0.506000 -6.316000
v 2.937000 3.457000 -2.193000
v -30.618999 -0.001000 -6.043000
v -30.086063 -0.001000 0.993025
v -32.064041 -0.001000 -6.330875
v -34.832314 -0.001000 -5.273979
v 51.227280 0.506000 -8.781478
v 51.375999 0.506000 -7.847000
v 51.534019 0.506000 -8.937043
v -34.979000 -0.001000 0.482000
v -35.846001 -0.001000 -0.816000
v -33.681000 -0.001000 1.349000
v -32.150002 -0.001000 1.653000
v -36.151001 -0.001000 -2.347000
v -34.979000 -0.001000 -5.176000
v -35.846001 -0.001000 -3.878000
v 50.797340 0.506000 -8.563436
v 50.835999 0.506000 -7.895000
v 50.537571 0.506000 -8.431694
v -1.499000 -0.001000 -7.939000
v 3.685000 2.500000 -3.994000
v 2.805000 2.988000 -2.247000
v 3.725000 2.988000 -3.968000
v 49.698196 0.506000 -8.006005
v 49.904999 0.506000 -7.377000
v 50.227009 0.506000 -8.274192
v 2.761000 2.500000 -2.265000
v -28.454000 -0.001000 -3.878000
v -29.320999 -0.001000 -5.176000
v -28.250441 -0.001000 -2.852835
v -30.618999 -0.001000 1.349000
v 48.943798 0.506000 -7.623412
v 49.104000 0.506000 -6.989000
v 49.389328 0.506000 -7.849363
v 48.644146 0.506000 -7.471443
v 48.345997 0.506000 -7.320237
v 17.648001 0.048000 -4.087000
v 16.698999 0.190000 -5.470000
v 17.980000 0.190000 -4.419000
v 49.136002 0.506000 -6.216000
v 48.239113 0.506000 -7.110467
v 16.938999 0.421000 -5.830000
v 18.285999 0.421000 -4.724000
v 47.811066 0.506000 -6.270379
v 48.390999 0.506000 -5.413000
v 48.164562 0.506000 -6.477442
v -45.539001 -0.001000 1.562000
v -45.681999 -0.001000 0.106000
v -43.999001 -0.001000 1.562000
v 47.946499 0.506000 -6.536182
v 17.149000 0.732000 -6.145000
v -44.172001 -0.001000 3.318000
v -45.681999 -0.001000 3.017000
v -44.683998 -0.001000 5.006000
v 2.192000 2.500000 -0.389000
v 2.239000 2.988000 -0.380000
v 47.936001 0.506000 -4.719000
v 57.819473 0.506000 7.268760
v 47.577026 0.506000 -5.811046
v 47.371037 0.506000 -5.406770
v 47.699814 0.506000 -4.839031
v 2.605000 3.889000 -0.307000
v -53.000000 -0.001000 -7.439000
v -54.455002 -0.001000 -5.756000
v -54.755001 -0.001000 -7.266000
v -51.243999 -0.001000 -7.266000
v -51.543999 -0.001000 -5.756000
v -49.555000 -0.001000 -6.754000
v 47.474998 0.506000 -3.725000
v 46.996185 0.506000 -4.671081
v 46.787319 0.506000 -4.261158
v 46.578743 0.506000 -3.851802
v 47.046001 0.506000 -2.920000
v 46.399540 0.506000 -3.500100
v -47.999001 -0.001000 -5.922000
v -48.855000 -0.001000 -4.642000
v -46.634998 -0.001000 -4.803000
v -47.723999 -0.001000 -3.714000
v 45.892906 0.506000 -2.505771
v 47.627819 0.506000 0.624264
v 46.196350 0.506000 -3.101317
v 2.378000 3.457000 -0.352000
v -44.172001 -0.001000 -0.194000
v -44.683998 -0.001000 -1.883000
v -46.796001 -0.001000 -2.583000
v -45.515999 -0.001000 -3.439000
v -46.106998 -0.001000 -1.293000
v -60.459999 -0.001000 1.562000
v -62.000000 -0.001000 1.562000
v -60.317001 -0.001000 0.106000
v 61.395657 0.506000 7.558764
v 61.452999 0.506000 6.448000
v 61.074120 0.506000 7.484145
v -59.363998 -0.001000 -4.803000
v -58.275002 -0.001000 -3.714000
v -60.483002 -0.001000 -3.439000
v 17.224001 0.010284 -3.663000
v 16.349617 0.010298 -4.380322
v 17.304001 -0.001000 -3.742000
v -61.314999 -0.001000 -1.883000
v -59.202999 -0.001000 -2.583000
v 60.556999 0.506000 6.621000
v -57.145000 -0.001000 -4.642000
v -58.000000 -0.001000 -5.922000
v -56.444000 -0.001000 -6.754000
v 2.048000 2.988000 1.562000
v -55.855000 -0.001000 -5.331000
v 20.563000 4.268000 -1.985000
v 21.090000 4.268000 -0.247000
v 21.395000 3.889000 -0.307000
v 2.190000 3.457000 1.562000
v -53.000000 -0.001000 -5.899000
v 20.850000 3.889000 -2.104000
v 20.212999 4.579000 -1.840000
v 2.421000 3.889000 1.562000
v 2.732000 4.268000 1.562000
v 20.719000 4.579000 -0.173000
v -56.578999 -0.001000 -2.017000
v -57.178001 -0.001000 -2.616000
v -55.812000 -0.001000 -2.647000
v -55.261002 -0.001000 -3.897000
v -54.937000 -0.001000 -3.114000
v 19.813000 4.810000 -1.675000
v 20.295000 4.810000 -0.088000
v -57.208000 -0.001000 -1.250000
v -57.912998 -0.001000 -1.721000
v 59.674637 0.506000 7.731345
v 60.417980 0.506000 7.916698
v 60.581688 0.506000 7.957518
v -58.459000 -0.001000 -0.699000
v -57.675999 -0.001000 -0.375000
v -56.282001 -0.001000 -3.351000
v 61.198521 0.506000 7.691741
v 53.577000 0.506000 9.443000
v 52.747002 0.506000 9.468000
v 53.614227 0.506000 9.704936
v 52.887756 0.506000 10.363300
v 53.337753 0.506000 10.300065
v 54.155617 0.506000 10.185137
v 54.655998 0.506000 9.250000
v 54.611027 0.506000 10.121141
v -57.964001 -0.001000 0.574000
v 55.456982 0.506000 10.002266
v 55.562000 0.506000 9.140000
v 55.065678 0.506000 10.057253
v 56.562008 0.506000 9.846984
v 55.900341 0.506000 9.939963
v -48.791000 -0.001000 -1.250000
v -47.541000 -0.001000 -0.699000
v -48.324001 -0.001000 -0.375000
v -49.421001 -0.001000 -2.017000
v -48.820999 -0.001000 -2.616000
v -50.188000 -0.001000 -2.647000
v -49.716999 -0.001000 -3.351000
v 21.579000 3.889000 1.562000
v 57.942039 0.506000 -6.881717
v 58.465546 0.506000 -4.928000
v -51.063000 -0.001000 -3.114000
v -50.737999 -0.001000 -3.897000
v -48.087002 -0.001000 -1.721000
v 57.700130 0.506000 -7.784517
v 57.744003 0.506000 -7.620779
v 4.035000 1.111000 -3.760000
v 3.150000 1.111000 -2.104000
v 2.937000 1.543000 -2.193000
v -52.012001 -0.001000 -3.403000
v 21.808001 2.500000 -0.389000
v 21.195000 2.988000 -2.247000
v 21.761000 2.988000 -0.380000
v 3.843000 1.543000 -3.889000
v -53.000000 -0.001000 -3.500000
v -53.987000 -0.001000 -3.403000
v -53.000000 -0.001000 -4.347000
v 21.239000 2.500000 -2.265000
v 2.805000 2.012000 -2.247000
v 3.725000 2.012000 -3.968000
v 21.063000 3.457000 -2.193000
v 62.697353 0.506000 6.680710
v 62.697361 0.484253 6.680704
v 63.023445 0.506000 6.460745
v 21.622000 3.457000 -0.352000
v -54.152000 -0.001000 -4.233000
v -51.847000 -0.001000 -4.233000
v 63.512707 0.506000 6.130715
v 63.512756 0.344716 6.130682
v 63.699970 0.506000 6.004399
v 64.244705 0.506000 5.636949
v 64.244659 0.225701 5.636980
v 64.491386 0.506000 5.470549
v 21.761000 2.012000 -0.380000
v 2.378000 1.543000 -0.352000
v 2.239000 2.012000 -0.380000
v 20.315001 2.500000 -3.994000
v 20.275000 2.988000 -3.968000
v -56.742001 -0.001000 -4.040000
v -55.854000 -0.001000 -5.329000
v -55.577000 -0.001000 -4.662000
v -57.763000 -0.001000 -3.202000
v -57.144001 -0.001000 -4.640000
v 2.605000 1.111000 -0.307000
v -58.601002 -0.001000 -2.181000
v -58.273998 -0.001000 -3.712000
v -59.890999 -0.001000 -1.293000
v -59.201000 -0.001000 -2.582000
v -59.223000 -0.001000 -1.017000
v 2.190000 1.543000 1.562000
v 2.048000 2.012000 1.562000
v -46.799000 -0.001000 -2.582000
v -46.109001 -0.001000 -1.293000
v -47.397999 -0.001000 -2.181000
v 20.719000 0.421000 -0.173000
v 20.212999 0.421000 -1.840000
v 20.563000 0.732000 -1.985000
v -49.257000 -0.001000 -4.040000
v -48.855999 -0.001000 -4.640000
v -48.236000 -0.001000 -3.202000
v 3.787000 0.421000 -1.840000
v 3.437000 0.732000 -1.985000
v 4.609000 0.421000 -3.377000
v -50.422001 -0.001000 -4.662000
v -50.146000 -0.001000 -5.329000
v -47.726002 -0.001000 -3.712000
v 3.281000 0.421000 -0.173000
v 2.910000 0.732000 -0.247000
v -51.685001 -0.001000 -5.046000
v -53.000000 -0.001000 -5.175000
v -54.313999 -0.001000 -5.046000
v -53.000000 -0.001000 -5.897000
v -54.455002 -0.001000 -5.754000
v -51.544998 -0.001000 -5.754000
v -46.776001 -0.001000 -1.017000
v 2.732000 0.732000 1.562000
v 20.295000 0.190000 -0.088000
v 21.090000 0.732000 -0.247000
v -59.891998 -0.001000 -1.293000
v -61.827000 -0.001000 -0.194000
v 3.111000 0.421000 1.562000
v 20.850000 1.111000 -2.104000
v 62.853188 0.506000 -2.218260
v 62.853188 -0.001000 -2.218260
v 62.633999 -0.001000 -2.070000
v 62.633999 0.506000 -2.070000
v 63.508801 0.506000 -2.230370
v 21.395000 1.111000 -0.307000
v -50.144001 -0.001000 -5.331000
v 64.578651 0.506000 -0.644205
v 64.578651 -0.001000 -0.644205
v 63.361000 0.506000 -0.294000
v 21.063000 1.543000 -2.193000
v 16.105000 5.000000 7.704000
v 16.349617 4.988932 7.503322
v 17.224001 5.000000 6.786000
v 17.224001 4.988946 6.786000
v 15.106586 4.988932 8.237581
v 16.104452 4.988921 7.704293
v 16.167000 5.000000 7.798000
v 17.304001 5.000000 6.865000
v 21.622000 1.543000 -0.352000
v 16.105000 4.988933 7.704000
v 21.195000 2.012000 -2.247000
v -45.515999 -0.001000 6.562000
v -46.796001 -0.001000 5.707000
v 64.525482 0.506000 4.542093
v 63.549999 -0.001000 4.458000
v 63.549999 0.506000 4.458000
v -46.634998 -0.001000 7.926000
v 19.705999 0.732000 -3.588000
v 61.702000 0.506000 6.413000
v 61.702000 -0.001000 6.413000
v 62.674080 0.506000 6.674442
v 19.965000 1.111000 -3.760000
v -47.999001 -0.001000 9.045000
v -50.144001 -0.001000 8.455000
v -48.855000 -0.001000 7.765000
v 63.352154 0.506000 6.052145
v 63.975834 0.506000 5.481302
v -48.324001 -0.001000 3.498000
v -47.541000 -0.001000 3.823000
v -48.791000 -0.001000 4.374000
v 20.275000 2.012000 -3.968000
v -48.035999 -0.001000 2.549000
v -47.203999 -0.001000 2.715000
v -49.716999 -0.001000 6.475000
v -49.421001 -0.001000 5.141000
v -48.820999 -0.001000 5.740000
v 63.023445 -0.001000 6.460745
v 62.448002 0.506000 5.610000
v -47.938000 -0.001000 1.562000
v -48.087002 -0.001000 4.845000
v -48.035999 -0.001000 0.574000
v 19.705999 4.268000 -3.588000
v 19.391001 4.579000 -3.377000
v 14.827089 0.010305 8.386952
v 15.824546 0.010315 7.853882
v 14.870000 -0.001000 8.491000
v 62.448002 -0.001000 5.610000
v -47.091000 -0.001000 1.562000
v -47.203999 -0.001000 0.409000
v -47.397999 -0.001000 5.304000
v -46.799000 -0.001000 5.705000
v -48.236000 -0.001000 6.325000
v 16.105000 -0.001000 7.704000
v 16.104452 0.010309 7.704293
v 16.105000 0.010297 7.704000
v -46.776001 -0.001000 4.139000
v -46.109001 -0.001000 4.416000
v 64.545547 0.506000 3.995506
v 16.167000 -0.001000 7.798000
v -46.393002 -0.001000 2.875000
v -45.685001 -0.001000 3.016000
v -47.726002 -0.001000 6.835000
v -46.263000 -0.001000 1.561000
v 17.980000 4.810000 -4.419000
v 17.648001 4.952000 -4.087000
v 19.032000 4.810000 -3.137000
v -46.393002 -0.001000 0.247000
v -45.685001 -0.001000 0.106000
v -45.542000 -0.001000 1.561000
v 18.642000 4.952000 -2.876000
v -47.723999 -0.001000 6.837000
v -46.106998 -0.001000 4.417000
v -49.555000 -0.001000 9.877000
v 63.361000 -0.001000 -0.294000
v 64.060745 0.506000 -1.016812
v 18.285999 4.579000 -4.724000
v 64.217865 0.302120 -1.179110
v 64.217865 0.506000 -1.179109
v 63.047138 0.506000 -2.914837
v -54.455002 -0.001000 8.879000
v 62.312405 0.506000 -4.004157
v 62.533356 0.506000 -3.676574
v 62.533356 -0.001000 -3.676574
v -58.275002 -0.001000 6.837000
v -57.145000 -0.001000 7.765000
v -59.363998 -0.001000 7.926000
v 17.304001 5.000000 -3.742000
v -60.483002 -0.001000 6.562000
v -59.202999 -0.001000 5.707000
v 61.987999 0.506000 -2.955000
v 14.870000 5.000000 8.491000
v 15.057000 4.952000 8.942000
v 57.942039 -0.001000 -6.881717
v 57.744022 0.168194 -7.620712
v 14.827000 5.000000 8.387000
v 14.827000 4.988928 8.387000
v 14.827089 4.988926 8.386952
v 18.143000 5.000000 -2.543000
v 17.943039 4.988988 -2.786695
v 17.224001 5.000000 -3.663000
v 45.684132 0.506000 5.665700
v 45.684132 0.483590 5.665708
v 45.738689 0.506000 6.053928
v -58.061001 -0.001000 1.562000
v -57.964001 -0.001000 2.549000
v -58.908001 -0.001000 1.562000
v 17.224001 4.988946 -3.663000
v 16.979780 4.988947 -3.863352
v 45.820827 0.506000 6.638419
v 45.820820 0.344714 6.638368
v 45.852238 0.506000 6.861924
v 17.224451 4.988932 -3.662451
v 15.402000 4.579000 9.774000
v 16.698999 4.810000 8.593000
v 15.236000 4.810000 9.375000
v 45.985260 0.506000 7.808505
v 45.943840 0.506000 7.513765
v 45.943840 -0.001000 7.513765
v 45.432266 0.506000 3.873444
v 45.432259 0.287175 3.873374
v 45.465416 0.506000 4.109320
v -57.208000 -0.001000 4.374000
v -58.459000 -0.001000 3.823000
v -57.675999 -0.001000 3.498000
v 52.081730 0.506000 10.476565
v 52.081661 0.302705 10.476575
v 52.377190 0.506000 10.435046
v -56.282001 -0.001000 6.475000
v -57.178001 -0.001000 5.740000
v -55.812000 -0.001000 5.770000
v 45.572350 0.506000 3.073677
v 45.572483 0.166373 3.073519
v 45.464184 0.506000 3.202573
v -54.937000 -0.001000 6.238000
v 13.734000 4.579000 10.280000
v 13.808000 4.268000 10.652000
v -53.987000 -0.001000 6.526000
v -55.261002 -0.001000 7.021000
v -56.578999 -0.001000 5.141000
v -57.912998 -0.001000 4.845000
v 47.287689 0.506000 8.503966
v 47.287720 0.423320 8.503982
v 47.603783 0.506000 8.672750
v 18.143000 4.988992 -2.543000
v 18.826000 5.000000 -1.266000
v 18.677361 4.988999 -1.543909
v 18.143091 4.988988 -2.542831
v 18.236000 5.000000 -2.605000
v -53.000000 -0.001000 6.623000
v -53.000000 -0.001000 7.471000
v -50.188000 -0.001000 5.770000
v -50.737999 -0.001000 7.021000
v -51.063000 -0.001000 6.238000
v 13.743938 4.988955 8.715981
v 13.441000 5.000000 8.808000
v 12.000000 5.000000 8.950000
v 12.313843 4.988988 8.919073
v 13.463000 5.000000 8.918000
v 13.558000 4.952000 9.396000
v 13.441174 4.988972 8.807947
v 13.441000 4.988975 8.808000
v -54.152000 -0.001000 7.357000
v -51.847000 -0.001000 7.357000
v -52.012001 -0.001000 6.526000
v 45.852238 -0.001000 6.861924
v 47.036999 -0.001000 6.778000
v 19.379999 4.952000 -1.495000
v -58.794998 -0.001000 2.715000
v -58.794998 -0.001000 0.409000
v 15.547000 4.268000 10.124000
v 13.650000 4.810000 9.856000
v -59.736000 -0.001000 1.561000
v -60.458000 -0.001000 1.561000
v -59.606998 -0.001000 0.247000
v 18.929001 5.000000 -1.309000
v 19.834999 4.952000 0.003000
v 45.673767 0.506000 3.852541
v 46.676998 -0.001000 3.766000
v -59.201000 -0.001000 5.705000
v -59.890999 -0.001000 4.416000
v -58.601002 -0.001000 5.304000
v 18.826000 4.989007 -1.266000
v 18.825914 4.989004 -1.266162
v -57.763000 -0.001000 6.325000
v -58.273998 -0.001000 6.835000
v 19.246000 5.000000 0.120000
v 19.154312 4.988961 -0.182569
v -56.742001 -0.001000 7.162000
v -57.144001 -0.001000 7.763000
v 45.700443 0.506000 5.646996
v 45.961746 0.506000 6.528607
v -55.577000 -0.001000 7.785000
v -55.854000 -0.001000 8.452000
v -54.313999 -0.001000 8.168000
v -54.455002 -0.001000 8.876000
v -53.000000 -0.001000 9.020000
v -53.000000 -0.001000 8.298000
v 13.869000 3.889000 10.957000
v 12.000000 3.889000 11.141000
v -49.257000 -0.001000 7.162000
v -48.855999 -0.001000 7.763000
v -50.422001 -0.001000 7.785000
v -50.146000 -0.001000 8.452000
v -51.685001 -0.001000 8.168000
v 13.951000 2.500000 11.370000
v 15.827000 2.500000 10.801000
v 15.809000 2.988000 10.756000
v -51.544998 -0.001000 8.876000
v 13.942000 2.988000 11.323000
v 20.157000 3.457000 -3.889000
v 15.754000 3.457000 10.625000
v 13.914000 3.457000 11.183000
v -59.606998 -0.001000 2.875000
v -60.314999 -0.001000 0.106000
v -60.314999 -0.001000 3.016000
v -59.223000 -0.001000 4.139000
v 19.965000 3.889000 -3.760000
v 15.666000 3.889000 10.412000
v -59.891998 -0.001000 4.417000
v -58.000000 -0.001000 9.045000
v 13.942000 2.012000 11.323000
v -51.543999 -0.001000 8.879000
v 15.809000 2.012000 10.756000
v 19.037001 2.988000 -5.476000
v 18.937000 3.457000 -5.375000
v 18.143000 -0.001000 -2.543000
v 4.754000 -0.001000 0.120000
v 17.224001 -0.001000 -3.663000
v 18.826000 -0.001000 -1.266000
v 19.246000 -0.001000 3.003000
v 19.388000 -0.001000 1.562000
v 19.246000 -0.001000 0.120000
v 18.143000 -0.001000 5.666000
v 5.857000 -0.001000 5.666000
v 18.826000 -0.001000 4.389000
v 19.070999 2.500000 -5.510000
v 16.105000 -0.001000 -4.581000
v 47.036999 0.506000 6.778000
v 13.441000 -0.001000 -5.684000
v 12.000000 -0.001000 -5.826000
v 10.559000 -0.001000 -5.684000
v 9.173000 -0.001000 -5.264000
v 7.895000 -0.001000 -4.581000
v 14.827000 -0.001000 -5.264000
v 20.157000 1.543000 -3.889000
v 47.307999 0.506000 7.406000
v 47.307999 -0.001000 7.406000
v 47.289410 0.506000 8.412438
v 6.776000 -0.001000 -3.663000
v 5.857000 -0.001000 -2.543000
v 5.174000 -0.001000 -1.266000
v 19.037001 2.012000 -5.476000
v 14.827000 -0.001000 8.387000
v 9.173000 -0.001000 8.387000
v 17.224001 -0.001000 6.786000
v 6.776000 -0.001000 6.786000
v 17.556000 2.500000 9.877000
v 13.441000 -0.001000 8.808000
v 7.895000 -0.001000 7.704000
v 14.827000 0.010303 8.387000
v 10.559000 -0.001000 8.808000
v 12.000000 -0.001000 8.950000
v 18.937000 1.543000 -5.375000
v 4.612000 -0.001000 1.562000
v 5.174000 -0.001000 4.389000
v 4.754000 -0.001000 3.003000
v 52.004959 0.506000 10.264822
v 14.524046 0.010286 8.479023
v 62.697361 -0.001000 6.680704
v 51.661999 0.506000 9.318000
v 51.661999 -0.001000 9.318000
v 45.934383 0.506000 2.970290
v 46.903000 0.506000 2.694000
v 46.903000 -0.001000 2.694000
v 64.507118 -0.001000 5.042196
v 64.491386 -0.001000 5.470549
v 63.800999 -0.001000 5.080000
v 64.244659 -0.001000 5.636980
v 45.892906 -0.001000 -2.505771
v 18.642000 0.048000 -2.876000
v 19.032000 0.190000 -3.137000
v 52.801014 -0.001000 -9.579598
v 52.312557 0.423055 -9.331877
v 16.438000 0.048000 8.203000
v 18.554001 0.732000 -4.992000
v 19.391001 0.421000 -3.377000
v 18.773001 1.111000 -5.212000
v 63.105000 -0.001000 4.977000
v 63.512756 -0.001000 6.130682
v 50.227009 -0.001000 -8.274192
v 49.698196 -0.001000 -8.006005
v 17.425470 0.010294 -3.417465
v 17.224451 0.010298 -3.662451
v 18.143000 0.010237 -2.543000
v 64.525482 -0.001000 4.542093
v 64.522888 -0.001000 4.612604
v 63.605000 -0.001000 3.364000
v 64.545547 -0.001000 3.995506
v 63.699970 -0.001000 6.004399
v 47.699814 -0.001000 -4.839031
v 64.558746 -0.001000 3.636049
v 63.702000 -0.001000 2.456000
v 64.590240 -0.001000 2.778341
v 16.438000 0.048000 -5.080000
v 15.547000 0.732000 10.124000
v 15.666000 1.111000 10.412000
v 13.808000 0.732000 10.652000
v 64.004997 -0.001000 2.008000
v 64.607903 -0.001000 2.297306
v 51.375999 -0.001000 -7.847000
v 64.618568 -0.001000 2.006814
v 64.577591 -0.001000 3.122926
v 64.002998 -0.001000 0.942000
v 64.631340 -0.001000 1.659019
v 18.291721 0.010236 -2.264936
v 18.143091 0.010241 -2.542831
v 64.653114 -0.001000 1.066097
v 60.556999 -0.001000 6.621000
v 17.322001 1.111000 9.526000
v 64.052002 -0.001000 0.053000
v 64.665825 -0.001000 0.719869
v 64.684174 -0.001000 0.220189
v 64.708824 -0.001000 -0.451205
v 64.696503 -0.001000 -0.115575
v 17.450001 1.543000 9.718000
v 17.528999 2.012000 9.837000
v 15.754000 1.543000 10.625000
v 13.441000 0.010254 8.808000
v 13.441174 0.010258 8.807947
v 57.819473 -0.001000 7.268760
v 64.217865 -0.001000 -1.179110
v 64.050957 -0.001000 -1.426567
v 13.463000 -0.001000 8.918000
v 13.126842 0.010259 8.838958
v 63.020000 -0.001000 -1.335000
v 63.508801 -0.001000 -2.230370
v 63.762951 -0.001000 -1.853566
v 18.825914 0.010225 -1.266162
v 18.929001 -0.001000 -1.309000
v 61.987999 -0.001000 -2.955000
v 47.627819 -0.001000 0.624264
v 61.492001 -0.001000 -3.720000
v 62.789860 -0.001000 -3.296277
v 63.047138 -0.001000 -2.914837
v 57.048302 0.506000 -7.986475
v 57.169636 0.287541 -8.196147
v 57.169670 0.506000 -8.196129
v 19.356001 -0.001000 0.098000
v 18.917316 0.010226 -0.964658
v 62.312405 -0.001000 -4.004157
v 62.062344 -0.001000 -4.374901
v 61.689285 -0.001000 -4.928000
v 58.465546 -0.001000 -4.928000
v 18.826000 0.010221 -1.266000
v 13.558000 0.048000 9.396000
v 15.057000 0.048000 8.942000
v 54.691097 0.506000 -9.284400
v 54.681835 0.343967 -9.463814
v 54.681892 0.506000 -9.463784
v 15.236000 0.190000 9.375000
v 53.869999 -0.001000 -8.547000
v 53.888584 0.506000 -9.553681
v 53.894333 0.225120 -9.865088
v 53.894432 0.506000 -9.865037
v 13.650000 0.190000 9.856000
v 15.402000 0.421000 9.774000
v 19.813000 0.190000 -1.675000
v 54.481258 0.506000 -9.566017
v 54.481258 -0.001000 -9.566017
v 19.379999 0.048000 -1.495000
v 56.024353 0.506000 -8.779729
v 55.806000 -0.001000 -8.016000
v 55.806000 0.506000 -8.016000
v 46.639000 -0.001000 7.358000
v 46.363125 -0.001000 8.010274
v 45.985260 -0.001000 7.808505
v 56.957970 0.506000 -8.304001
v 56.957970 -0.001000 -8.304001
v 45.464184 -0.001000 3.202573
v 45.572483 -0.001000 3.073519
v 18.236000 -0.001000 -2.605000
v 13.734000 0.421000 10.280000
v 45.465416 -0.001000 4.109320
v 46.439999 -0.001000 4.648000
v 46.756001 -0.001000 5.910000
v 45.611286 -0.001000 5.147337
v 45.543121 -0.001000 4.662272
v 46.362000 -0.001000 4.888000
v 13.869000 1.111000 10.957000
v 56.460293 -0.001000 -8.557594
v 56.460293 0.506000 -8.557594
v 13.914000 1.543000 11.183000
v 45.684132 -0.001000 5.665708
v 45.820820 -0.001000 6.638368
v 46.743160 -0.001000 8.213202
v 21.268000 4.268000 1.562000
v 20.889000 4.579000 1.562000
v 21.090000 4.268000 3.370000
v 45.738689 -0.001000 6.053928
v 46.065224 -0.001000 2.486341
v 46.804237 -0.001000 8.245815
v 20.719000 4.579000 3.296000
v 53.200001 -0.001000 -8.685000
v 47.603783 -0.001000 8.672750
v 47.287720 -0.001000 8.503982
v 48.266998 -0.001000 7.935000
v 50.835999 -0.001000 -7.895000
v 48.057701 -0.001000 8.915131
v 48.361156 -0.001000 9.077167
v 49.041000 -0.001000 8.419000
v 49.311001 -0.001000 8.889000
v 48.786037 -0.001000 9.304042
v 49.042831 -0.001000 9.441162
v 49.873474 -0.001000 9.884703
v 49.349819 -0.001000 9.605085
v 50.270000 -0.001000 9.355000
v 48.239113 -0.001000 -7.110467
v 49.136002 -0.001000 -6.216000
v 50.619331 -0.001000 10.282969
v 50.178989 -0.001000 10.047839
v 51.047001 -0.001000 9.788000
v 47.946476 0.302157 -6.536136
v 47.811066 -0.001000 -6.270379
v 51.443329 -0.001000 10.566275
v 50.915752 -0.001000 10.441251
v 51.211029 -0.001000 10.598919
v 47.936001 -0.001000 -4.719000
v 12.000000 4.988984 8.950000
v 10.873158 4.988971 8.838958
v 10.559000 5.000000 8.808000
v 52.747002 -0.001000 9.468000
v 52.377190 -0.001000 10.435046
v 52.081661 -0.001000 10.476575
v 52.887756 -0.001000 10.363300
v 12.000000 5.000000 9.062000
v 21.808001 2.500000 3.513000
v 22.000999 2.500000 1.562000
v 21.952000 2.988000 1.562000
v 54.611027 -0.001000 10.121141
v 55.065678 -0.001000 10.057253
v 10.537000 5.000000 8.918000
v 21.761000 2.988000 3.503000
v 61.198498 0.287600 7.691756
v 21.809999 3.457000 1.562000
v 45.432259 -0.001000 3.873374
v 10.559000 4.988975 8.808000
v 21.622000 3.457000 3.475000
v 10.558826 4.988972 8.807947
v 21.395000 3.889000 3.430000
v 56.024353 -0.001000 -8.779729
v 21.761000 2.012000 3.503000
v 59.674637 -0.001000 7.731345
v 59.493999 -0.001000 6.888000
v 12.000000 4.952000 9.550000
v 10.442000 4.952000 9.396000
v 10.350000 4.810000 9.856000
v 12.000000 4.810000 10.019000
v 53.623001 -0.001000 -9.207000
v 53.894333 -0.001000 -9.865088
v 53.629765 -0.001000 -9.999899
v 53.247612 -0.001000 -9.806090
v 61.395657 -0.001000 7.558764
v 61.858540 -0.001000 7.246529
v 61.452999 -0.001000 6.448000
v 21.952000 2.012000 1.562000
v 55.562000 -0.001000 9.140000
v 53.577000 -0.001000 9.443000
v 10.266000 4.579000 10.280000
v 53.337753 -0.001000 10.300065
v 12.000000 4.579000 10.451000
v 12.000000 4.268000 10.830000
v 57.700130 -0.001000 -7.784517
v 57.744022 -0.001000 -7.620712
v 56.543999 -0.001000 -7.115000
v 54.655998 -0.001000 9.250000
v 57.292999 -0.001000 -6.316000
v 57.621727 0.506000 -7.266933
v 57.169636 -0.001000 -8.196147
v 55.958000 -0.001000 -7.815000
v 31.997000 1.001000 -5.591000
v 31.998068 1.001000 -5.591000
v 32.264999 1.001000 -5.841000
v 31.997000 1.001000 -5.590000
v 31.997299 1.001000 -5.590281
v 29.000000 1.001000 -5.922000
v 30.556000 1.001000 -6.754000
v 32.998001 1.001000 -6.024000
v 32.243999 1.001000 -7.266000
v 30.782000 1.001000 -4.691000
v 34.000000 1.001000 -6.091000
v 34.000000 1.001000 -7.439000
v 20.457001 0.190000 1.562000
v 20.889000 0.421000 1.562000
v 54.743000 -0.001000 -8.279000
v 35.001999 1.001000 -6.024000
v 35.735001 1.001000 -5.841000
v 35.756001 1.001000 -7.266000
v 36.002998 1.001000 -5.591000
v 36.001934 1.001000 -5.591000
v 55.557766 -0.001000 -9.017481
v 55.208439 -0.001000 -9.195479
v 36.002701 1.001000 -5.590281
v 36.002998 1.001000 -5.590000
v 37.217999 1.001000 -4.691000
v 37.444000 1.001000 -6.754000
v 21.268000 0.732000 1.562000
v 54.681835 -0.001000 -9.463814
v 35.779217 1.001000 -5.053788
v 35.778999 1.001000 -5.054000
v 35.500000 1.001000 -4.994000
v 35.222000 1.001000 -4.691000
v 35.019001 1.001000 -4.227000
v 34.945000 1.001000 -3.726000
v 35.020000 1.001000 -3.323000
v 35.047226 1.001000 -3.296571
v 21.579000 1.111000 1.562000
v 33.435001 1.001000 -2.836000
v 33.501999 1.001000 -3.088000
v 33.250999 1.001000 -2.652000
v 33.224792 1.001000 -2.645032
v 33.435001 1.001000 -3.340000
v 33.250999 1.001000 -3.524000
v 32.999001 1.001000 -3.592000
v 32.847195 1.001000 -3.551037
v 21.809999 1.543000 1.562000
v 35.916412 1.001000 -1.530180
v 36.316029 1.001000 -2.500615
v 35.001999 1.001000 -3.188000
v 36.002583 1.001000 -5.590000
v 9.173000 5.000000 8.387000
v 9.173000 4.988928 8.387000
v 9.475954 4.988944 8.479023
v 41.153000 1.001000 -0.441000
v 41.153000 1.001000 -0.439928
v 41.402000 1.001000 -0.173000
v 7.895000 5.000000 7.704000
v 8.175454 4.988916 7.853882
v 9.172911 4.988926 8.386952
v 41.152000 1.001000 -0.441000
v 41.152279 1.001000 -0.440700
v 52.864143 -0.001000 -9.611614
v 9.130000 5.000000 8.491000
v 42.314999 1.001000 -1.883000
v 41.484001 1.001000 -3.439000
v 40.252998 1.001000 -1.657000
v 42.827999 1.001000 -0.194000
v 52.216999 -0.001000 -8.203000
v 38.305000 1.001000 -4.261000
v 39.000000 1.001000 -5.922000
v 37.611000 1.001000 -4.678000
v 39.115002 1.001000 -3.553000
v 40.363998 1.001000 -4.803000
v 52.312557 -0.001000 -9.331877
v 39.823002 1.001000 -2.743000
v 40.238998 1.001000 -2.049000
v 51.992710 -0.001000 -9.169665
v 40.252964 1.001000 -1.657037
v 40.252998 1.001000 -1.656000
v 51.227280 -0.001000 -8.781478
v 51.534019 -0.001000 -8.937043
v 40.252964 1.001000 -1.656986
v 8.453000 4.268000 10.124000
v 10.192000 4.268000 10.652000
v 50.797340 -0.001000 -8.563436
v 50.537571 -0.001000 -8.431694
v 37.790638 1.001000 -0.643030
v 39.676006 1.001000 -1.419402
v 37.790001 1.001000 -0.682000
v 38.039001 1.001000 -1.045000
v 38.474998 1.001000 -1.369000
v 39.675999 1.001000 -1.420000
v 39.419998 1.001000 -1.585000
v 8.598000 4.579000 9.774000
v 38.980000 1.001000 -1.566000
v 8.764000 4.810000 9.375000
v 49.904999 -0.001000 -7.377000
v 36.220001 1.001000 -1.516000
v 36.460999 1.001000 -1.655000
v 35.941002 1.001000 -1.516000
v 36.601002 1.001000 -1.897000
v 36.601002 1.001000 -2.175000
v 36.460999 1.001000 -2.417000
v 49.389328 -0.001000 -7.849363
v 49.104000 -0.001000 -6.989000
v 39.112774 1.001000 0.409306
v 40.252293 1.001000 -1.656708
v 8.943000 4.952000 8.942000
v 48.943798 -0.001000 -7.623412
v 41.150604 1.001000 -0.440002
v 37.674000 1.001000 -0.595000
v 38.207180 1.001000 0.786730
v 41.152000 1.001000 -0.440583
v 48.345997 -0.001000 -7.320237
v 48.644146 -0.001000 -7.471443
v 10.131000 3.889000 10.957000
v 34.000000 1.001000 -0.785000
v 20.719000 0.421000 3.296000
v 21.090000 0.732000 3.370000
v 31.795612 1.001000 -2.229506
v 33.999001 1.001000 -0.787396
v 31.997997 1.001000 -5.588604
v 31.019598 1.001000 -4.114010
v 21.395000 1.111000 3.430000
v 47.946476 -0.001000 -6.536136
v 48.390999 -0.001000 -5.413000
v 26.847000 1.001000 -0.441000
v 25.172001 1.001000 -0.194000
v 26.847000 1.001000 -0.439928
v 26.598000 1.001000 -0.173000
v 47.577026 -0.001000 -5.811046
v 47.371037 -0.001000 -5.406770
v 26.847721 1.001000 -0.440700
v 26.848000 1.001000 -0.441000
v 27.747000 1.001000 -1.656000
v 21.622000 1.543000 3.475000
v 25.684999 1.001000 -1.883000
v 27.385027 1.001000 -0.216878
v 46.787319 -0.001000 -4.261158
v 46.996185 -0.001000 -4.671081
v 47.474998 -0.001000 -3.725000
v 47.046001 -0.001000 -2.920000
v 20.457001 4.810000 1.562000
v 46.578743 -0.001000 -3.851802
v 27.761000 1.001000 -2.049000
v 26.516001 1.001000 -3.439000
v 27.747038 1.001000 -1.657037
v 46.399540 -0.001000 -3.500100
v 27.747036 1.001000 -1.656986
v 27.747000 1.001000 -1.657000
v 46.196350 -0.001000 -3.101317
v 28.177000 1.001000 -2.743000
v 28.885000 1.001000 -3.553000
v 27.636000 1.001000 -4.803000
v 29.695000 1.001000 -4.261000
v 30.389000 1.001000 -4.678000
v 12.000000 2.500000 11.562000
v 12.000000 2.988000 11.514000
v 62.263725 -0.001000 6.973211
v 12.000000 3.457000 11.372000
v 31.018999 1.001000 -4.114000
v 30.853001 1.001000 -3.858000
v 30.872000 1.001000 -3.418000
v 31.070000 1.001000 -2.913000
v 31.393999 1.001000 -2.478000
v 31.757000 1.001000 -2.229000
v 30.783001 1.001000 -0.900000
v 30.908710 1.001000 -0.355299
v 30.923000 1.001000 -0.658000
v 30.542000 1.001000 -1.039000
v 30.923000 1.001000 -0.380000
v 30.263000 1.001000 -1.039000
v 30.021999 1.001000 -0.900000
v 29.938068 1.001000 -0.754920
v 60.581688 -0.001000 7.957518
v 60.417980 -0.001000 7.916698
v 19.388000 5.000000 1.562000
v 19.388000 4.988961 1.562000
v 19.357037 4.988967 1.247573
v 31.997417 1.001000 -5.590000
v 19.277025 4.988948 2.688152
v 19.356001 5.000000 0.098000
v 61.198498 -0.001000 7.691756
v 27.747709 1.001000 -1.656708
v 27.749571 1.001000 -1.655941
v 26.848000 1.001000 -0.440583
v 19.500000 5.000000 1.562000
v 36.002998 1.001000 8.714000
v 36.001934 1.001000 8.714000
v 35.735001 1.001000 8.964000
v 36.002998 1.001000 8.713000
v 36.002701 1.001000 8.713281
v 37.611000 1.001000 7.801000
v 37.219036 1.001000 7.813966
v 39.000000 1.001000 9.045000
v 19.246000 4.988956 0.120000
v 35.001999 1.001000 9.147000
v 35.756001 1.001000 10.389000
v 37.444000 1.001000 9.877000
v 19.246010 4.988955 0.120090
v 34.000000 1.001000 9.215000
v 34.000000 1.001000 10.562000
v 32.998001 1.001000 9.147000
v 32.980000 1.001000 6.446000
v 32.952774 1.001000 6.419570
v 33.055000 1.001000 6.850000
v 32.980999 1.001000 7.351000
v 32.778000 1.001000 7.814000
v 8.246000 3.457000 10.625000
v 8.334000 3.889000 10.412000
v 10.086000 3.457000 11.183000
v 19.356001 5.000000 3.025000
v 34.774979 1.001000 5.768093
v 34.749001 1.001000 5.775000
v 34.564999 1.001000 5.960000
v 34.498001 1.001000 6.211000
v 34.564999 1.001000 6.463000
v 34.749001 1.001000 6.647000
v 35.000999 1.001000 6.715000
v 35.152645 1.001000 6.674080
v 10.049000 2.500000 11.370000
v 32.905998 1.001000 2.656000
v 32.904942 1.001000 2.658571
v 35.094002 1.001000 2.656000
v 19.988001 4.952000 1.562000
v 10.058000 2.988000 11.323000
v 34.000000 1.001000 3.909000
v 32.083714 1.001000 4.653255
v 32.998001 1.001000 6.311000
v 31.684164 1.001000 5.623725
v 36.204369 1.001000 5.352507
v 36.980492 1.001000 7.238007
v 36.002003 1.001000 8.711604
v 37.217999 1.001000 7.815000
v 53.614227 -0.001000 9.704936
v 41.653000 1.001000 1.562000
v 43.000000 1.001000 1.562000
v 41.585999 1.001000 0.560000
v 54.155617 -0.001000 10.185137
v 41.585999 1.001000 2.563000
v 41.402000 1.001000 3.296000
v 42.827999 1.001000 3.318000
v 41.153000 1.001000 3.563924
v 55.456982 -0.001000 10.002266
v 41.153000 1.001000 3.565000
v 56.562008 -0.001000 9.846984
v 55.900341 -0.001000 9.939963
v 10.058000 2.012000 11.323000
v 41.152279 1.001000 3.564699
v 41.152000 1.001000 3.565000
v 40.252998 1.001000 4.779000
v 42.314999 1.001000 5.006000
v 39.789001 1.001000 2.580000
v 40.250427 1.001000 4.778941
v 40.252998 1.001000 2.784000
v 39.287998 1.001000 2.507000
v 38.883999 1.001000 2.582000
v 12.000000 -0.001000 9.062000
v 38.214001 1.001000 0.812000
v 39.153000 1.001000 0.560000
v 39.085999 1.001000 0.812000
v 38.901001 1.001000 0.997000
v 38.650002 1.001000 1.064000
v 38.397999 1.001000 0.997000
v 38.858521 1.001000 2.608251
v 40.555000 1.001000 3.062000
v 40.614922 1.001000 3.340632
v 20.295000 4.810000 3.212000
v 40.238998 1.001000 5.172000
v 40.252964 1.001000 4.780037
v 40.252964 1.001000 4.779985
v 40.252998 1.001000 4.780000
v 39.823002 1.001000 5.867000
v 41.484001 1.001000 6.562000
v 39.115002 1.001000 6.676000
v 40.363998 1.001000 7.926000
v 38.305000 1.001000 7.384000
v 10.559000 0.010254 8.808000
v 11.686157 0.010241 8.919073
v -67.027000 -0.001000 -4.411000
v -75.000000 -0.001000 -8.439000
v -67.929001 -0.001000 -5.510000
v 10.256062 0.010274 8.715981
v 10.558826 0.010258 8.807947
v 19.246000 5.000000 3.003000
v -69.444000 -0.001000 -6.754000
v -71.172997 -0.001000 -7.678000
v -73.049004 -0.001000 -8.247000
v 18.917309 4.988997 4.087681
v 19.245960 4.988950 3.003130
v -65.761002 -0.001000 -2.265000
v -76.950996 -0.001000 -8.247000
v -66.684998 -0.001000 -3.994000
v 10.537000 -0.001000 8.918000
v -78.827003 -0.001000 -7.678000
v -80.556000 -0.001000 9.877000
v -80.973000 -0.001000 9.535000
v 36.605999 1.001000 5.601000
v 36.930000 1.001000 6.036000
v 36.243000 1.001000 5.352000
v -84.807999 -0.001000 -0.389000
v -84.238998 -0.001000 -2.265000
v -83.315002 -0.001000 -3.994000
v 37.127998 1.001000 6.541000
v 37.146999 1.001000 6.981000
v 19.246000 4.988953 3.003000
v 12.000000 0.010246 8.950000
v 37.458000 1.001000 4.162000
v 37.091290 1.001000 3.478299
v 37.216999 1.001000 4.023000
v 37.737000 1.001000 4.162000
v 37.978001 1.001000 4.023000
v 38.061932 1.001000 3.877920
v 37.077000 1.001000 3.781000
v 37.077000 1.001000 3.503000
v -82.070999 -0.001000 -5.510000
v -80.556000 -0.001000 -6.754000
v 36.980999 1.001000 7.238000
v -65.192001 -0.001000 3.513000
v -75.000000 -0.001000 11.562000
v -65.000000 -0.001000 1.562000
v -65.192001 -0.001000 -0.389000
v -65.761002 -0.001000 5.389000
v 34.000999 1.001000 3.911395
v 36.155998 1.001000 5.235000
v 36.002583 1.001000 8.713000
v 19.834999 4.952000 3.120000
v -66.684998 -0.001000 7.118000
v -67.929001 -0.001000 8.633000
v -69.444000 -0.001000 9.877000
v -71.172997 -0.001000 10.801000
v -73.049004 -0.001000 11.370000
v 19.277027 0.010282 0.435075
v 19.246010 0.010275 0.120090
v 38.750000 1.001000 2.563000
v 36.347000 1.001000 1.562000
v 35.096573 1.001000 2.657059
v 40.252293 1.001000 4.779708
v 41.152000 1.001000 3.564583
v -78.827003 -0.001000 10.801000
v -76.950996 -0.001000 11.370000
v 35.094002 1.001000 0.467000
v 36.349396 1.001000 1.561001
v -84.238998 -0.001000 5.389000
v -83.315002 -0.001000 7.118000
v 32.905998 1.001000 0.467000
v 19.246000 0.010273 0.120000
v -85.000999 -0.001000 1.562000
v -84.807999 -0.001000 3.513000
v 32.903427 1.001000 0.465941
v 31.653000 1.001000 1.562000
v -82.070999 -0.001000 8.633000
v -60.622002 1.009000 -1.596000
v -61.091999 1.009000 -0.048000
v -60.577999 1.009000 -1.577000
v 32.264999 1.001000 8.964000
v 32.243999 1.001000 10.389000
v -61.044998 1.009000 -0.039000
v -61.250000 1.009000 1.562000
v -61.202999 1.009000 1.562000
v 12.000000 0.048000 9.550000
v 12.000000 0.190000 10.019000
v 10.442000 0.048000 9.396000
v 31.997000 1.001000 8.714000
v 31.998068 1.001000 8.714000
v -61.044998 1.009000 3.162000
v -61.091999 1.009000 3.171000
v -60.622002 1.009000 4.719000
v 19.500000 -0.001000 1.562000
v 31.997299 1.001000 8.713281
v 31.997000 1.001000 8.713000
v 32.220783 1.001000 8.176788
v 30.782000 1.001000 7.815000
v 30.556000 1.001000 9.877000
v -60.577999 1.009000 4.701000
v 30.780966 1.001000 7.813966
v 10.350000 0.190000 9.856000
v 32.221001 1.001000 8.177000
v 32.500000 1.001000 8.117000
v -61.091999 1.000000 -0.048000
v -60.622002 1.000000 -1.596000
v 31.997417 1.001000 8.713000
v 30.783058 1.001000 7.812428
v 26.847000 1.001000 3.565000
v 26.847000 1.001000 3.563924
v 26.598000 1.001000 3.296000
v 26.848000 1.001000 3.565000
v 26.847721 1.001000 3.564699
v 25.684999 1.001000 5.006000
v 27.747000 1.001000 4.779000
v 26.414000 1.001000 2.563000
v 25.172001 1.001000 3.318000
v 26.347000 1.001000 1.562000
v 25.000000 1.001000 1.562000
v -60.622002 1.000000 4.719000
v -61.091999 1.000000 3.171000
v 26.414000 1.001000 0.560000
v -61.250000 1.000000 1.562000
v 28.211000 1.001000 0.543000
v 27.747000 1.001000 0.340000
v 28.712000 1.001000 0.617000
v 27.445000 1.001000 0.061000
v 29.141447 1.001000 0.514781
v 29.115999 1.001000 0.541000
v 29.350000 1.001000 2.059000
v 29.099001 1.001000 2.127000
v 29.601999 1.001000 2.127000
v 29.785999 1.001000 2.311000
v 28.914000 1.001000 2.311000
v 28.847000 1.001000 2.563000
v 12.000000 0.421000 10.451000
v 10.266000 0.421000 10.280000
v 29.250000 1.001000 0.560000
v 12.000000 0.732000 10.830000
v 29.793060 1.001000 2.337168
v 28.887321 1.001000 2.714654
v 19.834999 0.048000 0.003000
v 19.988001 0.048000 1.562000
v -59.860001 1.000000 -3.022000
v -61.314999 1.000000 -1.883000
v 30.389000 1.001000 7.801000
v -61.827000 1.000000 -0.194000
v -62.000000 1.000000 1.562000
v 29.000000 1.001000 9.045000
v 29.695000 1.001000 7.384000
v 26.516001 1.001000 6.562000
v 27.636000 1.001000 7.926000
v 28.177000 1.001000 5.867000
v 28.885000 1.001000 6.676000
v 27.761000 1.001000 5.172000
v 27.747000 1.001000 4.780000
v 27.747038 1.001000 4.780037
v 10.086000 1.543000 11.183000
v 12.000000 1.543000 11.372000
v 12.000000 2.012000 11.514000
v 27.747036 1.001000 4.779985
v 30.209362 1.001000 3.766030
v 30.326000 1.001000 3.718000
v 28.323992 1.001000 4.542402
v 28.323999 1.001000 4.543000
v 28.580000 1.001000 4.708000
v 29.020000 1.001000 4.690000
v 29.525000 1.001000 4.492000
v 29.961000 1.001000 4.168000
v 30.209999 1.001000 3.805000
v 19.154312 0.010269 3.305569
v 19.245960 0.010280 3.003130
v 31.399000 1.001000 5.299000
v 31.539000 1.001000 5.540000
v 31.399000 1.001000 5.020000
v 31.539000 1.001000 4.778000
v 31.780001 1.001000 4.639000
v 32.058998 1.001000 4.639000
v 19.246000 0.010278 3.003000
v 19.357010 0.010265 1.876487
v 19.356001 -0.001000 3.025000
v 31.650604 1.001000 1.562998
v 27.747709 1.001000 4.779708
v -61.314999 1.000000 5.006000
v -61.827000 1.000000 3.318000
v 12.000000 1.111000 11.141000
v 26.849396 1.001000 3.564001
v 26.848000 1.001000 3.564583
v -60.506001 0.900000 1.562000
v -60.362000 0.900000 0.097000
v -61.202999 0.900000 1.562000
v -60.577999 0.900000 -1.577000
v -59.820000 0.900000 -2.996000
v -61.044998 0.900000 -0.039000
v -60.483002 1.000000 6.562000
v 34.000000 0.000000 -7.439000
v 35.756001 0.000000 -7.266000
v 19.834999 0.048000 3.120000
v 20.295000 0.190000 3.212000
v 37.444000 0.000000 -6.754000
v 39.000000 0.000000 -5.922000
v 9.172911 0.010305 8.386952
v 8.893414 0.010299 8.237581
v -61.044998 0.900000 3.162000
v -60.362000 0.900000 3.026000
v -60.577999 0.900000 4.701000
v -59.935001 0.900000 4.434000
v 40.363998 0.000000 -4.803000
v 41.484001 0.000000 -3.439000
v 9.173000 0.010303 8.387000
v 42.314999 0.000000 -1.883000
v -20.500000 0.601000 11.062000
v -1.499000 0.601000 11.062000
v 9.130000 -0.001000 8.491000
v 19.388000 0.010269 1.562000
v 42.827999 0.000000 -0.194000
v 43.000000 0.000000 1.562000
v 25.172001 0.000000 -0.194000
v 25.684999 0.000000 -1.883000
v -16.010000 0.601000 9.665000
v -14.405000 0.601000 9.345000
v 26.516001 0.000000 -3.439000
v -17.615999 0.601000 9.345000
v -18.175547 0.601000 8.971284
v 27.636000 0.000000 -4.803000
v 29.000000 0.000000 -5.922000
v -16.010000 0.298000 9.665000
v 30.556000 0.000000 -6.754000
v 32.243999 0.000000 -7.266000
v 32.264999 0.000000 -5.841000
v 31.998068 0.000000 -5.591000
v 31.997299 1.000300 -5.590281
v 31.997299 1.000000 -5.590281
v 31.997299 0.999700 -5.590281
v 31.997000 0.000000 -5.590000
v 31.997299 0.000000 -5.590281
v 18.826000 0.010221 4.389000
v 18.929001 -0.001000 4.432000
v 31.997000 1.000000 -5.591000
v -14.405000 0.298000 9.345000
v 31.997000 0.000000 -5.591000
v -17.615999 0.298000 9.345000
v 32.998001 0.000000 -6.024000
v -12.135000 0.298000 7.075000
v -20.100246 0.298000 4.938579
v -13.044000 0.298000 8.436000
v 34.000000 0.000000 -6.091000
v 20.563000 4.268000 5.108000
v 20.850000 3.889000 5.227000
v -38.581001 1.001000 9.149000
v -38.581001 0.000000 9.149000
v -37.049999 0.000000 9.453000
v -37.049999 1.001000 9.453000
v 35.001999 0.000000 -6.024000
v -39.113937 1.000589 8.793025
v 8.943000 0.048000 8.942000
v 35.735001 0.000000 -5.841000
v -35.519001 1.001000 9.149000
v -35.519001 0.000000 9.149000
v 8.764000 0.190000 9.375000
v 36.001934 0.000000 -5.591000
v -54.599998 1.009000 9.607000
v -56.139000 1.009000 9.140000
v -56.157001 1.009000 9.184000
v -54.609001 1.009000 9.654000
v -53.000000 1.009000 9.765000
v 36.002998 0.000000 -5.590000
v 36.002701 0.000000 -5.590281
v 8.598000 0.421000 9.774000
v -51.398998 1.009000 9.607000
v -51.389999 1.009000 9.654000
v -49.841999 1.009000 9.184000
v 36.002998 0.000000 -5.591000
v -49.860001 1.009000 9.140000
v -53.000000 1.009000 9.812000
v 36.002583 0.000000 -5.590000
v -49.841999 1.000000 9.184000
v -51.389999 1.000000 9.654000
v 31.997417 0.999583 -5.590000
v 31.997417 1.000000 -5.590000
v -53.000000 1.000000 9.812000
v 31.997417 1.000417 -5.590000
v 31.997417 0.000000 -5.590000
v -54.609001 1.000000 9.654000
v 35.047226 0.000000 -3.296571
v 35.020000 0.000000 -3.323000
v -56.157001 1.000000 9.184000
v 34.945000 0.000000 -3.726000
v 35.019001 0.000000 -4.227000
v -56.139000 0.900000 9.140000
v 35.222000 0.000000 -4.691000
v -53.000000 0.900000 9.765000
v 35.500000 0.000000 -4.994000
v 21.239000 2.500000 5.389000
v 35.778999 0.000000 -5.054000
v 10.192000 0.732000 10.652000
v 8.453000 0.732000 10.124000
v 35.779217 0.000000 -5.053788
v 21.195000 2.988000 5.370000
v 21.063000 3.457000 5.316000
v -58.000000 1.000000 9.045000
v -56.444000 1.000000 9.877000
v -57.583000 1.000000 8.422000
v 33.435001 0.000000 -2.836000
v 33.501999 0.000000 -3.088000
v 10.131000 1.111000 10.957000
v 33.250999 0.000000 -2.652000
v 33.224792 1.000000 -2.645032
v 33.224445 0.223671 -2.644940
v 32.847198 1.000000 -3.551037
v 32.999001 0.000000 -3.592000
v 32.846817 0.148487 -3.550934
v 33.250999 0.000000 -3.524000
v -49.555000 1.000000 9.877000
v 8.334000 1.111000 10.412000
v 33.435001 0.000000 -3.340000
v -54.755001 1.000000 10.389000
v -53.000000 1.000000 10.562000
v -51.243999 1.000000 10.389000
v 8.246000 1.543000 10.625000
v 35.001999 0.000000 -3.188000
v -47.999001 1.000000 9.045000
v 8.191000 2.012000 10.756000
v 34.000000 1.000000 -0.785000
v 34.000000 0.000000 -0.785000
v -51.398998 0.900000 9.607000
v -51.535000 0.900000 8.924000
v -49.860001 0.900000 9.140000
v -50.126999 0.900000 8.497000
v -53.000000 0.900000 9.068000
v -54.464001 0.900000 8.924000
v 41.153000 0.000000 -0.439928
v 41.402000 0.000000 -0.173000
v 41.152279 1.000301 -0.440700
v 41.152279 1.000000 -0.440700
v -54.599998 0.900000 9.607000
v 41.152279 0.000000 -0.440700
v 41.152279 0.999699 -0.440700
v 41.152000 0.000000 -0.441000
v 19.965000 1.111000 6.883000
v 20.850000 1.111000 5.227000
v 21.063000 1.543000 5.316000
v 41.153000 1.000000 -0.441000
v 41.153000 0.000000 -0.441000
v -35.846001 1.000000 -3.878000
v 20.275000 2.012000 7.091000
v 21.195000 2.012000 5.370000
v -35.846001 1.000000 -0.816000
v 41.152000 0.999583 -0.440583
v 41.152000 1.000000 -0.440583
v 41.152000 1.000417 -0.440583
v 41.152000 0.000000 -0.440583
v 20.563000 0.732000 5.108000
v 39.112774 1.000000 0.409306
v -34.221001 0.000000 2.624000
v -33.354000 0.000000 3.922000
v -34.367687 0.000000 2.526021
v -33.354000 0.000000 6.984000
v -34.221001 0.000000 8.282000
v 39.112675 0.148378 0.408924
v 37.611000 0.000000 -4.678000
v 37.217999 0.000000 -4.691000
v -33.049999 0.000000 5.453000
v 38.305000 0.000000 -4.261000
v 39.115002 0.000000 -3.553000
v -37.135960 0.000000 1.469124
v -40.745998 0.000000 3.922000
v -39.879002 0.000000 2.624000
v -38.581001 0.000000 1.757000
v 39.823002 0.000000 -2.743000
v 40.238998 0.000000 -2.049000
v -40.950031 0.000000 4.946175
v 40.252964 1.000024 -1.657037
v 40.252964 1.000000 -1.657037
v -39.113937 0.000000 8.793025
v 40.252964 0.000000 -1.657037
v 40.252964 0.999976 -1.657037
v 40.252964 0.000000 -1.656986
v 40.252998 0.000000 -1.656000
v -30.618999 1.000000 -6.043000
v -32.064041 1.000000 -6.330875
v -32.150002 1.000000 1.653000
v -28.454000 1.000000 -3.878000
v -29.320999 1.000000 -5.176000
v -30.086063 1.000000 0.993025
v -30.618999 1.000000 1.349000
v 40.252998 1.000000 -1.657000
v 40.252998 0.000000 -1.657000
v -34.979000 1.000000 -5.176000
v -34.832314 1.000000 -5.273979
v 20.212999 4.579000 4.963000
v 19.705999 4.268000 6.711000
v 40.252293 0.000000 -1.656708
v -36.151001 1.000000 -2.347000
v -34.979000 1.000000 0.482000
v -33.681000 1.000000 1.349000
v 37.790638 0.000000 -0.643030
v 37.790001 0.000000 -0.682000
v 19.813000 4.810000 4.798000
v 38.039001 0.000000 -1.045000
v 38.474998 0.000000 -1.369000
v 19.379999 4.952000 4.619000
v 18.642000 4.952000 6.000000
v 19.032000 4.810000 6.260000
v 39.675999 0.000000 -1.420000
v 39.419998 0.000000 -1.585000
v 39.676006 0.000000 -1.419402
v 36.220001 0.000000 -1.516000
v 35.941002 0.000000 -1.516000
v 18.929001 5.000000 4.432000
v 38.980000 0.000000 -1.566000
v 5.174000 5.000000 -1.266000
v 5.082684 4.989003 -0.964658
v 4.754000 5.000000 0.120000
v -33.354000 1.001000 3.922000
v -34.221001 1.001000 2.624000
v -37.816002 1.001000 3.605000
v -34.367687 1.001000 2.526021
v -34.221001 1.001000 8.282000
v -33.354000 1.001000 6.984000
v -38.465000 1.001000 6.867000
v 36.460999 0.000000 -1.655000
v 4.754000 4.988956 0.120000
v 4.753991 4.988955 0.120090
v 4.722973 4.988948 0.435075
v 35.916412 0.000000 -1.530180
v 36.316029 0.000000 -2.500615
v 36.460999 0.000000 -2.417000
v 18.826000 5.000000 4.389000
v 18.826000 4.989007 4.389000
v 36.601002 0.000000 -2.175000
v -39.049999 1.001000 5.453000
v -33.049999 1.001000 5.453000
v -38.897999 1.001000 4.687000
v 4.644000 5.000000 0.098000
v 36.601002 0.000000 -1.897000
v -38.465000 1.001000 4.038000
v -38.897999 1.001000 6.218000
v -38.581001 1.001000 1.757000
v -37.135960 1.001000 1.469124
v 37.674000 0.000000 -0.595000
v 4.165000 4.952000 0.003000
v 4.012000 4.952000 1.562000
v 4.500000 5.000000 1.562000
v 18.143000 5.000000 5.666000
v 18.291904 4.988957 5.387596
v 18.825914 4.989004 4.389162
v 4.612000 5.000000 1.562000
v 4.612000 4.988961 1.562000
v 4.642991 4.988966 1.876487
v 35.094002 0.000000 0.467000
v -39.618973 1.000265 7.734910
v -39.526306 1.000249 7.929058
v -40.104332 1.000347 6.718027
v -40.208828 1.000317 6.499089
v -40.708126 1.000171 5.453000
v -40.745998 1.000000 3.922000
v -40.950031 1.000000 4.946175
v -40.757900 1.000136 5.348720
v -39.879002 1.000000 2.624000
v 33.224445 0.000000 -2.644940
v 18.236000 5.000000 5.729000
v 32.846817 0.000000 -3.550934
v 4.754000 4.988953 3.003000
v 4.754039 4.988950 3.003130
v 4.754000 5.000000 3.003000
v 18.143000 4.988942 5.666000
v 17.425629 4.988922 6.540272
v 18.142591 4.988929 5.666497
v 4.644000 5.000000 3.025000
v 5.071000 5.000000 4.432000
v 4.845687 4.988961 3.305569
v 18.773001 3.889000 8.335000
v 19.965000 3.889000 6.883000
v 26.847000 0.000000 -0.439928
v 26.598000 0.000000 -0.173000
v 26.848000 0.000000 -0.441000
v 26.847721 0.000000 -0.440700
v 26.847000 0.000000 -0.441000
v 18.554001 4.268000 8.115000
v 19.391001 4.579000 6.500000
v 26.848000 0.000000 -0.440583
v 27.385027 0.000000 -0.216878
v 27.445000 0.000000 0.061000
v 18.285999 4.579000 7.847000
v 17.980000 4.810000 7.542000
v 27.747038 1.000000 -1.657037
v 27.747038 0.999976 -1.657037
v 27.761000 0.000000 -2.049000
v 27.747038 1.000024 -1.657037
v 27.747038 0.000000 -1.657037
v 27.747036 1.000014 -1.656986
v 27.747036 1.000000 -1.656986
v 27.747036 0.999986 -1.656986
v 27.747000 0.000000 -1.656000
v 27.747036 0.000000 -1.656986
v 27.747000 1.000000 -1.657000
v -1.499000 0.601000 -7.939000
v 4.753991 0.010275 0.120090
v 4.644000 -0.001000 0.098000
v 4.754000 0.010273 0.120000
v -20.500000 0.601000 -7.939000
v 27.747000 0.000000 -1.657000
v 28.177000 0.000000 -2.743000
v 28.885000 0.000000 -3.553000
v 29.695000 0.000000 -4.261000
v 30.389000 0.000000 -4.678000
v 30.782000 0.000000 -4.691000
v -6.096000 0.601000 8.916000
v -9.062000 0.601000 7.687000
v -13.044000 0.601000 8.436000
v -7.701000 0.601000 8.597000
v 27.747709 0.999725 -1.656708
v -12.135000 0.601000 7.075000
v 27.747709 1.000000 -1.656708
v 27.747709 0.000000 -1.656708
v 27.747709 1.000275 -1.656708
v 31.795612 0.000000 -2.229506
v 31.757000 0.000000 -2.229000
v 31.393999 0.000000 -2.478000
v 16.438000 4.952000 8.203000
v 31.070000 0.000000 -2.913000
v 17.648001 4.952000 7.210000
v 30.872000 0.000000 -3.418000
v 30.853001 0.000000 -3.858000
v -6.096000 0.298000 8.916000
v -7.701000 0.298000 8.597000
v 4.642963 0.010262 1.247573
v 31.018999 0.000000 -4.114000
v 17.224451 4.988932 6.785451
v 31.019598 0.000000 -4.114010
v 30.783001 0.000000 -0.900000
v 30.923000 0.000000 -0.658000
v -18.175547 0.298000 8.971284
v 30.923000 0.000000 -0.380000
v 30.908710 1.000000 -0.355299
v 30.908636 0.223505 -0.355171
v 29.938070 1.000000 -0.754920
v 30.021999 0.000000 -0.900000
v 29.937988 0.147902 -0.754779
v 30.263000 0.000000 -1.039000
v 30.542000 0.000000 -1.039000
v -27.051001 0.000000 8.753000
v -28.580999 0.000000 8.449000
v -29.879000 0.000000 7.582000
v -30.747000 0.000000 6.284000
v -31.051001 0.000000 4.753000
v -30.747000 0.000000 3.222000
v -29.879000 0.000000 1.924000
v -28.580999 0.000000 1.057000
v -24.222000 0.000000 1.924000
v -23.355000 0.000000 3.222000
v -23.049999 0.000000 4.753000
v -23.355000 0.000000 6.284000
v -24.222000 0.000000 7.582000
v -25.520000 0.000000 8.449000
v -25.520000 0.000000 1.057000
v -27.051001 0.000000 0.752000
v 4.754000 0.010278 3.003000
v 4.754039 0.010280 3.003130
v 5.082691 0.010233 4.087681
v 30.908636 0.000000 -0.355171
v 29.937988 0.000000 -0.754779
v 4.644000 -0.001000 3.025000
v 20.157000 3.457000 7.012000
v 4.722974 0.010282 2.688152
v 20.315001 2.500000 7.118000
v 20.275000 2.988000 7.091000
v 42.827999 0.000000 3.318000
v -16.099998 0.601000 1.291876
v -13.196904 0.601000 2.400764
v -14.114000 0.601000 0.603000
v 42.314999 0.000000 5.006000
v 41.484001 0.000000 6.562000
v 40.363998 0.000000 7.926000
v -13.960949 0.601000 -5.432334
v -11.058676 0.601000 -6.541246
v -14.114000 0.601000 -5.330000
v 39.000000 0.000000 9.045000
v -7.272000 0.601000 -3.969000
v -8.182000 0.601000 -5.330000
v 4.612000 0.010269 1.562000
v 37.444000 0.000000 9.877000
v 35.756001 0.000000 10.389000
v 18.677116 0.010241 4.667367
v 18.825914 0.010225 4.389162
v 34.000000 0.000000 10.562000
v -9.062000 0.601000 1.754000
v -7.701000 0.601000 0.845000
v -8.983454 0.601000 1.138284
v -7.058520 0.601000 -2.894910
v 36.001934 0.000000 8.714000
v 35.735001 0.000000 8.964000
v -9.543000 0.601000 1.512000
v 4.500000 -0.001000 1.562000
v 36.002701 1.000300 8.713281
v 36.002701 1.000000 8.713281
v 36.002701 0.000000 8.713281
v 36.002701 0.999700 8.713281
v 36.002998 0.000000 8.713000
v -9.543000 0.601000 -6.240000
v -6.096000 0.601000 0.525000
v 36.002998 1.000000 8.714000
v 36.002998 0.000000 8.714000
v -2.220000 0.601000 3.115000
v -3.129000 0.601000 1.754000
v 18.642000 0.048000 6.000000
v 19.379999 0.048000 4.619000
v 19.813000 0.190000 4.798000
v -4.490000 0.601000 0.845000
v 4.012000 0.048000 1.562000
v 35.001999 0.000000 9.147000
v 4.165000 0.048000 3.120000
v 34.000000 0.000000 9.215000
v 32.998001 0.000000 9.147000
v 5.071000 -0.001000 -1.309000
v 4.845687 0.010269 -0.182569
v -12.135000 0.601000 3.864000
v -11.148000 0.601000 1.832000
v -13.044000 0.601000 2.503000
v -12.753000 0.601000 1.512000
v 36.002583 0.999583 8.713000
v 36.002583 1.000000 8.713000
v 4.165000 0.048000 0.003000
v 36.002583 1.000417 8.713000
v 36.002583 0.000000 8.713000
v -9.971000 0.601000 6.326000
v 32.952774 0.000000 6.419570
v 32.980000 0.000000 6.446000
v -10.291000 0.601000 4.721000
v -11.815000 0.601000 5.469000
v 33.055000 0.000000 6.850000
v 19.391001 0.421000 6.500000
v 20.212999 0.421000 4.963000
v -9.971000 0.601000 3.115000
v 32.980999 0.000000 7.351000
v -1.901000 0.601000 4.721000
v 32.778000 0.000000 7.814000
v 3.111000 4.579000 1.562000
v 3.281000 4.579000 3.296000
v -2.220000 0.601000 6.326000
v -3.129000 0.601000 7.687000
v 2.910000 4.268000 3.370000
v -4.490000 0.601000 8.597000
v 34.498001 0.000000 6.211000
v 34.564999 0.000000 5.960000
v 34.749001 0.000000 5.775000
v 3.543000 4.810000 1.562000
v 34.774979 1.000000 5.768094
v 34.775471 0.223756 5.767962
v 19.705999 0.732000 6.711000
v 35.152645 1.000000 6.674080
v 35.000999 0.000000 6.715000
v 35.153183 0.148487 6.673934
v 34.749001 0.000000 6.647000
v 34.564999 0.000000 6.463000
v -15.024000 0.601000 -0.758000
v -17.615999 0.601000 1.593000
v -15.343000 0.601000 -2.364000
v 32.998001 0.000000 6.311000
v 34.000000 0.000000 3.909000
v 34.000000 1.000000 3.909000
v -18.976999 0.601000 2.503000
v -19.886000 0.601000 3.864000
v -20.100246 0.601000 4.938579
v 32.905998 1.000000 2.656000
v -15.024000 0.601000 -3.969000
v -11.058676 0.298000 -6.541246
v -13.960949 0.298000 -5.432334
v -8.983454 0.298000 1.138284
v 32.083714 1.000000 4.653255
v 3.705000 4.810000 3.212000
v -7.058520 0.298000 -2.894910
v -11.148000 0.298000 1.832000
v -12.753000 0.298000 1.512000
v -14.114000 0.298000 0.603000
v -15.024000 0.298000 -0.758000
v -15.343000 0.298000 -2.364000
v -15.024000 0.298000 -3.969000
v 4.165000 4.952000 3.120000
v -14.114000 0.298000 -5.330000
v 34.775471 0.000000 5.767962
v -9.543000 0.298000 -6.240000
v 35.153183 0.000000 6.673934
v -8.182000 0.298000 -5.330000
v -7.272000 0.298000 -3.969000
v -9.543000 0.298000 1.512000
v -7.701000 0.298000 0.845000
v 17.941753 0.010291 5.911263
v 18.142591 0.010301 5.666497
v 18.236000 -0.001000 5.729000
v -9.062000 0.298000 1.754000
v -6.096000 0.298000 0.525000
v -4.490000 0.298000 0.845000
v -3.129000 0.298000 1.754000
v 1.999000 2.500000 1.562000
v 41.585999 0.000000 0.560000
v 41.653000 0.000000 1.562000
v 41.585999 0.000000 2.563000
v 41.402000 0.000000 3.296000
v 41.153000 0.000000 3.563924
v 2.239000 2.988000 3.503000
v 41.152279 0.000000 3.564699
v 41.152000 0.000000 3.565000
v 41.153000 0.000000 3.565000
v -1.901000 0.298000 4.721000
v -13.196904 0.298000 2.400764
v 41.152000 0.000000 3.564583
v -11.815000 0.298000 5.469000
v 19.032000 0.190000 6.260000
v -12.135000 0.298000 3.864000
v -13.044000 0.298000 2.503000
v 38.883999 0.000000 2.582000
v 39.287998 0.000000 2.507000
v 39.789001 0.000000 2.580000
v -9.062000 0.298000 7.687000
v 40.252998 0.000000 2.784000
v -9.971000 0.298000 6.326000
v -10.291000 0.298000 4.721000
v 40.555000 0.000000 3.062000
v -9.971000 0.298000 3.115000
v 2.605000 3.889000 3.430000
v 38.397999 0.000000 0.997000
v 38.650002 0.000000 1.064000
v 18.554001 0.732000 8.115000
v 18.285999 0.421000 7.847000
v -2.220000 0.298000 3.115000
v 38.214001 0.000000 0.812000
v 38.207088 0.223609 0.786383
v 38.207180 1.000000 0.786731
v -2.220000 0.298000 6.326000
v 39.153000 0.000000 0.560000
v -3.129000 0.298000 7.687000
v 39.085999 0.000000 0.812000
v -4.490000 0.298000 8.597000
v 38.901001 0.000000 0.997000
v 36.347000 1.000000 1.562000
v 2.192000 2.500000 3.513000
v 38.750000 0.000000 2.563000
v 36.347000 0.000000 1.562000
v -18.976999 0.298000 2.503000
v 2.378000 3.457000 3.475000
v 38.858521 0.000000 2.608251
v 40.614922 0.000000 3.340632
v 40.238998 0.000000 5.172000
v 40.252964 0.000000 4.780037
v -16.099998 0.298000 1.291876
v 40.252964 1.000014 4.779985
v 40.252964 1.000000 4.779985
v 40.252964 0.000000 4.779985
v 40.252964 0.999986 4.779985
v 40.252998 0.000000 4.779000
v 40.252998 1.000000 4.780000
v -17.615999 0.298000 1.593000
v 40.252998 0.000000 4.780000
v -19.886000 0.298000 3.864000
v 39.823002 0.000000 5.867000
v 39.115002 0.000000 6.676000
v 38.305000 0.000000 7.384000
v 37.611000 0.000000 7.801000
v 37.219036 0.000000 7.813966
v -28.250441 1.000000 -2.852835
v 37.217999 0.000000 7.815000
v 36.980492 0.000000 7.238007
v 40.252293 0.999725 4.779708
v 40.252293 1.000000 4.779708
v 40.252293 0.000000 4.779708
v 40.252293 1.000275 4.779708
v 2.937000 3.457000 5.316000
v 20.157000 1.543000 7.012000
v 36.605999 0.000000 5.601000
v 36.243000 0.000000 5.352000
v 36.930000 0.000000 6.036000
v -30.747000 1.001000 3.222000
v -31.051001 1.001000 4.753000
v -29.879000 1.001000 1.924000
v -28.580999 1.001000 1.057000
v -30.747000 1.001000 6.284000
v -29.879000 1.001000 7.582000
v -28.580999 1.001000 8.449000
v -27.051001 1.001000 8.753000
v -27.051001 1.001000 0.752000
v -25.520000 1.001000 8.449000
v -25.520000 1.001000 1.057000
v -24.222000 1.001000 7.582000
v -23.355000 1.001000 6.284000
v -23.049999 1.001000 4.753000
v -23.355000 1.001000 3.222000
v -24.222000 1.001000 1.924000
v 37.127998 0.000000 6.541000
v 37.146999 0.000000 6.981000
v 36.980999 0.000000 7.238000
v 3.437000 4.268000 5.108000
v 37.077000 0.000000 3.503000
v 37.077000 0.000000 3.781000
v 17.224001 0.010284 6.786000
v 17.224451 0.010298 6.785451
v 16.979780 0.010283 6.986352
v 37.737000 0.000000 4.162000
v 37.458000 0.000000 4.162000
v 37.216999 0.000000 4.023000
v 3.543000 0.190000 1.562000
v 3.705000 0.190000 -0.088000
v 37.091290 1.000000 3.478299
v 37.091366 0.223505 3.478171
v 38.061932 1.000000 3.877920
v 37.978001 0.000000 4.023000
v 38.062012 0.147902 3.877779
v 17.304001 -0.001000 6.865000
v 35.094002 1.000000 2.656000
v 36.155998 0.000000 5.235000
v 35.094002 0.000000 2.656000
v 17.648001 0.048000 7.210000
v 36.204369 0.000000 5.352507
v -45.421001 1.009000 -1.577000
v -44.953999 1.009000 -0.039000
v -44.908001 1.009000 -0.048000
v 2.421000 1.111000 1.562000
v -45.376999 1.009000 -1.596000
v -44.953999 1.009000 3.162000
v -45.421001 1.009000 4.701000
v -45.376999 1.009000 4.719000
v -44.908001 1.009000 3.171000
v -44.797001 1.009000 1.562000
v -44.749001 1.009000 1.562000
v -44.908001 1.000000 -0.048000
v -45.376999 1.000000 -1.596000
v -44.749001 1.000000 1.562000
v 3.705000 0.190000 3.212000
v -44.908001 1.000000 3.171000
v 17.980000 0.190000 7.542000
v 37.091366 0.000000 3.478171
v -45.376999 1.000000 4.719000
v 38.062012 0.000000 3.877779
v -44.797001 0.900000 1.562000
v 18.143000 0.010289 5.666000
v 2.910000 0.732000 3.370000
v 2.605000 1.111000 3.430000
v 2.378000 1.543000 3.475000
v -44.683998 1.000000 -1.883000
v -44.172001 1.000000 -0.194000
v 38.207088 0.000000 0.786383
v -43.999001 1.000000 1.562000
v 39.112675 0.000000 0.408924
v 3.281000 0.421000 3.296000
v -45.515999 1.000000 6.562000
v -44.683998 1.000000 5.006000
v -46.139999 1.000000 6.145000
v -44.172001 1.000000 3.318000
v 17.149000 4.268000 9.268000
v 17.322001 3.889000 9.526000
v -45.515999 1.000000 -3.439000
v 16.938999 4.579000 8.953000
v 32.905998 1.000000 0.467000
v -44.953999 0.900000 -0.039000
v -45.421001 0.900000 -1.577000
v -45.493000 0.900000 1.562000
v -45.637001 0.900000 3.026000
v -44.953999 0.900000 3.162000
v 32.243999 0.000000 10.389000
v -45.421001 0.900000 4.701000
v 2.239000 2.012000 3.503000
v 30.556000 0.000000 9.877000
v 2.805000 2.012000 5.370000
v 29.000000 0.000000 9.045000
v -54.599998 1.009000 -6.484000
v -53.000000 1.009000 -6.641000
v -54.609001 1.009000 -6.530000
v -56.157001 1.009000 -6.061000
v -56.139000 1.009000 -6.017000
v 27.636000 0.000000 7.926000
v 26.516001 0.000000 6.562000
v -49.860001 1.009000 -6.017000
v -49.841999 1.009000 -6.061000
v -51.398998 1.009000 -6.484000
v -51.389999 1.009000 -6.530000
v -53.000000 1.009000 -6.689000
v -51.389999 1.000000 -6.530000
v 25.684999 0.000000 5.006000
v -53.000000 1.000000 -6.689000
v 25.172001 0.000000 3.318000
v -49.841999 1.000000 -6.061000
v 25.000000 0.000000 1.562000
v 32.264999 0.000000 8.964000
v 31.998068 0.000000 8.714000
v 31.997299 0.000000 8.713281
v 31.997000 0.000000 8.713000
v 31.997000 0.000000 8.714000
v -56.157001 1.000000 -6.061000
v -54.609001 1.000000 -6.530000
v 31.997417 0.000000 8.713000
v 17.528999 2.988000 9.837000
v 32.500000 0.000000 8.117000
v 32.221001 0.000000 8.177000
v 2.937000 1.543000 5.316000
v 32.220783 0.000000 8.176788
v -53.000000 0.900000 -6.641000
v 26.598000 0.000000 3.296000
v 26.847000 0.000000 3.563924
v 17.450001 3.457000 9.718000
v 26.847721 1.000000 3.564700
v 26.847721 0.999699 3.564699
v 26.848000 0.000000 3.565000
v 26.847721 0.000000 3.564699
v 18.937000 3.457000 8.498000
v 26.847721 1.000301 3.564699
v 19.037001 2.988000 8.599000
v 26.847000 1.000000 3.565000
v 26.847000 0.000000 3.565000
v 2.761000 2.500000 5.389000
v 26.414000 0.000000 2.563000
v 26.347000 0.000000 1.562000
v 26.414000 0.000000 0.560000
v 4.620000 4.952000 4.619000
v -54.755001 1.000000 -7.266000
v 26.848000 1.000000 3.564583
v 26.848000 0.999583 3.564583
v 26.848000 0.000000 3.564583
v 4.187000 4.810000 4.798000
v 26.848000 1.000417 3.564583
v 28.211000 0.000000 0.543000
v 28.712000 0.000000 0.617000
v 27.747000 0.000000 0.340000
v 29.141447 0.000000 0.514781
v 29.115999 0.000000 0.541000
v 19.070999 2.500000 8.633000
v -48.416000 1.000000 -5.298000
v -47.999001 1.000000 -5.922000
v 29.350000 0.000000 2.059000
v 29.601999 0.000000 2.127000
v -51.243999 1.000000 -7.266000
v -53.000000 1.000000 -7.439000
v 29.785999 0.000000 2.311000
v -49.555000 1.000000 -6.754000
v 5.857000 5.000000 5.666000
v 5.857000 4.988942 5.666000
v 5.857408 4.988929 5.666497
v 6.058247 4.988940 5.911263
v 29.793060 1.000000 2.337168
v 29.792967 0.223632 2.336820
v 28.847000 0.000000 2.563000
v 28.887218 0.148423 2.714272
v 28.887218 0.000000 2.714272
v 5.174000 5.000000 4.389000
v 5.174000 4.989007 4.389000
v 5.174087 4.989004 4.389162
v 5.322884 4.988989 4.667367
v 28.914000 0.000000 2.311000
v -56.444000 1.000000 -6.754000
v 5.764000 5.000000 5.729000
v 29.099001 0.000000 2.127000
v 6.775549 4.988932 6.785451
v 6.776000 5.000000 6.786000
v 29.250000 0.000000 0.560000
v -53.000000 0.900000 -5.945000
v -51.535000 0.900000 -5.801000
v -54.599998 0.900000 -6.484000
v -54.464001 0.900000 -5.801000
v -56.139000 0.900000 -6.017000
v -55.872002 0.900000 -5.374000
v -51.398998 0.900000 -6.484000
v 5.358000 4.952000 6.000000
v -49.860001 0.900000 -6.017000
v 28.887321 1.000000 2.714654
v -57.583000 1.009000 -5.298000
v -57.556999 1.009000 -5.259000
v 31.653000 1.000000 1.562000
v 31.653000 0.000000 1.562000
v -58.799999 1.009000 -4.239000
v -58.834000 1.009000 -4.272000
v -59.820000 1.009000 -2.996000
v -59.860001 1.009000 -3.022000
v -46.179001 1.009000 -2.996000
v -46.139999 1.009000 -3.022000
v -47.166000 1.009000 -4.272000
v -47.199001 1.009000 -4.239000
v -48.442001 1.009000 -5.259000
v -48.416000 1.009000 -5.298000
v -48.416000 1.009000 8.422000
v -47.166000 1.009000 7.396000
v -48.442001 1.009000 8.382000
v -47.199001 1.009000 7.362000
v -46.139999 1.009000 6.145000
v 29.792967 0.000000 2.336820
v -46.179001 1.009000 6.119000
v -59.860001 1.009000 6.145000
v -59.820000 1.009000 6.119000
v -58.834000 1.009000 7.396000
v -58.799999 1.009000 7.362000
v -57.556999 1.009000 8.382000
v -57.583000 1.009000 8.422000
v 18.773001 1.111000 8.335000
v -47.166000 1.000000 -4.272000
v -46.139999 1.000000 -3.022000
v 18.937000 1.543000 8.498000
v 30.780966 0.000000 7.813966
v 30.389000 0.000000 7.801000
v -58.834000 1.000000 -4.272000
v 30.782000 1.000000 7.815000
v 30.782000 0.000000 7.815000
v -57.583000 1.000000 -5.298000
v 7.020220 4.988947 6.986352
v 29.695000 0.000000 7.384000
v 28.885000 0.000000 6.676000
v 28.177000 0.000000 5.867000
v 19.037001 2.012000 8.599000
v 27.761000 0.000000 5.172000
v -58.799999 0.900000 -4.239000
v 27.747038 0.000000 4.780037
v 27.747036 0.000000 4.779985
v 7.895000 4.988934 7.704000
v 7.895548 4.988921 7.704293
v 27.747000 0.000000 4.779000
v 7.833000 5.000000 7.798000
v 27.747000 0.000000 4.780000
v -48.442001 0.900000 -5.259000
v 27.747709 0.000000 4.779708
v 6.696000 5.000000 6.865000
v 16.698999 0.190000 8.593000
v 30.209362 0.000000 3.766030
v 30.209999 0.000000 3.805000
v -47.166000 1.000000 7.396000
v 29.961000 0.000000 4.168000
v -48.416000 1.000000 8.422000
v 29.525000 0.000000 4.492000
v 16.938999 0.421000 8.953000
v 6.776000 4.988946 6.786000
v 29.020000 0.000000 4.690000
v 28.580000 0.000000 4.708000
v 28.323999 0.000000 4.543000
v 28.323992 0.000000 4.542402
v 17.149000 0.732000 9.268000
v -46.179001 0.900000 6.119000
v 31.399000 0.000000 5.020000
v 31.399000 0.000000 5.299000
v 31.780001 0.000000 4.639000
v 31.539000 0.000000 4.778000
v 32.058998 0.000000 4.639000
v 32.083588 0.223276 4.653180
v 31.539000 0.000000 5.540000
v 31.684023 0.148089 5.623644
v 31.684023 0.000000 5.623644
v -58.834000 1.000000 7.396000
v -59.860001 1.000000 6.145000
v 30.326000 0.000000 3.718000
v -59.820000 0.900000 6.119000
v 6.352000 4.952000 7.210000
v -58.799999 0.900000 7.362000
v 32.905998 0.000000 2.656000
v -46.634998 1.000000 -4.803000
v 31.684164 1.000000 5.623725
v 3.787000 4.579000 4.963000
v 4.968000 4.810000 6.260000
v 4.609000 4.579000 6.500000
v 32.083588 0.000000 4.653180
v 5.714000 4.579000 7.847000
v 4.294000 4.268000 6.711000
v 5.446000 4.268000 8.115000
v 6.020000 4.810000 7.542000
v -60.483002 1.000000 -3.439000
v -59.363998 1.000000 -4.803000
v 32.905998 0.000000 0.467000
v -58.000000 1.000000 -5.922000
v 87.239998 2.498000 -2.266000
v 86.315002 2.498000 -3.995000
v 87.808998 2.498000 -0.390000
v 85.071999 2.498000 -5.510000
v 88.000999 2.498000 1.561000
v 83.556000 2.498000 -6.754000
v 76.049004 2.498000 -8.247000
v 78.000000 2.498000 -8.439000
v 79.950996 2.498000 -8.247000
v 81.827003 2.498000 -7.678000
v 74.172997 2.498000 -7.678000
v 72.444000 2.498000 -6.754000
v 70.929001 2.498000 -5.510000
v 69.684998 2.498000 -3.995000
v 68.761002 2.498000 -2.266000
v 68.192001 2.498000 -0.390000
v 87.808998 2.498000 3.512000
v 87.239998 2.498000 5.388000
v 86.315002 2.498000 7.117000
v 85.071999 2.498000 8.633000
v 83.556000 2.498000 9.876000
v 69.684998 2.498000 7.117000
v 70.929001 2.498000 8.633000
v -54.152000 1.000000 -4.233000
v -55.261002 1.000000 -3.897000
v -53.987000 1.000000 -3.403000
v 7.301000 4.810000 8.593000
v 81.827003 2.498000 10.801000
v 79.950996 2.498000 11.370000
v 78.000000 2.498000 11.562000
v 68.000000 2.498000 1.561000
v 68.192001 2.498000 3.512000
v 68.761002 2.498000 5.388000
v 72.444000 2.498000 9.876000
v 74.172997 2.498000 10.801000
v 76.049004 2.498000 11.370000
v 83.119446 0.000000 -6.310977
v 83.223015 0.000000 -6.255599
v 81.597694 0.000000 -7.124221
v 84.648155 0.000000 -5.086155
v 85.742165 0.000000 -3.752752
v 85.816719 0.000000 -3.662013
v 86.630844 0.000000 -2.140261
v 86.686218 0.000000 -2.036577
v 12.000000 2.988000 -8.391000
v 12.000000 2.500000 -8.439000
v 10.058000 2.988000 -8.200000
v 87.187019 0.000000 -0.385445
v 87.221062 0.000000 -0.273011
v -56.282001 1.000000 -3.351000
v -57.178001 1.000000 -2.616000
v -55.812000 1.000000 -2.647000
v -56.578999 1.000000 -2.017000
v 68.768311 0.000000 -0.156142
v 68.779823 0.000000 -0.273011
v 10.049000 2.500000 -8.247000
v 69.280617 0.000000 -1.924143
v 69.314781 0.000000 -2.036577
v -57.912998 1.000000 -1.721000
v -57.208000 1.000000 -1.250000
v 70.128021 0.000000 -3.558329
v 4.035000 3.889000 6.883000
v 70.183403 0.000000 -3.662013
v 71.278290 0.000000 -4.995417
v 71.352844 0.000000 -5.086155
v 72.686249 0.000000 -6.181042
v 72.776985 0.000000 -6.255599
v 74.402420 0.000000 -7.124221
v 74.298737 0.000000 -7.068843
v -57.675999 1.000000 -0.375000
v -58.459000 1.000000 -0.699000
v 76.053558 0.000000 -7.625017
v 5.857000 0.010289 5.666000
v 5.857408 0.010301 5.666497
v 76.165985 0.000000 -7.659179
v 10.058000 2.012000 -8.200000
v 12.000000 2.012000 -8.391000
v 12.000000 1.543000 -8.249000
v 77.883133 0.000000 -7.828165
v 78.000000 0.000000 -7.839672
v 79.717140 0.000000 -7.670686
v 79.834129 0.000000 -7.659179
v 81.485260 0.000000 -7.158382
v 87.390045 0.000000 1.444131
v 87.401672 0.000000 1.561000
v 5.708096 0.010273 5.387596
v 87.232689 0.000000 3.278142
v 87.221062 0.000000 3.395131
v 6.696000 -0.001000 6.865000
v 5.764000 -0.001000 5.729000
v 6.574371 0.010309 6.540272
v 86.720261 0.000000 5.046263
v -48.324001 1.000000 -0.375000
v -47.541000 1.000000 -0.699000
v -48.791000 1.000000 -1.250000
v 86.686218 0.000000 5.158697
v 85.872093 0.000000 6.680449
v 85.816719 0.000000 6.784013
v 84.722710 0.000000 8.118297
v 84.648155 0.000000 8.209155
v -48.087002 1.000000 -1.721000
v -48.820999 1.000000 -2.616000
v 83.313873 0.000000 9.303162
v 83.223015 0.000000 9.377719
v 5.174000 0.010221 4.389000
v 5.174087 0.010225 4.389162
v 76.282860 0.000000 10.793686
v 76.165985 0.000000 10.782179
v -49.421001 1.000000 -2.017000
v -49.716999 1.000000 -3.351000
v 78.000000 0.000000 10.962672
v 74.514854 0.000000 10.281383
v 74.402420 0.000000 10.247221
v -50.188000 1.000000 -2.647000
v -50.737999 1.000000 -3.897000
v 13.951000 2.500000 -8.247000
v 72.880669 0.000000 9.433097
v 72.776985 0.000000 9.377719
v 13.942000 2.012000 -8.200000
v 71.443581 0.000000 8.283711
v 71.352844 0.000000 8.209155
v -51.063000 1.000000 -3.114000
v -52.012001 1.000000 -3.403000
v 13.942000 2.988000 -8.200000
v 70.183403 0.000000 6.784013
v 12.000000 3.457000 -8.249000
v 13.914000 3.457000 -8.060000
v 69.370155 0.000000 5.262261
v 69.314781 0.000000 5.158697
v 68.813980 0.000000 3.507565
v 68.779823 0.000000 3.395131
v 68.610832 0.000000 1.677989
v 68.599327 0.000000 1.561000
v -54.937000 1.000000 -3.114000
v -51.847000 1.000000 -4.233000
v -53.000000 1.000000 -4.347000
v -53.000000 1.000000 -3.500000
v 13.914000 1.543000 -8.060000
v 81.597694 0.000000 10.247221
v 81.701263 0.000000 10.191843
v 5.071000 -0.001000 4.432000
v 79.946564 0.000000 10.748017
v 79.834129 0.000000 10.782179
v 78.116989 0.000000 10.951164
v -51.544998 1.000000 -5.754000
v -53.000000 1.000000 -5.897000
v -53.000000 1.000000 -5.175000
v -54.313999 1.000000 -5.046000
v -55.854000 1.000000 -5.329000
v -55.577000 1.000000 -4.662000
v 4.620000 0.048000 4.619000
v 4.187000 0.190000 4.798000
v 4.968000 0.190000 6.260000
v -56.742001 1.000000 -4.040000
v 13.808000 4.268000 -7.529000
v 13.734000 4.579000 -7.157000
v 15.547000 4.268000 -7.001000
v -57.763000 1.000000 -3.202000
v -57.144001 1.000000 -4.640000
v -58.273998 1.000000 -3.712000
v -58.601002 1.000000 -2.181000
v -59.201000 1.000000 -2.582000
v -59.223000 1.000000 -1.017000
v 15.402000 4.579000 -6.651000
v 13.650000 4.810000 -6.733000
v 5.358000 0.048000 6.000000
v 15.236000 4.810000 -6.252000
v 13.558000 4.952000 -6.273000
v -59.890999 1.000000 -1.293000
v -69.551003 1.248000 -6.594000
v 13.869000 3.889000 -7.833000
v 12.000000 4.268000 -7.707000
v -68.064003 1.248000 -5.374000
v 12.000000 4.579000 -7.328000
v -46.393002 1.000000 0.247000
v -45.685001 1.000000 0.106000
v -46.776001 1.000000 -1.017000
v -46.109001 1.000000 -1.293000
v -47.397999 1.000000 -2.181000
v -47.726002 1.000000 -3.712000
v -48.236000 1.000000 -3.202000
v -46.799000 1.000000 -2.582000
v 7.895000 0.010297 7.704000
v 7.895548 0.010309 7.704293
v 7.833000 -0.001000 7.798000
v -48.855999 1.000000 -4.640000
v -49.257000 1.000000 -4.040000
v 7.650383 0.010298 7.503322
v -50.146000 1.000000 -5.329000
v -67.318001 2.449000 -3.571000
v -68.467003 2.449000 -4.972000
v -69.120003 3.556000 -4.318000
v -50.422001 1.000000 -4.662000
v -51.685001 1.000000 -5.046000
v 14.827000 5.000000 -5.264000
v 14.827000 4.988928 -5.264000
v 14.523398 4.988924 -5.356000
v 14.827089 4.988926 -5.263952
v 15.824546 4.988916 -4.730883
v 16.105000 5.000000 -4.581000
v 6.775549 0.010298 6.785451
v -54.455002 1.000000 -5.754000
v 14.870000 5.000000 -5.368000
v 13.463000 5.000000 -5.795000
v -60.314999 1.000000 0.106000
v -59.606998 1.000000 0.247000
v 6.776000 0.010284 6.786000
v -53.000000 1.000000 -5.899000
v -53.000000 1.000000 -5.945000
v -54.455002 1.000000 -5.756000
v -71.818001 3.556000 -6.121000
v -72.293999 4.526000 -4.972000
v -70.379997 3.556000 -5.352000
v -54.464001 1.000000 -5.801000
v -55.872002 1.000000 -5.374000
v -55.855000 1.000000 -5.331000
v -71.070999 4.526000 -4.318000
v 16.104452 4.988921 -4.581293
v 16.105000 4.988934 -4.581000
v -57.169998 1.000000 -4.680000
v 16.167000 5.000000 -4.675000
v -57.145000 1.000000 -4.642000
v -58.275002 1.000000 -3.714000
v -58.307999 1.000000 -3.746000
v -59.202999 1.000000 -2.583000
v 15.057000 4.952000 -5.818000
v -59.241001 1.000000 -2.609000
v -59.935001 1.000000 -1.311000
v -59.891998 1.000000 -1.293000
v -60.317001 1.000000 0.106000
v -60.362000 1.000000 0.097000
v -45.637001 1.000000 0.097000
v -46.063999 1.000000 -1.311000
v -46.106998 1.000000 -1.293000
v -71.247002 1.248000 -7.500000
v -46.796001 1.000000 -2.583000
v -46.757999 1.000000 -2.609000
v -47.691002 1.000000 -3.746000
v 16.698999 4.810000 -5.470000
v -48.828999 1.000000 -4.680000
v -48.855000 1.000000 -4.642000
v -47.723999 1.000000 -3.714000
v 7.562000 0.048000 8.203000
v 7.301000 0.190000 8.593000
v 6.352000 0.048000 7.210000
v -50.126999 1.000000 -5.374000
v -50.144001 1.000000 -5.331000
v -51.543999 1.000000 -5.756000
v -51.535000 1.000000 -5.801000
v 4.609000 0.421000 6.500000
v -46.634998 1.000000 7.926000
v -73.377998 3.556000 -6.594000
v -73.620003 4.526000 -5.374000
v -71.463997 2.449000 -6.974000
v -73.197998 2.449000 -7.500000
v -73.085999 1.248000 -8.058000
v -48.820999 1.000000 5.740000
v -48.087002 1.000000 4.845000
v -48.791000 1.000000 4.374000
v -49.421001 1.000000 5.141000
v 6.020000 0.190000 7.542000
v 13.441000 4.988877 -5.684000
v 13.440986 4.988877 -5.684001
v 13.441000 5.000000 -5.684000
v 13.123845 4.988873 -5.715253
v 12.000000 5.000000 -5.826000
v -47.541000 1.000000 3.823000
v -48.324001 1.000000 3.498000
v 5.714000 0.421000 7.847000
v -69.866997 2.449000 -6.121000
v -47.203999 1.000000 2.715000
v -48.035999 1.000000 2.549000
v 5.446000 0.732000 8.115000
v -47.091000 1.000000 1.562000
v -47.938000 1.000000 1.562000
v 4.294000 0.732000 6.711000
v -47.203999 1.000000 0.409000
v -48.035999 1.000000 0.574000
v 15.827000 2.500000 -7.678000
v 15.809000 2.988000 -7.633000
v -48.855999 1.000000 7.763000
v -47.726002 1.000000 6.835000
v -48.236000 1.000000 6.325000
v -49.257000 1.000000 7.162000
v -46.799000 1.000000 5.705000
v -47.397999 1.000000 5.304000
v -46.109001 1.000000 4.416000
v -46.776001 1.000000 4.139000
v -45.685001 1.000000 3.016000
v -46.263000 1.000000 1.561000
v -45.542000 1.000000 1.561000
v -46.393002 1.000000 2.875000
v -66.845001 3.556000 -0.061000
v -67.318001 3.556000 -1.620000
v -68.467003 4.526000 -1.145000
v -48.855000 1.000000 7.765000
v -48.828999 1.000000 7.803000
v -47.723999 1.000000 6.837000
v 17.322001 3.889000 -6.403000
v 15.666000 3.889000 -7.288000
v -47.691002 1.000000 6.870000
v -46.757999 1.000000 5.732000
v -46.796001 1.000000 5.707000
v -46.106998 1.000000 4.417000
v -66.845001 1.248000 -3.888000
v -46.063999 1.000000 4.434000
v -45.681999 1.000000 3.017000
v -45.637001 1.000000 3.026000
v -45.493000 1.000000 1.562000
v -65.938004 1.248000 -2.192000
v -45.539001 1.000000 1.562000
v -45.681999 1.000000 0.106000
v -65.379997 1.248000 -0.352000
v -59.363998 1.000000 7.926000
v 15.754000 3.457000 -7.502000
v -70.000000 4.526000 -3.439000
v -69.120003 4.526000 -2.367000
v -68.085999 3.556000 -3.058000
v 15.809000 2.012000 -7.633000
v -57.964001 1.000000 0.574000
v -66.463997 2.449000 -1.974000
v -65.938004 2.449000 -0.241000
v -57.964001 1.000000 2.549000
v -58.794998 1.000000 2.715000
v -57.675999 1.000000 3.498000
v 15.236000 0.190000 -6.252000
v 13.734000 0.421000 -7.157000
v 15.402000 0.421000 -6.651000
v 13.650000 0.190000 -6.733000
v -58.459000 1.000000 3.823000
v -57.208000 1.000000 4.374000
v -56.578999 1.000000 5.141000
v -57.912998 1.000000 4.845000
v -57.178001 1.000000 5.740000
v -55.812000 1.000000 5.770000
v -56.282001 1.000000 6.475000
v -54.937000 1.000000 6.238000
v -65.761002 2.449000 1.562000
v -55.261002 1.000000 7.021000
v -53.987000 1.000000 6.526000
v -52.012001 1.000000 6.526000
v -51.847000 1.000000 7.357000
v -51.063000 1.000000 6.238000
v -49.716999 1.000000 6.475000
v -50.188000 1.000000 5.770000
v 2.805000 2.988000 5.370000
v -72.874001 5.322000 -3.571000
v -50.737999 1.000000 7.021000
v -54.152000 1.000000 7.357000
v -53.000000 1.000000 7.471000
v -53.000000 1.000000 6.623000
v 13.808000 0.732000 -7.529000
v 15.547000 0.732000 -7.001000
v -71.913002 5.322000 -3.058000
v -71.070999 5.322000 -2.367000
v 3.843000 3.457000 7.012000
v -58.061001 1.000000 1.562000
v -58.908001 1.000000 1.562000
v -58.794998 1.000000 0.409000
v 15.754000 1.543000 -7.502000
v 15.666000 1.111000 -7.288000
v 3.150000 3.889000 5.227000
v -60.314999 1.000000 3.016000
v -59.890999 1.000000 4.416000
v -59.606998 1.000000 2.875000
v -59.223000 1.000000 4.139000
v -58.601002 1.000000 5.304000
v -59.201000 1.000000 5.705000
v -58.273998 1.000000 6.835000
v -57.763000 1.000000 6.325000
v 3.685000 2.500000 7.118000
v 3.725000 2.988000 7.091000
v -73.535004 5.913000 -1.974000
v -72.874001 5.913000 -1.620000
v -57.144001 1.000000 7.763000
v -56.742001 1.000000 7.162000
v -55.854000 1.000000 8.452000
v -72.293999 5.913000 -1.145000
v -55.577000 1.000000 7.785000
v -54.455002 1.000000 8.876000
v -51.685001 1.000000 8.168000
v -50.146000 1.000000 8.452000
v -50.422001 1.000000 7.785000
v -70.379997 5.322000 -1.525000
v 13.869000 1.111000 -7.833000
v -71.818001 5.913000 -0.565000
v -53.000000 1.000000 8.298000
v -54.313999 1.000000 8.168000
v -53.000000 1.000000 9.020000
v -51.544998 1.000000 8.876000
v -60.458000 1.000000 1.561000
v -59.736000 1.000000 1.561000
v -69.866997 5.322000 -0.565000
v -60.459999 1.000000 1.562000
v -60.506001 1.000000 1.562000
v -60.317001 1.000000 3.017000
v -60.362000 1.000000 3.026000
v -59.935001 1.000000 4.434000
v -59.891998 1.000000 4.417000
v -59.241001 1.000000 5.732000
v -75.000000 1.248000 -8.247000
v -59.202999 1.000000 5.707000
v -58.307999 1.000000 6.870000
v -58.275002 1.000000 6.837000
v -57.169998 1.000000 7.803000
v -57.145000 1.000000 7.765000
v -55.872002 1.000000 8.497000
v -55.855000 1.000000 8.455000
v -54.464001 1.000000 8.924000
v -54.455002 1.000000 8.879000
v -75.000000 5.322000 -3.994000
v -75.000000 4.526000 -5.510000
v -53.000000 1.000000 9.068000
v 13.558000 0.048000 -6.273000
v 12.000000 0.190000 -6.896000
v -51.535000 1.000000 8.924000
v -51.543999 1.000000 8.879000
v -50.126999 1.000000 8.497000
v -53.000000 1.000000 9.023000
v -50.144001 1.000000 8.455000
v 3.787000 0.421000 4.963000
v -50.126999 0.900000 -5.374000
v 3.437000 0.732000 5.108000
v -48.828999 0.900000 -4.680000
v 3.150000 1.111000 5.227000
v -76.622002 3.556000 -6.594000
v -77.706001 4.526000 -4.972000
v -76.379997 4.526000 -5.374000
v 4.035000 1.111000 6.883000
v -76.084000 5.322000 -3.888000
v -47.691002 0.900000 -3.746000
v -47.199001 0.900000 -4.239000
v -46.179001 0.900000 -2.996000
v -76.914001 1.248000 -8.058000
v -78.752998 1.248000 -7.500000
v -46.757999 0.900000 -2.609000
v -46.063999 0.900000 -1.311000
v -75.000000 3.556000 -6.754000
v -45.637001 0.900000 0.097000
v 16.105000 0.010297 -4.581000
v 16.104452 0.010309 -4.581293
v 15.106586 0.010299 -5.114582
v -75.000000 2.449000 -7.678000
v 3.843000 1.543000 7.012000
v 16.167000 -0.001000 -4.675000
v 3.725000 2.012000 7.091000
v -59.935001 0.900000 -1.311000
v 14.827089 0.010305 -5.263952
v 14.870000 -0.001000 -5.368000
v -59.241001 0.900000 -2.609000
v -58.307999 0.900000 -3.746000
v 5.063000 1.543000 8.498000
v 4.963000 2.012000 8.599000
v -76.802002 2.449000 -7.500000
v -57.556999 0.900000 -5.259000
v 4.929000 2.500000 8.633000
v -57.169998 0.900000 -4.680000
v 6.851000 4.268000 9.268000
v 5.227000 3.889000 8.335000
v 7.061000 4.579000 8.953000
v -78.181999 3.556000 -6.121000
v -78.929001 4.526000 -4.318000
v 15.057000 0.048000 -5.818000
v 7.562000 4.952000 8.203000
v 13.441000 0.010354 -5.684000
v 13.440986 0.010355 -5.684001
v 14.827000 0.010303 -5.264000
v 13.745817 0.010350 -5.591631
v 12.316645 0.010342 -5.794797
v 13.463000 -0.001000 -5.795000
v 6.444000 2.500000 9.877000
v 8.173000 2.500000 10.801000
v 8.191000 2.988000 10.756000
v -79.620003 3.556000 -5.352000
v -80.133003 2.449000 -6.121000
v -80.879997 3.556000 -4.318000
v 6.471000 2.012000 9.837000
v -81.532997 2.449000 -4.972000
v 4.963000 2.988000 8.599000
v 6.471000 2.988000 9.837000
v 6.550000 3.457000 9.718000
v -80.448997 1.248000 -6.594000
v -81.935997 1.248000 -5.374000
v 5.063000 3.457000 8.498000
v 6.678000 3.889000 9.526000
v -78.536003 2.449000 -6.974000
v -74.252998 5.913000 -2.192000
v -75.000000 5.913000 -2.265000
v -74.619003 6.278000 -0.352000
v -73.916000 5.322000 -3.888000
v -75.747002 5.913000 -2.192000
v 10.266000 4.579000 -7.157000
v 10.350000 4.810000 -6.733000
v 12.000000 4.810000 -6.896000
v 10.442000 4.952000 -6.273000
v 12.000000 4.952000 -6.427000
v 8.943000 4.952000 -5.818000
v -77.125999 5.322000 -3.571000
v -75.000000 6.400000 1.562000
v -73.916000 6.278000 -0.061000
v 7.061000 0.421000 8.953000
v 10.192000 4.268000 -7.529000
v 12.000000 3.889000 -8.018000
v 10.131000 3.889000 -7.833000
v 8.453000 4.268000 -7.001000
v 8.598000 4.579000 -6.651000
v 8.764000 4.810000 -6.252000
v -77.125999 5.913000 -1.620000
v -78.086998 5.322000 -3.058000
v -77.706001 5.913000 -1.145000
v -78.929001 5.322000 -2.367000
v -76.084000 6.278000 -0.061000
v -76.464996 5.913000 -1.974000
v 6.851000 0.732000 9.268000
v -75.380997 6.278000 -0.352000
v 6.678000 1.111000 9.526000
v 10.537000 5.000000 -5.795000
v 12.000000 5.000000 -5.939000
v 12.000000 4.988885 -5.826000
v 9.173000 4.988928 -5.264000
v 9.173000 5.000000 -5.264000
v 10.254183 4.988882 -5.591631
v 10.559000 5.000000 -5.684000
v 11.683355 4.988890 -5.794797
v -79.620003 5.322000 -1.525000
v -80.879997 4.526000 -2.367000
v -80.133003 5.322000 -0.565000
v 6.550000 1.543000 9.718000
v 10.559000 4.988877 -5.684000
v 10.559014 4.988877 -5.684001
v -81.532997 4.526000 -1.145000
v -81.914001 3.556000 -3.058000
v 5.227000 1.111000 8.335000
v -78.181999 5.913000 -0.565000
v -80.000000 4.526000 -3.439000
v 9.130000 5.000000 -5.368000
v 9.172911 4.988926 -5.263952
v 8.893414 4.988932 -5.114582
v 7.562000 4.952000 -5.080000
v 7.301000 4.810000 -5.470000
v 51.443329 0.506000 10.566275
v 51.211029 0.506000 10.598919
v 7.833000 5.000000 -4.675000
v 50.915752 0.506000 10.441251
v 10.086000 3.457000 -8.060000
v -84.620003 1.248000 -0.352000
v -84.061996 1.248000 -2.192000
v -83.154999 1.248000 -3.888000
v 8.246000 3.457000 -7.502000
v 55.208439 0.506000 -9.195479
v 8.173000 2.500000 -7.678000
v 8.191000 2.988000 -7.633000
v 53.629765 0.506000 -9.999899
v -83.536003 2.449000 -1.974000
v -84.061996 2.449000 -0.241000
v -83.154999 3.556000 -0.061000
v 8.334000 3.889000 -7.288000
v -82.681999 3.556000 -1.620000
v -55.262001 0.000000 -3.899000
v -55.577000 0.000000 -4.659000
v -54.153000 0.000000 -4.236000
v 6.550000 3.457000 -6.595000
v 6.678000 3.889000 -6.403000
v -82.681999 2.449000 -3.571000
v 61.858540 0.506000 7.246529
v 62.263725 0.506000 6.973211
v -56.741001 0.000000 -4.037000
v -56.284000 0.000000 -3.353000
v -65.192001 1.248000 1.562000
v -65.379997 1.248000 3.475000
v 6.851000 4.268000 -6.145000
v -57.915001 0.000000 -1.722000
v -58.598999 0.000000 -2.179000
v -57.180000 0.000000 -2.618000
v 64.708824 0.506000 -0.451205
v 64.050957 0.506000 -1.426567
v 63.762951 0.506000 -1.853566
v -58.460999 0.000000 -0.700000
v -59.221001 0.000000 -1.015000
v -57.761002 0.000000 -3.199000
v 12.000000 1.111000 -8.018000
v 10.086000 1.543000 -8.060000
v 62.789860 0.506000 -3.296277
v -69.551003 5.322000 0.478000
v -68.064003 4.526000 0.182000
v 64.507118 0.506000 5.042196
v 64.522888 0.506000 4.612604
v 64.558746 0.506000 3.636049
v 64.577591 0.506000 3.122926
v 64.590240 0.506000 2.778341
v 64.607903 0.506000 2.297306
v 64.618568 0.506000 2.006814
v -67.929001 4.526000 1.562000
v -69.444000 5.322000 1.562000
v 64.631340 0.506000 1.659019
v 64.653114 0.506000 1.066097
v 64.665825 0.506000 0.719869
v 64.684174 0.506000 0.220189
v 64.696503 0.506000 -0.115575
v 12.000000 0.048000 -6.427000
v 10.350000 0.190000 -6.733000
v 63.020000 0.506000 -1.335000
v 10.442000 0.048000 -6.273000
v 64.002998 0.506000 0.942000
v 64.004997 0.506000 2.008000
v -69.551003 5.322000 2.646000
v -68.064003 4.526000 2.941000
v 63.702000 0.506000 2.456000
v -48.084999 0.000000 -1.722000
v -47.401001 0.000000 -2.179000
v -47.537998 0.000000 -0.700000
v 10.266000 0.421000 -7.157000
v 12.000000 0.421000 -7.328000
v 63.605000 0.506000 3.364000
v 63.800999 0.506000 5.080000
v 63.105000 0.506000 4.977000
v -66.845001 3.556000 3.184000
v -48.820000 0.000000 -2.618000
v -48.237999 0.000000 -3.199000
v -46.778000 0.000000 -1.015000
v -68.467003 4.526000 4.268000
v -69.866997 5.322000 3.688000
v 10.131000 1.111000 -7.833000
v 12.000000 0.732000 -7.707000
v -49.715000 0.000000 -3.353000
v -49.257999 0.000000 -4.037000
v 8.764000 0.190000 -6.252000
v -66.684998 3.556000 1.562000
v 8.598000 0.421000 -6.651000
v -50.737000 0.000000 -3.899000
v -51.846001 0.000000 -4.236000
v -50.423000 0.000000 -4.659000
v -53.000000 0.000000 -4.349000
v -53.000000 0.000000 -5.172000
v -65.938004 2.449000 3.364000
v -54.313000 0.000000 -5.042000
v -51.686001 0.000000 -5.042000
v 64.052002 0.506000 0.053000
v -73.377998 6.278000 0.478000
v -71.463997 5.913000 0.097000
v 8.246000 1.543000 -7.502000
v -71.247002 5.913000 0.815000
v 8.334000 1.111000 -7.288000
v 8.191000 2.012000 -7.633000
v -73.085999 6.278000 1.181000
v 62.062344 0.506000 -4.374901
v 61.689285 0.506000 -4.928000
v 61.492001 0.506000 -3.720000
v -71.172997 5.913000 1.562000
v -71.247002 5.913000 2.308000
v -73.085999 6.278000 1.942000
v 6.550000 1.543000 -6.595000
v 45.543121 0.506000 4.662272
v 10.192000 0.732000 -7.529000
v 45.611286 0.506000 5.147337
v -71.818001 5.913000 3.688000
v -71.463997 5.913000 3.026000
v -73.377998 6.278000 2.646000
v 8.943000 0.048000 -5.818000
v 7.301000 0.190000 -5.470000
v 7.061000 0.421000 -5.830000
v 8.453000 0.732000 -7.001000
v 46.065224 0.506000 2.486341
v -70.379997 5.322000 4.648000
v 46.363125 0.506000 8.010274
v 46.743160 0.506000 8.213202
v 46.804237 0.506000 8.245815
v -72.293999 5.913000 4.268000
v 48.361156 0.506000 9.077167
v 48.057701 0.506000 8.915131
v 6.851000 0.732000 -6.145000
v -74.252998 6.278000 3.364000
v -72.874001 5.913000 4.744000
v 6.678000 1.111000 -6.403000
v 48.786037 0.506000 9.304042
v 49.042831 0.506000 9.441162
v 49.873474 0.506000 9.884703
v 49.349819 0.506000 9.605085
v 50.178989 0.506000 10.047839
v 50.619331 0.506000 10.282969
v 10.559014 0.010355 -5.684001
v 10.876155 0.010359 -5.715253
v 12.000000 0.010346 -5.826000
v -69.120003 4.526000 5.490000
v 50.270000 0.506000 9.355000
v 49.311001 0.506000 8.889000
v 12.000000 -0.001000 -5.939000
v 48.266998 0.506000 7.935000
v 10.559000 0.010354 -5.684000
v 10.537000 -0.001000 -5.795000
v 46.639000 0.506000 7.358000
v 46.676998 0.506000 3.766000
v -67.318001 3.556000 4.744000
v 46.439999 0.506000 4.648000
v 46.362000 0.506000 4.888000
v -66.463997 2.449000 5.097000
v 46.756001 0.506000 5.910000
v -65.938004 1.248000 5.315000
v -68.085999 3.556000 6.181000
v -67.318001 2.449000 6.695000
v 9.476602 0.010307 -5.356000
v 7.833000 -0.001000 -4.675000
v 9.130000 -0.001000 -5.368000
v 8.175454 0.010315 -4.730883
v -66.845001 1.248000 7.011000
v -69.120003 3.556000 7.441000
v -68.467003 2.449000 8.095000
v 9.172911 0.010305 -5.263952
v 9.173000 0.010303 -5.264000
v -69.866997 2.449000 9.244000
v -71.070999 5.322000 5.490000
v -70.000000 4.526000 6.562000
v 49.041000 0.506000 8.419000
v -71.913002 5.322000 6.181000
v -54.313000 0.900000 -5.042000
v -54.153000 0.900000 -4.236000
v -53.000000 0.900000 -5.172000
v 51.047001 0.506000 9.788000
v -72.874001 5.322000 6.695000
v -53.000000 0.900000 -4.349000
v 7.061000 4.579000 -5.830000
v -71.070999 4.526000 7.441000
v 53.247612 0.506000 -9.806090
v -55.577000 0.900000 -4.659000
v -55.262001 0.900000 -3.899000
v -73.535004 5.913000 5.097000
v -72.293999 4.526000 8.095000
v -56.284000 0.900000 -3.353000
v -57.180000 0.900000 -2.618000
v -56.741001 0.900000 -4.037000
v -73.620003 4.526000 8.497000
v -57.761002 0.900000 -3.199000
v -70.379997 3.556000 8.475000
v -57.915001 0.900000 -1.722000
v -58.598999 0.900000 -2.179000
v 6.776000 5.000000 -3.663000
v 7.895000 5.000000 -4.581000
v 7.650383 4.988932 -4.380322
v -68.064003 1.248000 8.497000
v -69.551003 1.248000 9.717000
v 7.895000 4.988933 -4.581000
v 7.895548 4.988921 -4.581293
v -71.818001 3.556000 9.244000
v 5.446000 4.268000 -4.992000
v 5.714000 4.579000 -4.724000
v -59.221001 0.900000 -1.015000
v -58.460999 0.900000 -0.700000
v 6.020000 4.810000 -4.419000
v 6.352000 4.952000 -4.087000
v 6.696000 5.000000 -3.742000
v 4.609000 4.579000 -3.377000
v -71.463997 2.449000 10.098000
v -48.084999 0.900000 -1.722000
v -47.537998 0.900000 -0.700000
v -47.401001 0.900000 -2.179000
v -71.247002 1.248000 10.623000
v 4.968000 4.810000 -3.137000
v -73.377998 3.556000 9.717000
v -73.197998 2.449000 10.623000
v -48.820000 0.900000 -2.618000
v -48.237999 0.900000 -3.199000
v -73.085999 1.248000 11.181000
v 55.557766 0.506000 -9.017481
v 6.471000 2.988000 -6.714000
v 6.444000 2.500000 -6.754000
v -75.000000 1.248000 11.370000
v -49.257999 0.900000 -4.037000
v -50.737000 0.900000 -3.899000
v -49.715000 0.900000 -3.353000
v -75.000000 6.278000 3.513000
v -50.423000 0.900000 -4.659000
v -51.846001 0.900000 -4.236000
v -76.914001 6.278000 1.181000
v -76.914001 6.278000 1.942000
v 4.963000 2.988000 -5.476000
v -51.686001 0.900000 -5.042000
v -76.622002 6.278000 0.478000
v -46.778000 0.900000 -1.015000
v -47.202000 0.900000 0.409000
v -46.395000 0.900000 0.248000
v 5.227000 3.889000 -5.212000
v 4.929000 2.500000 -5.510000
v 5.063000 3.457000 -5.375000
v -75.000000 5.913000 5.389000
v -76.084000 6.278000 3.184000
v -76.622002 6.278000 2.646000
v -78.752998 5.913000 2.308000
v 4.294000 4.268000 -3.588000
v -78.752998 5.913000 0.815000
v -78.827003 5.913000 1.562000
v -80.448997 5.322000 0.478000
v -80.556000 5.322000 1.562000
v -78.536003 5.913000 0.097000
v -81.935997 4.526000 0.182000
v 5.063000 1.543000 -5.375000
v 6.471000 2.012000 -6.714000
v -78.181999 5.913000 3.688000
v -78.536003 5.913000 3.026000
v -80.133003 5.322000 3.688000
v -80.448997 5.322000 2.646000
v -81.935997 4.526000 2.941000
v 4.963000 2.012000 -5.476000
v 7.895548 0.010309 -4.581293
v -74.252998 5.913000 5.315000
v 7.562000 0.048000 -5.080000
v -75.000000 5.322000 7.118000
v -75.747002 5.913000 5.315000
v -76.464996 5.913000 5.097000
v -77.125999 5.913000 4.744000
v 5.714000 0.421000 -4.724000
v -78.086998 5.322000 6.181000
v -77.706001 5.913000 4.268000
v 5.446000 0.732000 -4.992000
v -73.916000 5.322000 7.011000
v 5.227000 1.111000 -5.212000
v 6.020000 0.190000 -4.419000
v -75.000000 4.526000 8.633000
v -76.084000 5.322000 7.011000
v -77.125999 5.322000 6.695000
v -77.706001 4.526000 8.095000
v -78.929001 4.526000 7.441000
v 4.294000 0.732000 -3.588000
v -78.929001 5.322000 5.490000
v -80.000000 4.526000 6.562000
v -80.879997 3.556000 7.441000
v -79.620003 5.322000 4.648000
v -80.879997 4.526000 5.490000
v 7.020220 0.010283 -3.863352
v 7.895000 0.010297 -4.581000
v -81.532997 4.526000 4.268000
v -81.914001 3.556000 6.181000
v -82.681999 2.449000 6.695000
v -81.532997 2.449000 8.095000
v 6.776000 4.988946 -3.663000
v 6.775549 4.988932 -3.662451
v 6.574530 4.988936 -3.417465
v -82.681999 3.556000 4.744000
v -76.914001 1.248000 11.181000
v 5.358000 4.952000 -2.876000
v -75.000000 3.556000 9.877000
v 5.764000 5.000000 -2.605000
v -75.000000 2.449000 10.801000
v -76.379997 4.526000 8.497000
v -76.622002 3.556000 9.717000
v -76.802002 2.449000 10.623000
v 4.620000 4.952000 -1.495000
v 5.857000 5.000000 -2.543000
v 5.857000 4.988992 -2.543000
v 5.856910 4.988988 -2.542831
v 5.708278 4.988993 -2.264936
v -78.536003 2.449000 10.098000
v -78.752998 1.248000 10.623000
v -47.202000 0.000000 0.409000
v 5.071000 5.000000 -1.309000
v -80.448997 1.248000 9.717000
v -78.181999 3.556000 9.244000
v 5.174000 4.989007 -1.266000
v -79.620003 3.556000 8.475000
v 5.174087 4.989004 -1.266162
v -80.133003 2.449000 9.244000
v -81.935997 1.248000 8.497000
v -83.154999 3.556000 3.184000
v -82.070999 4.526000 1.562000
v -83.315002 3.556000 1.562000
v 6.775549 0.010298 -3.662451
v 6.696000 -0.001000 -3.742000
v 6.776000 0.010284 -3.663000
v 6.352000 0.048000 -4.087000
v 5.764000 -0.001000 -2.605000
v 6.056961 0.010241 -2.786695
v -84.807999 1.248000 1.562000
v 5.856910 0.010241 -2.542831
v 5.857000 0.010237 -2.543000
v -84.620003 1.248000 3.475000
v -83.536003 2.449000 5.097000
v -84.061996 2.449000 3.364000
v 4.968000 0.190000 -3.137000
v 5.358000 0.048000 -2.876000
v -84.238998 2.449000 1.562000
v 4.187000 0.190000 -1.675000
v -83.154999 1.248000 7.011000
v -84.061996 1.248000 5.315000
v 5.174000 0.010221 -1.266000
v 5.322639 0.010230 -1.543909
v 5.174087 0.010225 -1.266162
v 4.620000 0.048000 -1.495000
v -46.063999 0.900000 4.434000
v -46.757999 0.900000 5.732000
v -47.691002 0.900000 6.870000
v -47.199001 0.900000 7.362000
v -48.442001 0.900000 8.382000
v -48.828999 0.900000 7.803000
v -48.084999 0.000000 4.846000
v -47.401001 0.000000 5.303000
v -48.820000 0.000000 5.742000
v -47.202000 0.000000 2.715000
v -46.395000 0.000000 2.876000
v -47.537998 0.000000 3.824000
v -48.237999 0.000000 6.324000
v -47.088001 0.000000 1.562000
v -46.395000 0.000000 0.248000
v -46.265999 0.000000 1.562000
v -46.778000 0.000000 4.139000
v -48.084999 0.900000 4.846000
v -48.820000 0.900000 5.742000
v -47.401001 0.900000 5.303000
v -48.237999 0.900000 6.324000
v -47.537998 0.900000 3.824000
v -47.202000 0.900000 2.715000
v -46.395000 0.900000 2.876000
v -46.778000 0.900000 4.139000
v -46.265999 0.900000 1.562000
v -47.088001 0.900000 1.562000
v -49.257999 0.000000 7.161000
v -49.715000 0.000000 6.477000
v -55.872002 0.900000 8.497000
v -57.169998 0.900000 7.803000
v -57.556999 0.900000 8.382000
v -58.307999 0.900000 6.870000
v -59.241001 0.900000 5.732000
v -58.910999 0.000000 1.562000
v -59.604000 0.000000 0.248000
v -58.797001 0.000000 0.409000
v -58.797001 0.000000 2.715000
v -59.604000 0.000000 2.876000
v -58.460999 0.000000 3.824000
v -57.180000 0.000000 5.742000
v -58.598999 0.000000 5.303000
v -57.915001 0.000000 4.846000
v -59.221001 0.000000 4.139000
v -56.284000 0.000000 6.477000
v -57.761002 0.000000 6.324000
v -55.262001 0.000000 7.024000
v -56.741001 0.000000 7.161000
v -54.153000 0.000000 7.360000
v -54.313000 0.000000 8.167000
v -53.000000 0.000000 8.296000
v -53.000000 0.000000 7.474000
v -55.577000 0.000000 7.784000
v -51.846001 0.000000 7.360000
v -50.737000 0.000000 7.024000
v -50.423000 0.000000 7.784000
v -51.686001 0.000000 8.167000
v -59.734001 0.000000 1.562000
v -59.604000 0.900000 0.248000
v -58.797001 0.900000 0.409000
v -58.797001 0.900000 2.715000
v -59.604000 0.900000 2.876000
v -58.460999 0.900000 3.824000
v -58.598999 0.900000 5.303000
v -57.915001 0.900000 4.846000
v -59.221001 0.900000 4.139000
v -57.180000 0.900000 5.742000
v -57.761002 0.900000 6.324000
v -56.284000 0.900000 6.477000
v -56.741001 0.900000 7.161000
v -55.262001 0.900000 7.024000
v -55.577000 0.900000 7.784000
v -54.313000 0.900000 8.167000
v -50.737000 0.900000 7.024000
v -51.846001 0.900000 7.360000
v -50.423000 0.900000 7.784000
v -49.257999 0.900000 7.161000
v -49.715000 0.900000 6.477000
v -53.000000 0.900000 7.474000
v -51.686001 0.900000 8.167000
v -53.000000 0.900000 8.296000
v -54.153000 0.900000 7.360000
v -58.910999 0.900000 1.562000
v -59.734001 0.900000 1.562000
v 18.554001 4.268000 -4.992000
v 16.938999 4.579000 -5.830000
v 17.149000 4.268000 -6.145000
v 16.438000 4.952000 -5.080000
v 17.528999 2.988000 -6.714000
v 18.773001 3.889000 -5.212000
v 17.556000 2.500000 -6.754000
v 17.450001 3.457000 -6.595000
v 17.528999 2.012000 -6.714000
v 17.322001 1.111000 -6.403000
v 17.450001 1.543000 -6.595000
vn -0.6089 0.7714 -0.1848
vn -0.6094 0.7710 -0.1848
vn -0.4523 0.8812 -0.1374
vn -0.4525 0.8811 -0.1374
vn 0.0000 -1.0000 0.0000
vn 0.0000 1.0000 0.0000
vn -0.7784 0.4702 -0.4160
vn -0.7787 0.4696 -0.4160
vn -0.8777 0.0969 -0.4692
vn -0.8778 0.0965 -0.4691
vn -0.8441 0.2895 -0.4512
vn -0.8445 0.2885 -0.4512
vn 0.1844 -0.9568 -0.2248
vn 0.3004 -0.8809 -0.3658
vn 0.2999 -0.8812 -0.3655
vn 0.4040 -0.7712 -0.4920
vn -0.9524 0.0971 -0.2889
vn -0.9525 0.0965 -0.2888
vn -0.8450 0.4694 -0.2563
vn -0.9158 0.2898 -0.2781
vn -0.9164 0.2882 -0.2778
vn -0.8444 0.4704 -0.2564
vn -0.7414 0.6323 -0.2249
vn -0.0637 -0.9949 0.0776
vn -0.7415 0.6321 -0.2248
vn -0.9905 0.0972 -0.0974
vn 0.7414 0.6323 -0.2248
vn -0.9529 0.2885 -0.0937
vn -0.9530 0.2880 -0.0936
vn 0.7415 0.6321 -0.2249
vn 0.6090 0.7714 -0.1847
vn -0.8782 0.4705 -0.0865
vn -0.8786 0.4698 -0.0863
vn -0.7709 0.6324 -0.0759
vn 0.6094 0.7710 -0.1850
vn 0.4525 0.8811 -0.1374
vn 0.7709 0.6324 -0.0759
vn -0.7786 -0.4696 -0.4161
vn 0.9525 0.0971 -0.2888
vn -0.7785 -0.4702 -0.4159
vn 0.9525 0.0965 -0.2889
vn -0.8444 -0.2885 -0.4514
vn 0.9159 0.2898 -0.2777
vn -0.8443 -0.2895 -0.4510
vn -0.8778 -0.0965 -0.4692
vn 0.5592 0.0000 0.8290
vn 0.9163 0.2882 -0.2782
vn 0.8445 0.4704 -0.2561
vn 0.8449 0.4694 -0.2565
vn -0.8778 -0.0969 -0.4691
vn 0.5592 -0.0001 0.8290
vn 0.9524 -0.0971 -0.2889
vn -0.9163 -0.2882 -0.2782
vn 0.8778 0.0969 -0.4691
vn -0.9159 -0.2898 -0.2777
vn -0.9525 -0.0965 -0.2889
vn 0.8778 0.0964 -0.4692
vn -0.9525 -0.0971 -0.2888
vn -0.8449 -0.4694 -0.2565
vn -0.8445 -0.4704 -0.2561
vn -0.8782 -0.4704 -0.0863
vn -0.9530 -0.2880 -0.0937
vn -0.9529 -0.2885 -0.0936
vn 0.6089 -0.7714 -0.1848
vn -0.5611 -0.7714 -0.3001
vn -0.6094 -0.7710 -0.1850
vn -0.6090 -0.7714 -0.1846
vn -0.6338 -0.7710 -0.0624
vn -0.7415 -0.6321 -0.2249
vn -0.7414 -0.6323 -0.2248
vn 0.4525 -0.8811 -0.1374
vn 0.6094 -0.7710 -0.1848
vn -0.6331 -0.7716 -0.0620
vn 0.7415 -0.6321 -0.2248
vn -0.5603 0.0000 -0.8283
vn -0.0185 0.0000 -0.9998
vn 0.7414 -0.6322 -0.2249
vn -0.2764 0.0000 -0.9610
vn 0.8450 -0.4694 -0.2563
vn 0.6342 -0.0001 0.7731
vn 0.6343 0.0000 0.7731
vn 0.4714 -0.0001 0.8819
vn -0.0624 0.9951 -0.0761
vn 0.8444 -0.4704 -0.2564
vn 0.4715 0.0000 0.8819
vn 0.9164 -0.2882 -0.2778
vn -0.0624 0.9952 -0.0760
vn -0.0624 0.9952 -0.0750
vn 0.0859 0.0000 -0.9963
vn -0.0463 0.9952 -0.0867
vn 0.9158 -0.2898 -0.2781
vn 0.9525 -0.0965 -0.2888
vn 0.5612 -0.7714 -0.3000
vn -0.2597 0.0000 0.9657
vn -0.2600 -0.0003 0.9656
vn 0.6834 -0.6322 -0.3652
vn 0.6831 -0.6325 -0.3652
vn -0.4396 -0.0003 0.8982
vn -0.5010 0.0002 0.8654
vn 0.8441 -0.2895 -0.4512
vn 0.8283 0.0000 -0.5603
vn 0.5610 0.7716 -0.2999
vn -0.0473 -0.9949 -0.0886
vn -0.4393 0.0000 0.8983
vn 0.4713 0.0001 0.8820
vn 0.4717 0.0000 0.8818
vn 0.4213 0.0000 0.9069
vn -0.0637 -0.9950 -0.0775
vn -0.0473 -0.9950 -0.0885
vn 0.2248 0.9568 -0.1845
vn 0.2248 0.9568 -0.1846
vn 0.7185 0.0000 0.6955
vn 0.4917 0.7717 -0.4034
vn 0.7185 -0.0000 0.6956
vn 0.8983 0.0000 0.4393
vn 0.3660 0.8808 -0.3003
vn 0.8290 0.0000 -0.5592
vn 0.0762 0.9951 -0.0625
vn 0.7978 0.0000 0.6030
vn 0.0463 0.9952 0.0867
vn 0.9659 0.0000 -0.2588
vn 0.4659 0.0000 0.8849
vn 0.4713 -0.0001 0.8820
vn 0.4713 0.0000 0.8820
vn -0.0464 0.9951 -0.0868
vn -0.0279 0.9952 -0.0939
vn 0.7731 -0.0002 -0.6343
vn -0.9903 0.0000 0.1392
vn 0.6343 0.0000 -0.7731
vn 0.7735 0.0000 -0.6338
vn 0.2230 0.8810 0.4173
vn -0.0624 0.9951 0.0761
vn -0.0625 0.9951 0.0769
vn 0.1392 0.0000 0.9903
vn -0.7660 0.0000 -0.6428
vn 0.1846 0.7718 0.6085
vn -0.4710 0.0000 0.8821
vn 0.7731 0.0000 -0.6343
vn 0.8818 -0.0002 -0.4716
vn 0.8799 0.0000 -0.4752
vn -0.0761 0.9951 0.0625
vn -0.0753 0.9951 0.0636
vn -0.0761 0.9951 0.0624
vn -0.0869 0.9951 0.0465
vn 0.0760 0.9952 -0.0623
vn 0.2907 0.0000 0.9568
vn 0.2906 0.0000 0.9568
vn 0.0981 0.0000 0.9952
vn -0.0286 0.9951 -0.0941
vn -0.0286 0.9952 -0.0941
vn 0.0286 0.9951 0.0942
vn 0.2906 0.0001 0.9568
vn -0.0285 0.9952 -0.0941
vn 0.4523 0.8812 -0.1373
vn -0.0096 0.9952 -0.0978
vn -0.0102 0.9951 -0.0980
vn 0.0707 0.0000 0.9975
vn 0.2786 0.9567 -0.0846
vn 0.1849 0.7714 0.6089
vn 0.1373 0.8810 0.4528
vn 0.1374 0.8809 0.4529
vn 0.0843 0.9567 0.2785
vn 0.0845 0.9566 0.2788
vn 0.0285 0.9952 0.0941
vn 0.0941 0.9951 -0.0286
vn -0.0859 0.0000 -0.9963
vn 0.8831 0.0000 -0.4692
vn 0.8818 0.0000 -0.4716
vn 0.9570 0.0002 -0.2900
vn 0.9570 0.0000 -0.2900
vn -0.7536 -0.0002 -0.6573
vn -0.0869 0.9951 0.0464
vn -0.6147 0.0003 -0.7888
vn -0.0937 0.9954 0.0223
vn -0.0943 0.9951 0.0286
vn 0.0868 0.9951 -0.0464
vn 0.5611 0.7714 -0.3001
vn 0.0759 0.6325 0.7708
vn 0.4170 0.8812 -0.2228
vn 0.4175 0.8808 -0.2233
vn 0.2566 0.9567 -0.1371
vn 0.2250 0.6326 0.7411
vn 0.2567 0.9567 -0.1372
vn 0.0867 0.9952 -0.0463
vn 0.8778 -0.0965 -0.4691
vn 0.2888 0.0985 0.9523
vn 0.2892 0.0971 0.9523
vn 0.8443 0.2895 -0.4510
vn 0.2777 0.2900 0.9158
vn 0.8444 0.2885 -0.4514
vn 0.7785 0.4702 -0.4159
vn 0.2782 0.2885 0.9162
vn 0.2563 0.4690 0.8452
vn 0.7786 0.4696 -0.4161
vn 0.6831 0.6325 -0.3651
vn 0.2563 0.4689 0.8452
vn 0.2246 0.6333 0.7406
vn 0.6833 0.6322 -0.3653
vn 0.8777 -0.0969 -0.4692
vn 0.2889 -0.0971 0.9524
vn 0.2892 -0.0985 0.9522
vn 0.7400 0.2886 -0.6075
vn 0.7400 0.2885 -0.6076
vn 0.7694 -0.0967 -0.6314
vn -0.5584 0.0000 -0.8296
vn 0.7787 -0.4697 -0.4160
vn -0.9998 0.0000 -0.0185
vn 0.7784 -0.4702 -0.4160
vn -0.9998 -0.0004 -0.0188
vn 0.8445 -0.2885 -0.4512
vn 0.7400 -0.2885 -0.6075
vn 0.4690 -0.0982 0.8777
vn 0.4679 0.0000 0.8838
vn 0.6821 -0.4704 -0.5600
vn 0.7400 -0.2886 -0.6075
vn -0.0279 -0.9952 -0.0936
vn -0.9401 0.0003 0.3409
vn -0.0291 -0.9949 -0.0961
vn -0.9402 0.0000 0.3406
vn -0.2746 0.0003 -0.9616
vn -0.2743 0.0000 -0.9616
vn -0.0862 0.0003 -0.9963
vn -0.8746 0.0000 0.4848
vn 0.2249 -0.9568 -0.1845
vn 0.2248 -0.9568 -0.1845
vn -0.4523 0.0000 -0.8919
vn 0.0474 -0.9949 0.0887
vn 0.4917 -0.7717 -0.4034
vn 0.5993 -0.6317 -0.4917
vn 0.5988 -0.6323 -0.4916
vn 0.7731 -0.0001 -0.6343
vn -0.4531 0.0000 0.8915
vn 0.3658 -0.8809 -0.3002
vn 0.0638 -0.9949 -0.0777
vn 0.2248 -0.6333 0.7405
vn 0.1845 -0.9568 -0.2249
vn -0.9500 0.0000 0.3123
vn -0.9876 0.0000 0.1572
vn 0.8818 0.0001 -0.4716
vn 0.3651 -0.6332 0.6824
vn 0.4513 -0.2901 0.8439
vn 0.2852 0.0000 0.9585
vn -0.0291 -0.9950 -0.0960
vn -0.0095 -0.9950 -0.0998
vn -0.0099 -0.9950 -0.0998
vn -0.0886 -0.9949 0.0474
vn 0.8654 -0.0002 0.5010
vn -0.0961 -0.9949 0.0292
vn -0.0963 -0.9949 0.0288
vn -0.0962 -0.9949 0.0292
vn 0.0291 -0.9949 0.0962
vn 0.9987 -0.0003 -0.0512
vn 0.0844 -0.9566 0.2788
vn 0.9998 0.0000 0.0185
vn 0.9998 -0.0004 0.0188
vn 0.0844 -0.9567 0.2784
vn 0.1373 -0.8809 0.4529
vn 0.4523 -0.8812 -0.1374
vn -0.8575 0.0000 -0.5144
vn 0.2567 -0.9567 -0.1371
vn -0.9615 0.0000 -0.2749
vn 0.2566 -0.9567 -0.1371
vn 0.4176 -0.8808 -0.2231
vn -0.4393 0.0000 -0.8983
vn 0.4169 -0.8812 -0.2230
vn 0.5609 -0.7716 -0.3000
vn 0.8832 0.0000 -0.4689
vn 0.7731 0.0001 -0.6343
vn 0.8797 0.0000 -0.4754
vn -0.0639 -0.9949 0.0777
vn -0.0776 -0.9949 0.0637
vn -0.0777 -0.9949 0.0637
vn -0.0772 -0.9950 0.0639
vn 0.0778 -0.9949 -0.0638
vn 0.1373 -0.8810 0.4528
vn 0.1847 -0.7714 0.6089
vn 0.1847 -0.7718 0.6085
vn -0.0887 -0.9949 0.0474
vn 0.0885 -0.9950 -0.0473
vn 0.2248 -0.6326 0.7411
vn 0.8283 0.0000 0.5603
vn 0.0776 -0.9950 -0.0637
vn 0.2563 -0.4689 0.8452
vn 0.2563 -0.4690 0.8452
vn 0.2779 -0.2885 0.9163
vn 0.0886 -0.9949 -0.0473
vn 0.2781 -0.2900 0.9157
vn 0.5889 0.0003 -0.8082
vn 0.6331 0.7715 0.0623
vn 0.6339 0.7709 0.0621
vn 0.5890 0.0000 -0.8081
vn 0.0291 -0.9950 0.0960
vn 0.7708 0.6325 -0.0758
vn 0.0473 -0.9950 0.0885
vn 0.7779 0.0000 -0.6283
vn 0.6331 0.7716 -0.0620
vn 0.6338 0.7710 -0.0624
vn 0.4708 0.8811 -0.0461
vn -0.8740 0.0000 0.4860
vn 0.5286 0.0000 -0.8489
vn -0.7062 0.0000 0.7081
vn 0.2599 0.0000 -0.9656
vn 0.2601 -0.0002 -0.9656
vn -0.8283 0.0000 0.5603
vn -0.0509 0.0000 -0.9987
vn -0.0981 0.0000 0.9952
vn -0.0097 0.9952 -0.0979
vn 0.9902 0.0994 0.0980
vn 0.0096 0.9952 -0.0979
vn 0.9905 0.0974 0.0975
vn 0.9529 0.2885 0.0938
vn 0.9530 0.2880 0.0937
vn -0.2904 0.0000 0.9569
vn 0.8782 0.4705 0.0865
vn 0.0102 0.9951 -0.0980
vn 0.0097 0.9952 -0.0978
vn 0.8786 0.4698 0.0863
vn 0.7708 0.6325 0.0759
vn 0.7709 0.6324 0.0759
vn 0.9904 -0.0974 0.0980
vn 0.9778 0.0000 -0.2094
vn -0.0286 0.9567 0.2896
vn -0.7440 0.0000 0.6682
vn -0.0286 0.9567 0.2897
vn 0.9903 0.0994 -0.0974
vn -0.0097 0.9952 0.0979
vn 0.9904 0.0972 -0.0980
vn 0.9998 0.0000 -0.0185
vn -0.0096 0.9951 0.0980
vn 0.9529 0.2885 -0.0936
vn -0.8578 0.0000 0.5139
vn 0.9530 0.2880 -0.0937
vn 0.0286 0.9567 0.2896
vn 0.8782 0.4704 -0.0863
vn 0.9987 0.0000 0.0516
vn 0.0286 0.9567 0.2897
vn 0.8785 0.4698 -0.0865
vn -0.8916 0.0000 0.4528
vn 0.0096 0.9952 0.0979
vn 0.0097 0.9951 0.0980
vn 0.9902 -0.0994 -0.0980
vn -0.8578 0.0002 0.5140
vn 0.9927 0.0000 0.1209
vn 0.9901 0.0000 -0.1407
vn -0.0465 0.8810 0.4708
vn 0.9069 0.0000 0.4213
vn -0.0465 0.8809 0.4710
vn -0.9879 0.0000 0.1553
vn -0.7886 0.0000 0.6149
vn 0.0623 0.7718 0.6328
vn -0.8917 0.0000 0.4526
vn 0.0624 0.7715 0.6331
vn -0.9210 0.0000 0.3895
vn 0.0464 0.8810 0.4708
vn 0.0465 0.8809 0.4710
vn -0.6571 0.0000 -0.7538
vn 0.9452 0.0001 0.3266
vn 0.9451 0.0000 0.3267
vn 0.8655 0.0000 0.5009
vn 0.4710 -0.8809 -0.0462
vn 0.6339 -0.7709 -0.0621
vn 0.6331 -0.7715 -0.0623
vn 0.7709 -0.6324 -0.0759
vn 0.7708 -0.6325 -0.0759
vn 0.8786 -0.4698 -0.0863
vn 0.0000 1.0000 0.0001
vn -0.2907 0.0000 0.9568
vn -0.2906 0.0000 0.9568
vn -0.2906 0.0001 0.9568
vn 0.8782 -0.4705 -0.0865
vn -0.4714 0.0000 0.8819
vn -0.4659 0.0000 0.8849
vn 0.9530 -0.2880 -0.0936
vn 0.0000 1.0000 0.0004
vn 0.0285 0.9951 -0.0941
vn 0.0285 0.9951 -0.0945
vn 0.9529 -0.2885 -0.0937
vn 0.0285 0.9952 -0.0941
vn 0.9905 -0.0972 -0.0974
vn 0.0464 0.9951 -0.0868
vn -0.1847 0.7718 0.6085
vn 0.0000 1.0000 -0.0004
vn -0.1847 0.7714 0.6089
vn -0.1373 0.8810 0.4528
vn -0.1373 0.8809 0.4529
vn -0.0844 0.9567 0.2784
vn -0.0844 0.9566 0.2788
vn -0.0286 0.9952 0.0941
vn -0.0285 0.9951 0.0943
vn -0.0759 0.6325 0.7708
vn -0.0624 0.7718 0.6328
vn -0.0623 0.7715 0.6331
vn 0.6338 -0.7710 0.0624
vn 0.6331 -0.7716 0.0621
vn 0.7709 -0.6324 0.0759
vn 0.7708 -0.6325 0.0759
vn 0.8785 -0.4698 0.0865
vn 0.8782 -0.4704 0.0863
vn 0.9530 -0.2880 0.0938
vn 0.9529 -0.2885 0.0936
vn 0.9903 -0.0994 0.0974
vn 0.4710 0.8809 0.0462
vn 0.0974 0.0974 0.9905
vn 0.0975 0.0972 0.9905
vn 0.0937 0.2899 0.9525
vn 0.0941 0.2885 0.9528
vn 0.0000 1.0000 -0.0002
vn 0.0865 0.4698 0.8785
vn 0.0868 0.4689 0.8790
vn 0.9952 0.0000 -0.0980
vn 0.9952 -0.0002 -0.0980
vn 0.9952 0.0000 0.0981
vn 0.0000 1.0000 0.0002
vn -0.0981 0.9951 0.0097
vn 0.9952 0.0003 -0.0980
vn 0.9945 0.0000 -0.1050
vn -0.0942 0.9951 0.0286
vn -0.0943 0.9949 0.0349
vn -0.0980 0.9951 0.0096
vn -0.2563 0.4690 0.8452
vn -0.2563 0.4689 0.8452
vn -0.2248 0.6333 0.7405
vn -0.0981 0.9951 -0.0097
vn -0.2248 0.6326 0.7411
vn 0.0941 0.9952 -0.0285
vn -0.0975 0.0974 0.9905
vn 0.4710 0.8809 -0.0462
vn 0.2897 0.9567 -0.0284
vn -0.0974 0.0972 0.9905
vn -0.0940 0.2899 0.9524
vn 0.0978 0.9952 -0.0096
vn -0.0937 0.2885 0.9529
vn -0.0868 0.4698 0.8785
vn 0.0979 0.9952 -0.0096
vn -0.0865 0.4689 0.8790
vn -0.0975 -0.0972 0.9905
vn -0.0098 -0.9949 -0.0999
vn 0.2897 0.9567 0.0284
vn -0.2784 0.0000 0.9605
vn 0.9952 -0.0002 0.0981
vn 0.9570 0.0002 0.2900
vn 0.0098 -0.9950 -0.0998
vn 0.9556 0.0000 0.2946
vn 0.0099 -0.9949 -0.0999
vn -0.0980 0.9951 -0.0097
vn -0.0978 0.9952 -0.0077
vn -0.0942 0.9951 -0.0286
vn 0.4708 0.8810 0.0462
vn 0.2896 0.9567 0.0284
vn 0.0978 0.9952 0.0096
vn 0.0979 0.9952 0.0096
vn 0.9952 -0.0004 -0.0980
vn -0.0955 -0.9950 0.0297
vn 0.0000 1.0000 -0.0001
vn -0.1000 -0.9949 0.0099
vn -0.0286 -0.9567 0.2897
vn -0.1001 -0.9949 0.0098
vn -0.0286 -0.9567 0.2896
vn -0.9569 0.0000 -0.2905
vn -0.9569 0.0000 0.2905
vn 0.0286 -0.9567 0.2897
vn -0.9952 0.0000 0.0977
vn 0.0286 -0.9567 0.2896
vn 0.0465 -0.8810 0.4708
vn -0.9952 0.0000 -0.0977
vn -0.0465 -0.8809 0.4710
vn -0.0464 -0.8810 0.4708
vn -0.0624 -0.7715 0.6331
vn 0.0999 -0.9949 -0.0098
vn 0.0998 -0.9950 -0.0098
vn 0.2897 -0.9567 -0.0284
vn 0.2786 -0.9567 -0.0846
vn 0.4707 -0.8811 -0.0462
vn -0.0941 -0.2885 0.9528
vn 0.0960 -0.9950 -0.0292
vn 0.0465 -0.8809 0.4710
vn -0.1000 -0.9949 -0.0098
vn 0.0623 -0.7715 0.6331
vn 0.0624 -0.7718 0.6328
vn 0.0759 -0.6325 0.7708
vn -0.9952 0.0000 -0.0980
vn -0.9570 0.0000 -0.2901
vn 0.0865 -0.4689 0.8790
vn -0.8819 0.0000 -0.4715
vn 0.0868 -0.4698 0.8785
vn 0.8820 0.0000 0.4712
vn 0.0937 -0.2885 0.9529
vn 0.9569 0.0000 0.2905
vn 0.9952 0.0000 0.0982
vn 0.0940 -0.2899 0.9524
vn -0.8819 0.0000 0.4715
vn 0.0980 0.0000 -0.9952
vn 0.0974 -0.0972 0.9905
vn 0.2896 -0.9567 0.0284
vn 0.4710 -0.8809 0.0462
vn 0.0975 -0.0974 0.9905
vn -0.9569 0.0000 0.2903
vn 0.4708 -0.8810 0.0462
vn 0.2903 0.0000 -0.9569
vn -0.9952 0.0000 0.0980
vn 0.4715 0.0000 -0.8819
vn -0.4713 0.0001 0.8820
vn 0.0998 -0.9950 0.0098
vn 0.2897 -0.9567 0.0284
vn 0.7728 0.0000 -0.6346
vn 0.9952 0.0000 -0.0983
vn 0.9569 0.0000 -0.2904
vn 0.8821 0.0000 -0.4711
vn -0.4713 -0.0000 0.8820
vn -0.4679 0.0000 0.8838
vn 0.0000 0.0000 1.0000
vn 0.0292 -0.9949 -0.0961
vn 0.9952 0.0001 -0.0980
vn 0.9945 0.0000 -0.1051
vn 0.9568 0.0000 -0.2906
vn 0.9952 0.0000 -0.0975
vn 0.9952 -0.0001 0.0981
vn 0.9570 0.0000 0.2900
vn 0.9558 0.0000 0.2941
vn -0.9568 0.0000 -0.2906
vn -0.8821 0.0000 -0.4711
vn -0.7728 0.0000 -0.6346
vn 0.0961 -0.9949 -0.0292
vn -0.6343 0.0000 -0.7731
vn 0.1954 0.0000 -0.9807
vn -0.0997 -0.9950 -0.0102
vn -0.4715 0.0000 -0.8819
vn -0.1001 -0.9949 -0.0099
vn -0.2903 0.0000 -0.9569
vn 0.0999 -0.9949 0.0098
vn -0.0980 0.0000 -0.9952
vn -0.0962 -0.9949 -0.0292
vn 0.6836 0.0000 0.7299
vn 0.6856 0.0000 0.7280
vn 0.6823 0.0000 0.7311
vn 0.6820 0.0000 0.7313
vn 0.6831 0.0000 0.7303
vn 0.9231 0.0000 -0.3846
vn -0.1955 0.0000 -0.9807
vn 0.9233 0.0000 -0.3841
vn 0.9231 0.0000 -0.3845
vn 0.9233 0.0000 -0.3840
vn 0.9232 0.0000 -0.3843
vn 0.2422 0.0000 0.9702
vn 0.0667 0.0000 0.9978
vn 0.7415 0.6321 0.2248
vn -0.1948 0.0000 0.9809
vn -0.0667 0.0000 0.9978
vn -0.5554 0.0000 0.8316
vn -0.0291 -0.9950 0.0960
vn -0.2422 0.0000 0.9702
vn 0.6094 0.7710 0.1848
vn 0.1948 0.0000 0.9809
vn -0.0845 -0.9566 0.2788
vn -0.6836 0.0000 0.7299
vn -0.0843 -0.9567 0.2785
vn -0.6854 0.0000 0.7281
vn -0.1374 -0.8809 0.4529
vn -0.1373 -0.8810 0.4528
vn -0.9242 0.0000 -0.3818
vn -0.9241 0.0000 -0.3822
vn 0.0000 0.0000 -1.0000
vn 0.2905 0.0000 0.9569
vn 0.0053 0.0000 -1.0000
vn 0.0977 0.0000 0.9952
vn 0.0001 0.0000 -1.0000
vn -0.0977 0.0000 0.9952
vn -0.6965 0.0000 0.7175
vn -0.2905 0.0000 0.9569
vn -0.9831 0.0000 0.1830
vn -0.9893 0.0000 -0.1461
vn 0.2904 0.0000 -0.9569
vn -0.9162 0.0000 -0.4008
vn 0.0983 0.0000 -0.9952
vn -0.0982 0.0000 -0.9952
vn -0.7369 0.0000 -0.6761
vn 0.9524 0.0976 0.2889
vn -0.2102 0.0000 -0.9776
vn -0.1849 -0.7714 0.6089
vn 0.6989 0.0000 -0.7153
vn 0.9525 0.0971 0.2887
vn 0.9158 0.2898 0.2781
vn 0.9664 0.0000 0.2569
vn -0.1846 -0.7718 0.6085
vn -0.2250 -0.6326 0.7411
vn 0.7071 0.0000 0.7071
vn 0.9164 0.2882 0.2778
vn 0.2570 0.0000 0.9664
vn 0.2569 0.0000 0.9664
vn 0.8444 0.4704 0.2564
vn -0.2605 -0.0015 -0.9655
vn -0.2605 0.0000 -0.9655
vn 0.8450 0.4694 0.2563
vn 0.2605 0.0000 -0.9655
vn -0.2246 -0.6333 0.7406
vn 0.7071 0.0000 -0.7071
vn 0.7414 0.6323 0.2249
vn -0.2563 -0.4689 0.8452
vn 0.9664 0.0000 -0.2569
vn -0.0759 -0.6325 0.7708
vn -0.0868 -0.4689 0.8790
vn -0.0865 -0.4698 0.8785
vn -0.2563 -0.4690 0.8452
vn -0.9231 0.0000 -0.3845
vn -0.2782 -0.2885 0.9162
vn 0.2901 0.0000 0.9570
vn 0.0980 0.0000 0.9952
vn -0.2777 -0.2900 0.9158
vn -0.2901 0.0000 0.9570
vn -0.9230 0.0000 -0.3849
vn -0.9229 0.0000 -0.3849
vn -0.4715 0.0000 0.8819
vn -0.7312 0.0000 0.6821
vn -0.0623 -0.7718 0.6328
vn -0.7326 0.0000 0.6806
vn -0.7330 0.0000 0.6802
vn -0.7328 0.0000 0.6804
vn -0.7338 0.0000 0.6794
vn -0.7329 0.0000 0.6803
vn -0.2904 0.0000 -0.9569
vn 0.7786 -0.4696 0.4161
vn -1.0000 0.0000 0.0000
vn 0.3844 0.0000 0.9232
vn 0.8449 -0.4694 0.2565
vn 0.3843 -0.0030 0.9232
vn -0.0937 -0.2899 0.9525
vn 0.3841 0.0000 0.9233
vn 0.3842 0.0000 0.9232
vn -0.0974 -0.0974 0.9905
vn 0.3842 0.0000 0.9233
vn 0.3843 0.0000 0.9232
vn -0.8316 0.0000 -0.5554
vn 0.8777 -0.0974 0.4692
vn -0.9807 0.0000 0.1954
vn 1.0000 0.0000 0.0000
vn -0.8316 0.0000 0.5554
vn 0.3847 0.0000 0.9230
vn 0.7415 -0.6321 0.2249
vn 0.7414 -0.6322 0.2248
vn 0.0095 -0.9950 -0.0998
vn 0.3845 0.0000 0.9231
vn -0.0331 0.0000 0.9995
vn 0.8445 -0.4704 0.2561
vn -0.5150 0.0000 0.8572
vn 0.9163 -0.2882 0.2782
vn -0.6581 0.0000 0.7529
vn 0.0098 -0.9949 0.1000
vn -0.7529 0.0000 0.6581
vn 0.9159 -0.2898 0.2777
vn 0.0099 -0.9949 0.0999
vn -0.8577 0.0000 0.5141
vn 0.0291 -0.9950 -0.0960
vn 0.9524 -0.0971 0.2889
vn -0.9994 0.0000 0.0358
vn -0.0098 -0.9949 0.0999
vn 0.9524 -0.0976 0.2887
vn -0.9994 0.0000 0.0356
vn -0.9994 0.0000 0.0354
vn 0.0285 -0.9950 -0.0955
vn -0.0292 -0.9949 0.0962
vn -0.9994 0.0000 0.0348
vn -0.0099 -0.9949 0.1000
vn -0.7332 0.0000 0.6800
vn 0.0474 -0.9949 -0.0886
vn -0.3871 0.0000 -0.9220
vn -0.3875 0.0000 -0.9219
vn -0.3567 0.0000 -0.9342
vn -0.3901 0.0000 -0.9208
vn 0.5612 0.7714 0.3000
vn 0.7084 0.0000 -0.7058
vn -0.9999 0.0000 0.0163
vn -0.5554 0.0000 -0.8316
vn 0.4522 0.8812 0.1374
vn 0.4527 0.8810 0.1374
vn -0.8246 0.0000 -0.5657
vn -0.5965 0.0000 -0.8026
vn 0.2568 0.9567 0.1372
vn -0.9807 0.0000 -0.1954
vn 0.5418 0.0000 -0.8405
vn 0.9999 0.0000 -0.0128
vn 0.2570 0.9566 0.1373
vn 0.0867 0.9952 0.0463
vn -0.3634 0.0000 -0.9316
vn -0.9570 0.0000 -0.2900
vn -0.0431 0.0000 -0.9991
vn 0.4996 0.0000 0.8662
vn -0.9950 0.0000 -0.0999
vn -0.4996 0.0000 0.8663
vn 0.4996 0.0000 -0.8662
vn 0.9570 -0.0001 0.2900
vn 0.8656 0.0000 -0.5008
vn 0.0980 0.9951 0.0097
vn 0.0942 0.9951 0.0286
vn 0.0948 0.9949 0.0351
vn 0.8656 0.0000 0.5008
vn -0.0943 0.9951 -0.0286
vn -0.3808 0.0000 -0.9247
vn -0.2897 0.9567 -0.0284
vn -0.0978 0.9952 -0.0096
vn 0.0941 0.9952 0.0286
vn -0.0979 0.9952 -0.0096
vn 0.8818 0.0000 0.4716
vn 0.8840 0.0000 0.4676
vn 0.5554 0.0000 -0.8316
vn -0.0935 0.9953 -0.0233
vn 0.8316 0.0000 -0.5554
vn 0.9809 0.0000 -0.1948
vn 0.9809 0.0000 0.1948
vn -0.9952 0.0000 0.0981
vn -0.3806 0.0000 -0.9247
vn 0.3567 0.0000 -0.9342
vn -0.0869 0.9951 -0.0464
vn 0.0981 0.9951 -0.0097
vn -0.0004 1.0000 0.0003
vn 0.9247 0.0000 0.3808
vn 0.6089 0.7714 0.1848
vn 0.0981 0.9951 0.0096
vn -0.0005 1.0000 0.0001
vn 0.2784 0.9567 0.0846
vn 0.9229 0.0000 -0.3851
vn -0.0005 1.0000 -0.0001
vn 0.9230 0.0069 -0.3847
vn 0.2787 0.9566 0.0846
vn 0.9231 0.0000 -0.3847
vn 0.9230 0.0000 -0.3848
vn -0.0004 1.0000 -0.0003
vn -0.9577 0.0000 0.2877
vn 0.9230 0.0000 -0.3849
vn -0.9025 0.0001 0.4307
vn -0.9025 -0.0000 0.4307
vn -0.9025 0.0000 0.4308
vn 0.7731 -0.0002 0.6343
vn 0.7724 0.0000 0.6351
vn -0.0006 1.0000 0.0002
vn -0.0871 0.9951 -0.0477
vn 0.9230 -0.0005 -0.3847
vn 0.0943 0.9951 -0.0286
vn -0.0003 1.0000 -0.0004
vn 0.9235 0.0000 -0.3835
vn -0.9570 0.0000 0.2900
vn 0.0942 0.9951 -0.0286
vn 0.5988 0.6323 0.4916
vn 0.7312 0.0000 0.6821
vn 0.0980 0.9951 -0.0096
vn 0.7329 0.0000 0.6803
vn 0.7330 0.0000 0.6803
vn 0.0988 0.9951 -0.0078
vn 0.5993 0.6317 0.4917
vn -0.3842 0.0000 0.9233
vn -0.3842 0.0000 0.9232
vn 0.4917 0.7717 0.4034
vn -0.9775 0.0000 0.2110
vn -0.1954 0.0000 -0.9807
vn 0.4919 0.7715 0.4035
vn -0.3845 0.0000 0.9231
vn 0.3660 0.8808 0.3003
vn 0.2251 0.9566 0.1848
vn -0.0007 1.0000 -0.0000
vn 0.9994 0.0000 0.0354
vn 0.9994 0.0000 0.0356
vn 0.9994 0.0000 0.0358
vn 0.8316 0.0000 0.5554
vn 0.5554 0.0000 0.8316
vn 0.9993 0.0000 0.0372
vn 0.9993 0.0000 0.0361
vn 0.9993 0.0000 0.0367
vn 0.9993 0.0000 0.0368
vn 0.5609 0.7716 0.3000
vn 0.6971 0.0000 0.7170
vn 0.6961 0.0000 0.7179
vn 0.6958 0.0000 0.7182
vn 0.4169 0.8812 0.2230
vn 0.4176 0.8808 0.2231
vn 0.0961 -0.9949 0.0293
vn 0.3644 0.0000 -0.9312
vn 0.3690 0.0000 -0.9294
vn 0.3752 0.0000 -0.9269
vn 0.3640 0.0000 -0.9314
vn 0.3724 0.0000 -0.9281
vn 0.3672 0.0000 -0.9302
vn 0.8577 0.0000 0.5141
vn 0.7529 0.0000 0.6581
vn 0.6581 0.0000 0.7529
vn 0.5150 0.0000 0.8572
vn 0.0331 0.0000 0.9995
vn -0.7065 0.0000 -0.7077
vn -0.7067 0.0000 -0.7075
vn -0.7063 0.0000 -0.7079
vn -0.7066 0.0000 -0.7076
vn 0.0131 0.0000 0.9999
vn -0.5657 0.0000 0.8246
vn 0.0625 0.9951 0.0761
vn -0.8020 0.0000 0.5973
vn -0.9310 0.0000 0.3650
vn -0.9991 0.0000 0.0431
vn 0.1949 0.0000 -0.9808
vn -0.8390 0.0000 -0.5441
vn 0.7726 0.0000 0.6349
vn 0.7730 0.0000 0.6344
vn 0.7731 0.0002 0.6343
vn -0.0159 0.0000 -0.9999
vn -0.0175 0.0000 -0.9998
vn -0.0761 0.9951 -0.0625
vn -0.0760 0.9951 -0.0624
vn -0.0623 0.9951 -0.0771
vn 0.0762 0.9951 0.0625
vn -0.8655 0.0000 -0.5008
vn -0.8656 0.0000 -0.5007
vn 0.3658 0.8809 0.3002
vn -0.4996 0.0000 -0.8662
vn 0.2247 0.9568 0.1846
vn 0.0760 0.9952 0.0624
vn -0.9247 0.0000 0.3808
vn 0.3806 0.0016 -0.9247
vn 0.3811 0.0000 -0.9245
vn 0.3808 0.0000 -0.9247
vn 0.0962 -0.9949 -0.0292
vn 0.7784 0.4702 0.4160
vn 0.3808 0.0000 -0.9246
vn 0.1008 -0.9949 -0.0096
vn 0.1000 -0.9949 -0.0099
vn 0.3807 -0.0002 -0.9247
vn 0.8777 0.0979 0.4692
vn 0.3811 0.0000 -0.9246
vn 0.8778 0.0974 0.4691
vn 0.8441 0.2895 0.4512
vn 0.8445 0.2885 0.4512
vn 0.9952 0.0000 0.0975
vn 0.7787 0.4697 0.4160
vn 0.9568 0.0000 0.2908
vn 0.6831 0.6325 0.3652
vn 0.8821 0.0000 0.4711
vn 0.6834 0.6322 0.3652
vn 0.7728 0.0000 0.6346
vn 0.8777 -0.0979 0.4691
vn 0.2903 0.0000 0.9569
vn -0.0980 0.0000 0.9952
vn -0.6836 0.0000 -0.7299
vn 0.1001 -0.9949 -0.0099
vn -0.6839 0.0000 -0.7295
vn -0.6859 0.0000 -0.7277
vn -0.6854 0.0000 -0.7281
vn -0.6924 0.0000 -0.7215
vn -0.6864 0.0000 -0.7272
vn -0.0005 0.0000 -1.0000
vn -0.9240 0.0000 0.3824
vn 0.1000 -0.9949 0.0098
vn -0.9242 0.0000 0.3819
vn 0.2570 -0.9566 0.1373
vn -0.9240 0.0000 0.3823
vn -0.9239 0.0000 0.3825
vn 0.1001 -0.9949 0.0099
vn -0.9241 0.0000 0.3823
vn -0.0999 -0.9949 -0.0098
vn -0.2422 0.0000 -0.9702
vn -0.0999 -0.9949 0.0098
vn -0.0998 -0.9950 0.0098
vn -0.0677 0.0000 -0.9977
vn 0.0677 0.0000 -0.9977
vn 0.0962 -0.9949 0.0292
vn -0.0998 -0.9950 -0.0098
vn -0.0035 0.0000 1.0000
vn 0.6965 0.0000 -0.7175
vn 0.6966 0.0000 -0.7175
vn 0.9832 0.0000 -0.1825
vn 0.5611 -0.7714 0.3001
vn 0.9893 0.0000 0.1461
vn 0.9158 0.0000 0.4015
vn -0.6331 0.7715 -0.0623
vn -0.6331 0.7716 0.0621
vn -0.6338 0.7710 0.0624
vn 0.6090 -0.7714 0.1846
vn -0.9662 0.0000 -0.2579
vn -0.6339 0.7709 -0.0621
vn -0.7090 0.0000 -0.7052
vn -0.4707 0.8811 -0.0462
vn -0.2570 0.0000 -0.9664
vn -0.2570 -0.0011 -0.9664
vn 0.5609 -0.7716 0.2999
vn -0.4710 0.8809 -0.0462
vn 0.2605 0.0000 0.9655
vn 0.6833 -0.6322 0.3653
vn -0.2605 0.0000 0.9655
vn -0.7071 0.0000 0.7071
vn -0.9664 0.0000 0.2569
vn 0.9231 0.0000 0.3845
vn 0.9229 0.0000 0.3850
vn 0.3806 0.0000 0.9247
vn 0.2787 -0.9566 0.0847
vn 0.3569 0.0000 0.9341
vn 0.2784 -0.9567 0.0845
vn -0.9025 0.0000 -0.4307
vn -0.9247 0.0000 -0.3807
vn 0.4527 -0.8810 0.1376
vn -0.4708 0.8810 0.0462
vn -0.9249 0.0000 -0.3801
vn 0.1955 0.0000 -0.9807
vn -0.9228 0.0000 0.3853
vn 0.8313 0.0000 -0.5558
vn 0.4523 -0.8812 0.1373
vn 0.9808 0.0000 -0.1948
vn 0.6094 -0.7710 0.1850
vn -0.4710 0.8809 0.0462
vn -0.9230 0.0000 0.3847
vn -0.9230 0.0000 0.3848
vn 0.9808 0.0000 0.1949
vn -0.2896 0.9567 0.0284
vn 0.8313 0.0000 0.5558
vn 0.5558 0.0000 0.8313
vn -0.2569 0.0000 -0.9664
vn -0.2897 0.9567 0.0284
vn -0.1949 0.0000 0.9808
vn -0.5558 0.0000 0.8313
vn 0.9229 0.0000 0.3851
vn -0.0978 0.9952 0.0096
vn -0.0979 0.9952 0.0096
vn -0.8313 0.0000 0.5558
vn -0.9229 0.0000 0.3850
vn -0.9808 0.0000 0.1949
vn 0.7731 0.0003 0.6343
vn -0.0887 -0.9949 -0.0474
vn -0.9230 -0.0006 0.3848
vn 0.1955 0.0000 0.9807
vn -0.1954 0.0000 0.9807
vn -0.9235 0.0000 0.3837
vn -0.9231 0.0000 0.3845
vn -0.9902 0.0994 -0.0980
vn -0.9904 -0.0972 -0.0980
vn -0.9699 0.0000 0.2435
vn -0.9978 0.0000 0.0667
vn -0.9978 0.0000 -0.0668
vn -0.9699 0.0000 -0.2435
vn -0.7325 0.0000 -0.6808
vn -0.9903 0.0994 0.0974
vn -0.7341 0.0000 -0.6790
vn -0.7330 0.0000 -0.6802
vn 0.3843 0.0000 -0.9232
vn 0.3853 0.0000 -0.9228
vn -0.3568 0.0000 0.9342
vn 0.2569 -0.9567 0.1372
vn -0.9807 0.0000 0.1955
vn -0.1825 0.0000 -0.9832
vn 0.1442 0.0000 -0.9896
vn -0.7708 0.6325 -0.0759
vn 0.5558 0.0000 -0.8313
vn 0.4025 0.0000 -0.9154
vn 0.9807 0.0000 -0.1955
vn 0.4175 -0.8808 0.2233
vn -0.7708 0.6325 0.0759
vn 0.6773 0.0000 -0.7357
vn 0.4170 -0.8812 0.2228
vn 0.9807 0.0000 0.1954
vn -0.7709 0.6324 0.0759
vn -0.2569 0.0000 0.9664
vn 0.4918 -0.7716 0.4035
vn -0.7090 0.0000 0.7052
vn -0.9808 0.0000 0.1948
vn 0.4917 -0.7717 0.4034
vn -0.9655 0.0000 0.2605
vn -0.9654 0.0000 0.2606
vn -0.9808 0.0000 -0.1949
vn 0.9662 0.0000 -0.2579
vn -0.9903 -0.0994 -0.0974
vn 0.9664 0.0000 0.2570
vn -0.5558 0.0000 -0.8313
vn 0.5989 -0.6323 0.4914
vn -0.1948 0.0000 -0.9808
vn 0.2579 0.0000 0.9662
vn 0.3845 0.0000 -0.9231
vn -0.9904 0.0974 0.0980
vn -0.9529 0.2885 0.0936
vn -0.7176 0.0000 -0.6965
vn 0.9776 0.0000 -0.2102
vn 0.3849 0.0000 -0.9230
vn -0.9530 0.2880 0.0938
vn -0.8782 0.4704 0.0863
vn -0.9994 0.0000 -0.0356
vn -0.9994 0.0000 -0.0344
vn 0.9025 0.0000 -0.4307
vn -0.9994 0.0000 -0.0348
vn -0.9994 0.0000 -0.0357
vn -0.7352 0.0000 -0.6778
vn 0.1948 0.0000 0.9808
vn -0.8785 0.4698 0.0865
vn -0.4191 0.0000 0.9080
vn -0.7348 0.0000 -0.6783
vn -0.7256 0.0000 -0.6881
vn -0.4008 0.0000 0.9162
vn -0.3769 0.0000 0.9263
vn -0.4235 0.0000 0.9059
vn 0.9807 0.0000 0.1955
vn -0.3846 0.0000 0.9231
vn -0.4061 0.0000 0.9138
vn -0.8580 0.0000 -0.5136
vn -0.7525 0.0000 -0.6586
vn -0.6581 0.0000 -0.7529
vn -0.9902 -0.0994 0.0980
vn -0.5150 0.0000 -0.8572
vn -0.0331 0.0000 -0.9995
vn -0.7061 0.0000 -0.7081
vn -0.7058 0.0000 -0.7084
vn 0.9247 0.0000 -0.3806
vn 0.6831 -0.6325 0.3651
vn 0.7085 0.0000 0.7057
vn 0.7075 0.0000 0.7067
vn 0.7086 0.0000 0.7056
vn 0.7092 0.0000 0.7050
vn 0.9025 0.0000 0.4307
vn -0.9163 0.2882 0.2782
vn 0.7785 -0.4702 0.4159
vn 0.5657 0.0000 -0.8246
vn 0.8444 -0.2885 0.4514
vn 0.8020 0.0000 -0.5973
vn 0.9310 0.0000 -0.3650
vn 0.8443 -0.2895 0.4510
vn 0.8400 0.0000 0.5426
vn -0.7414 0.6323 0.2248
vn 0.9807 0.0000 -0.1954
vn 0.7735 0.0000 0.6338
vn 0.9991 0.0000 -0.0431
vn -0.8656 0.0000 0.5008
vn -0.2897 -0.9567 -0.0284
vn -0.8656 0.0000 -0.5008
vn 0.8655 0.0000 0.5008
vn 0.8656 0.0000 0.5007
vn -0.0776 -0.9949 -0.0637
vn -0.8313 0.0000 -0.5559
vn -0.4710 -0.8809 -0.0462
vn -0.9809 0.0000 -0.1948
vn -0.0639 -0.9949 -0.0777
vn -0.0637 -0.9949 -0.0776
vn -0.4996 0.0000 0.8662
vn -0.9809 0.0000 0.1948
vn -0.8313 0.0000 0.5559
vn -0.4708 -0.8811 -0.0461
vn 0.9247 0.0000 -0.3808
vn 0.0638 -0.9949 0.0777
vn -0.0131 0.0000 -0.9999
vn -0.7709 -0.6324 -0.0759
vn 0.9247 0.0000 -0.3807
vn -0.7708 -0.6325 -0.0758
vn -0.8785 -0.4698 -0.0865
vn -0.3808 0.0000 0.9247
vn -0.3807 0.0018 0.9247
vn -0.3803 0.0000 0.9249
vn -0.3807 0.0000 0.9247
vn 0.0777 -0.9949 0.0638
vn -0.3806 0.0000 0.9247
vn -0.3808 0.0032 0.9247
vn 0.2251 -0.9566 0.1849
vn -0.2897 -0.9567 0.0284
vn 0.9952 0.0000 0.0983
vn 0.2248 -0.9568 0.1845
vn 0.3660 -0.8808 0.3003
vn 0.3659 -0.8809 0.3001
vn -0.3807 -0.0002 0.9247
vn -0.3808 0.0000 0.9246
vn -0.9952 0.0000 0.0976
vn 0.8818 0.0002 0.4716
vn 0.8836 0.0000 0.4682
vn -0.7709 -0.6324 0.0759
vn 0.7731 0.0001 0.6343
vn 0.7731 -0.0001 0.6343
vn 0.7724 0.0000 0.6352
vn 0.6343 0.0001 0.7731
vn -0.7708 -0.6325 0.0759
vn -0.0956 -0.9950 -0.0288
vn -0.8786 -0.4698 0.0863
vn -0.8782 -0.4705 0.0865
vn 0.3848 0.0000 0.9230
vn 0.0960 -0.9950 0.0291
vn 0.3846 0.0000 0.9231
vn 0.3847 0.0000 0.9231
vn -0.0891 -0.9949 -0.0477
vn 0.0885 -0.9950 0.0473
vn -0.0777 -0.9949 -0.0638
vn -0.2896 -0.9567 0.0284
vn 0.0776 -0.9950 0.0637
vn 0.3849 0.0000 0.9230
vn -0.4710 -0.8809 0.0462
vn -0.0637 -0.9950 -0.0776
vn -0.4708 -0.8810 0.0462
vn -0.6339 -0.7709 0.0621
vn 0.3847 -0.0005 0.9230
vn -0.6331 -0.7715 0.0623
vn 0.3647 0.6332 0.6826
vn 0.8819 0.0000 -0.4715
vn 0.3656 0.6320 0.6833
vn 0.2998 0.7714 0.5613
vn 0.9570 0.0000 -0.2901
vn 0.3000 0.7712 0.5614
vn 0.2227 0.8812 0.4170
vn 0.9952 0.0000 0.0980
vn 0.9569 0.0000 0.2903
vn 0.8819 0.0000 0.4715
vn 0.1371 0.9567 0.2566
vn -0.9569 0.0000 -0.2904
vn -0.9530 -0.2880 0.0937
vn 0.1845 0.9568 0.2249
vn -0.2903 0.0000 0.9569
vn 0.1375 0.9566 0.2569
vn -0.9164 -0.2882 0.2778
vn -0.9529 -0.2885 0.0938
vn 0.0465 0.9951 0.0868
vn -0.6343 0.0000 0.7731
vn -0.9905 -0.0974 0.0975
vn 0.4916 0.6321 0.5990
vn -0.7728 0.0000 0.6346
vn 0.4036 0.7716 0.4918
vn -0.8821 0.0000 0.4711
vn 0.4040 0.7712 0.4920
vn 0.2999 0.8812 0.3655
vn -0.9568 0.0000 0.2908
vn 0.2900 0.0000 -0.9570
vn -0.9952 0.0000 0.0975
vn 0.3004 0.8809 0.3658
vn 0.1844 0.9568 0.2248
vn -0.9952 0.0000 -0.0975
vn 0.2422 0.0000 -0.9702
vn 0.6836 0.0000 -0.7299
vn 0.6831 0.0000 -0.7303
vn 0.9234 0.0000 0.3839
vn 0.9230 0.0000 0.3848
vn -0.2900 0.0000 -0.9570
vn -0.0983 0.0000 -0.9952
vn 0.4690 0.0982 0.8777
vn 0.7369 0.0000 0.6761
vn 0.2103 0.0000 0.9776
vn 0.2102 0.0000 0.9776
vn -0.8444 -0.4704 0.2564
vn -0.6973 0.0000 0.7168
vn -0.7005 0.0000 0.7137
vn 0.4691 0.0979 0.8777
vn 0.7325 0.0000 -0.6808
vn 0.4510 0.2901 0.8441
vn 0.7333 0.0000 -0.6799
vn 0.7330 0.0000 -0.6802
vn 0.7340 0.0000 -0.6791
vn -0.9158 -0.2898 0.2781
vn 0.6070 0.2900 0.7399
vn 0.7324 0.0003 -0.6809
vn 0.7340 0.0000 -0.6792
vn 0.6075 0.2889 0.7400
vn -0.9524 -0.0976 0.2889
vn -0.0976 0.0000 0.9952
vn -0.3846 0.0000 -0.9231
vn -0.3852 0.0000 -0.9228
vn 0.4515 0.2888 0.8443
vn -0.3841 0.0000 -0.9233
vn -0.3845 0.0001 -0.9231
vn 0.4164 0.4694 0.7786
vn -0.3845 0.0000 -0.9231
vn 0.9699 0.0000 -0.2435
vn 0.9978 0.0000 -0.0668
vn 0.9978 0.0000 0.0667
vn 0.5602 0.4693 0.6825
vn 0.9699 0.0000 0.2435
vn -0.2784 0.9567 0.0845
vn 0.4167 0.4689 0.7788
vn -1.0000 0.0009 0.0000
vn -0.2787 0.9566 0.0847
vn -0.1461 0.0000 0.9893
vn -0.0941 0.9952 0.0285
vn 0.4690 -0.0979 0.8778
vn -0.6786 0.0000 0.7345
vn -0.0941 0.9952 0.0286
vn 0.6315 0.0980 0.7692
vn 0.7176 0.0000 0.6965
vn 0.6316 0.0976 0.7692
vn 0.1849 0.0000 0.9828
vn -0.7724 0.0000 0.6351
vn -0.7731 0.0000 0.6343
vn 0.9655 -0.0000 -0.2605
vn -0.8818 0.0000 0.4716
vn -0.8818 -0.0001 0.4716
vn -0.8818 0.0001 0.4716
vn -0.9664 0.0000 -0.2569
vn -0.9570 -0.0001 0.2900
vn 0.5599 0.4700 0.6824
vn 0.0761 0.9951 -0.0625
vn -0.7052 0.0000 -0.7090
vn -0.7731 0.0001 0.6343
vn -0.2615 0.0000 -0.9652
vn 0.2901 0.0000 -0.9570
vn 0.0865 0.9951 -0.0478
vn 0.0869 0.9951 -0.0464
vn 0.4917 0.6319 0.5991
vn 0.3807 -0.0007 -0.9247
vn -0.2901 0.0000 -0.9570
vn 0.0936 0.9953 -0.0233
vn -0.0981 0.0000 -0.9952
vn 0.7691 0.0980 0.6315
vn -0.0867 0.9952 0.0463
vn -0.3849 0.0000 -0.9230
vn 0.7692 0.0976 0.6315
vn 0.2904 0.0000 0.9569
vn 0.7400 0.2886 0.6075
vn 0.9655 0.0044 -0.2605
vn 0.7400 0.2885 0.6075
vn -0.9664 0.0000 0.2570
vn 0.6821 0.4704 0.5600
vn -0.3848 0.0000 0.9230
vn -0.3849 0.0000 0.9230
vn -0.3847 0.0000 -0.9230
vn 0.6821 0.4702 0.5600
vn -0.2570 0.9566 0.1373
vn -0.3847 0.0005 -0.9230
vn 0.5992 -0.6317 0.4919
vn -0.3850 0.0000 -0.9229
vn 0.4718 0.0000 -0.8817
vn 0.6344 0.0000 -0.7730
vn 0.6345 0.0000 -0.7730
vn 0.7730 0.0000 -0.6345
vn -0.3847 -0.0019 -0.9231
vn 0.7730 0.0000 -0.6344
vn 0.5600 -0.4700 0.6823
vn 0.8817 0.0000 -0.4718
vn -0.8820 0.0000 -0.4713
vn 0.0331 0.0000 -0.9995
vn -0.7730 0.0000 -0.6344
vn -0.7730 0.0000 -0.6345
vn 0.7077 0.0000 -0.7065
vn 0.7074 0.0000 -0.7068
vn -0.4713 -0.0001 0.8820
vn -0.6341 0.0000 -0.7732
vn -0.6342 -0.0001 0.7731
vn -0.4718 0.0000 -0.8817
vn -0.7731 -0.0001 0.6343
vn 0.6821 -0.4702 0.5600
vn 0.5150 0.0000 -0.8572
vn 0.6821 -0.4704 0.5599
vn 0.6581 0.0000 -0.7529
vn 0.7400 -0.2885 0.6076
vn 0.7525 0.0000 -0.6586
vn 0.7400 -0.2886 0.6075
vn 0.8580 0.0000 -0.5136
vn 0.6344 0.0000 0.7730
vn 0.7692 -0.0976 0.6316
vn 0.9994 0.0000 -0.0356
vn 0.9993 0.0000 -0.0367
vn -0.4708 0.0000 0.8823
vn 0.7692 -0.0980 0.6315
vn 0.9993 0.0000 -0.0368
vn 0.6977 0.0000 -0.7163
vn 0.6884 0.0000 -0.7253
vn 0.0464 0.9952 -0.0867
vn 0.3668 0.0000 0.9303
vn 0.3877 0.0000 0.9218
vn 0.0624 0.9952 -0.0760
vn 0.0630 0.9951 -0.0758
vn -0.6344 0.0000 0.7730
vn -0.7063 0.0000 0.7079
vn -0.7068 0.0000 0.7075
vn 0.8817 0.0000 0.4718
vn 0.1373 -0.9566 0.2569
vn 0.9999 0.0000 -0.0163
vn 0.7732 0.0000 0.6341
vn 0.7732 0.0000 0.6342
vn 0.8246 0.0000 0.5657
vn 0.6345 0.0000 0.7730
vn 0.1373 -0.9567 0.2565
vn 0.5965 0.0000 0.8026
vn 0.2229 -0.8810 0.4173
vn 0.3650 0.0000 0.9310
vn -0.7723 0.0000 0.6353
vn 0.0409 0.0000 0.9992
vn 0.2228 -0.8812 0.4169
vn -0.5418 0.0000 0.8405
vn 0.0624 0.9951 -0.0761
vn 0.0622 0.9951 -0.0769
vn -0.9999 0.0000 0.0128
vn -0.9999 0.0000 0.0127
vn 0.2999 -0.7712 0.5615
vn -0.8819 0.0000 -0.4714
vn 0.4039 -0.7712 0.4921
vn 0.2999 -0.7714 0.5612
vn 0.4996 0.0000 -0.8663
vn 0.0761 0.9951 -0.0624
vn 0.3652 -0.6320 0.6835
vn -0.6341 0.0000 0.7732
vn -0.8647 0.0000 0.5023
vn 0.4916 -0.6321 0.5989
vn -0.7732 0.0000 0.6342
vn -0.7732 0.0000 0.6341
vn 0.3808 0.0000 0.9247
vn -0.8820 0.0000 0.4713
vn 0.4165 -0.4689 0.7789
vn 0.4165 -0.4694 0.7785
vn 0.8819 0.0000 -0.4714
vn -0.0625 0.9951 0.0761
vn 0.4512 -0.2888 0.8444
vn 0.4714 0.0000 -0.8819
vn -0.9247 0.0000 -0.3806
vn 0.1845 -0.9568 0.2249
vn 0.1845 -0.9568 0.2248
vn 0.3002 -0.8809 0.3659
vn 0.3000 -0.8812 0.3654
vn -0.9247 0.0002 -0.3807
vn -0.4170 0.8812 0.2228
vn -0.4175 0.8808 0.2233
vn -0.2569 0.9567 0.1372
vn 0.4037 -0.7716 0.4917
vn 0.4917 -0.6319 0.5991
vn -0.9247 0.0000 -0.3808
vn -0.4917 0.7717 0.4034
vn 0.5601 -0.4694 0.6827
vn -0.9247 -0.0064 -0.3806
vn 0.6072 -0.2889 0.7401
vn -0.4918 0.7715 0.4035
vn 0.6073 -0.2900 0.7397
vn -0.3659 0.8809 0.3001
vn 0.6315 -0.0976 0.7692
vn 0.6315 -0.0980 0.7691
vn 0.3806 0.0000 -0.9247
vn -0.3660 0.8808 0.3003
vn -0.2248 0.9568 0.1845
vn 0.3807 0.0000 -0.9247
vn -0.2251 0.9566 0.1849
vn -0.0760 0.9952 0.0624
vn -0.3002 0.8809 0.3659
vn 0.4586 -0.2323 -0.8577
vn 0.4584 -0.2323 -0.8578
vn 0.6170 -0.2323 -0.7519
vn 0.7519 -0.2323 -0.6169
vn 0.7515 -0.2322 -0.6175
vn 0.8580 -0.2323 -0.4582
vn 0.8576 -0.2322 -0.4588
vn -0.0974 0.0974 -0.9905
vn 0.9309 -0.2323 -0.2819
vn 0.9308 -0.2323 -0.2823
vn -0.9680 -0.2322 -0.0954
vn -0.0975 0.0972 -0.9905
vn -0.9306 -0.2323 -0.2828
vn -0.9308 -0.2322 -0.2823
vn -0.9308 -0.2323 -0.2823
vn -0.8578 -0.2323 -0.4584
vn -0.5989 0.6323 0.4914
vn -0.8579 -0.2323 -0.4583
vn -0.7515 -0.2323 -0.6175
vn -0.7517 -0.2323 -0.6172
vn -0.6172 -0.2323 -0.7517
vn -0.6175 -0.2322 -0.7515
vn -0.4582 -0.2323 -0.8579
vn -0.4584 -0.2323 -0.8578
vn -0.2823 -0.2323 -0.9308
vn -0.7724 0.0000 0.6352
vn -0.2828 -0.2322 -0.9306
vn -0.0937 -0.2885 -0.9529
vn -0.0953 -0.2322 -0.9680
vn -0.0953 -0.2323 -0.9680
vn 0.0953 -0.2322 -0.9680
vn 0.0952 -0.2323 -0.9680
vn 0.2827 -0.2323 -0.9306
vn 0.2823 -0.2322 -0.9308
vn -0.0974 -0.0972 -0.9905
vn 0.9680 -0.2323 -0.0953
vn 0.9679 -0.2322 -0.0963
vn 0.9679 -0.2323 0.0962
vn 0.9680 -0.2322 0.0953
vn 0.0777 -0.9949 -0.0638
vn 0.9308 -0.2323 0.2823
vn 0.9309 -0.2323 0.2819
vn -0.0975 -0.0974 -0.9905
vn 0.8576 -0.2322 0.4588
vn 0.8577 -0.2323 0.4586
vn 0.7519 -0.2323 0.6170
vn 0.0886 -0.9949 -0.0474
vn 0.7522 -0.2322 0.6167
vn 0.6167 -0.2323 0.7522
vn 0.6170 -0.2322 0.7519
vn -0.8815 0.0000 0.4722
vn -0.0953 -0.2322 0.9680
vn -0.2827 -0.2323 0.9306
vn -0.2823 -0.2322 0.9308
vn -0.2823 -0.2323 0.9308
vn 0.0975 0.0974 -0.9905
vn -0.4588 -0.2323 0.8576
vn -0.4582 -0.2322 0.8580
vn 0.0975 -0.0972 -0.9905
vn -0.6175 -0.2323 0.7515
vn -0.6170 -0.2322 0.7520
vn 0.0887 -0.9949 -0.0474
vn 0.0974 0.0972 -0.9905
vn -0.7519 -0.2323 0.6170
vn 0.0940 0.2899 -0.9524
vn -0.8578 -0.2323 0.4584
vn 0.0937 0.2885 -0.9529
vn -0.8577 -0.2323 0.4586
vn -0.9308 -0.2323 0.2823
vn -0.9307 -0.2322 0.2827
vn -0.9680 -0.2322 0.0952
vn -0.9680 -0.2322 0.0953
vn 0.0941 -0.2885 -0.9528
vn -0.9680 -0.2322 -0.0953
vn 0.0937 -0.2899 -0.9525
vn 0.4586 -0.2322 0.8577
vn -0.9570 0.0001 0.2900
vn 0.4588 -0.2322 0.8576
vn 0.0974 -0.0974 -0.9905
vn 0.2823 -0.2323 0.9308
vn 0.2828 -0.2322 0.9307
vn 0.0952 -0.2322 0.9680
vn 0.0953 -0.2322 0.9680
vn 0.0958 -0.9950 -0.0294
vn -0.0960 -0.9950 0.0291
vn -0.2787 -0.9566 0.0846
vn -0.2570 -0.9566 0.1373
vn -0.2784 -0.9567 0.0846
vn 0.1847 0.7718 -0.6085
vn 0.1847 0.7714 -0.6089
vn 0.1373 0.8810 -0.4528
vn -0.2568 -0.9567 0.1372
vn 0.1373 0.8809 -0.4529
vn 0.0844 0.9567 -0.2784
vn 0.6273 0.1516 -0.7639
vn 0.0760 0.6313 -0.7718
vn 0.6270 0.1510 -0.7642
vn 0.0624 0.7718 -0.6328
vn 0.7641 0.1509 -0.6272
vn 0.0473 -0.9950 -0.0885
vn 0.0635 -0.9950 -0.0777
vn 0.5948 0.6390 -0.4878
vn 0.0637 -0.9950 -0.0776
vn 0.4713 -0.0002 -0.8820
vn 0.4652 0.0000 -0.8852
vn 0.4714 0.0001 -0.8819
vn -0.0285 0.9951 0.0941
vn -0.0279 0.9953 0.0926
vn -0.0285 0.9952 0.0941
vn -0.0464 0.9951 0.0868
vn 0.0637 -0.9949 -0.0776
vn 0.2909 0.7871 -0.5440
vn 0.4713 -0.0000 -0.8820
vn 0.4717 0.0000 -0.8817
vn -0.0464 0.9952 0.0867
vn 0.0286 0.9951 -0.0943
vn -0.0632 0.9952 0.0752
vn 0.4657 0.1516 -0.8718
vn 0.1371 0.9568 -0.2565
vn -0.1845 -0.9568 0.2249
vn -0.4176 -0.8808 0.2231
vn 0.1790 0.7871 -0.5903
vn 0.0845 0.9568 -0.2782
vn 0.2233 0.6388 -0.7362
vn 0.0286 0.9951 -0.0942
vn 0.2233 0.6388 -0.7363
vn 0.2626 0.4266 -0.8655
vn 0.2626 0.4265 -0.8655
vn -0.2251 -0.9566 0.1848
vn 0.0933 0.0000 -0.9956
vn 0.0981 0.0000 -0.9952
vn -0.2247 -0.9568 0.1846
vn 0.2900 -0.0001 -0.9570
vn -0.3660 -0.8808 0.3003
vn 0.3627 0.6392 -0.6782
vn 0.3625 0.6388 -0.6786
vn -0.3658 -0.8809 0.3002
vn -0.4919 -0.7715 0.4035
vn 0.4262 0.4264 -0.7978
vn 0.4262 0.4264 -0.7979
vn -0.0097 0.9952 0.0978
vn 0.3913 0.7871 -0.4768
vn -0.0568 0.9932 0.1017
vn 0.4879 0.6391 -0.5945
vn -0.4917 -0.7717 0.4034
vn 0.5738 0.4266 -0.6991
vn 0.4879 0.6391 -0.5946
vn 0.5737 0.4264 -0.6993
vn 0.2870 0.1518 -0.9458
vn 0.2869 0.1516 -0.9459
vn 0.4659 0.1518 -0.8717
vn 0.2892 0.0985 -0.9522
vn -0.1844 -0.9568 0.2248
vn 0.5904 0.7870 -0.1791
vn 0.3652 0.6322 -0.6834
vn 0.2251 0.6321 -0.7414
vn 0.7643 0.1511 -0.6269
vn 0.8717 0.1508 -0.4662
vn 0.9460 0.1509 -0.2869
vn 0.2889 0.0971 -0.9524
vn 0.2781 0.2900 -0.9157
vn 0.2779 0.2885 -0.9163
vn 0.2561 0.4705 -0.8444
vn 0.2561 0.4704 -0.8445
vn 0.4768 0.7871 -0.3914
vn 0.2251 0.6314 -0.7421
vn 0.0637 -0.9949 -0.0778
vn 0.5947 0.6388 -0.4881
vn -0.0638 -0.9949 0.0777
vn 0.6993 0.4268 -0.5735
vn -0.0474 -0.9949 0.0886
vn 0.2888 -0.0985 -0.9523
vn -0.0473 -0.9950 0.0885
vn 0.6992 0.4266 -0.5736
vn 0.0776 -0.9949 -0.0637
vn 0.5441 0.7871 -0.2906
vn 0.5442 0.7870 -0.2908
vn 0.6784 0.6392 -0.3623
vn -0.0777 -0.9949 0.0638
vn 0.6785 0.6388 -0.3628
vn 0.7975 0.4267 -0.4265
vn -0.0885 -0.9950 0.0473
vn 0.7359 0.6392 -0.2233
vn -0.0776 -0.9950 0.0637
vn 0.1374 -0.8809 -0.4529
vn 0.1373 -0.8810 -0.4528
vn 0.7359 0.6392 -0.2234
vn 0.8655 0.4267 -0.2625
vn -0.6090 0.7714 0.1846
vn 0.8655 0.4264 -0.2627
vn 0.7653 0.6393 -0.0751
vn -0.5611 0.7714 0.3001
vn -0.6094 0.7710 0.1850
vn -0.4523 0.8812 0.1373
vn 0.8718 0.1512 -0.4659
vn -0.4527 0.8810 0.1376
vn 0.9460 0.1508 -0.2869
vn -0.5609 0.7716 0.2999
vn -0.9524 0.0976 0.2887
vn 0.2200 0.8845 -0.4114
vn 0.1849 -0.7714 -0.6089
vn 0.1846 -0.7718 -0.6085
vn -0.9524 0.0971 0.2889
vn 0.2198 0.8844 -0.4118
vn -0.9159 0.2898 0.2777
vn 0.2961 0.8844 -0.3608
vn -0.8443 0.2895 0.4510
vn 0.2561 -0.4705 -0.8444
vn -0.8445 0.4704 0.2561
vn -0.8449 0.4694 0.2565
vn -0.7415 0.6321 0.2249
vn 0.3608 0.8844 -0.2962
vn 0.4768 0.7871 -0.3913
vn -0.8777 0.0979 0.4691
vn 0.1530 0.9457 -0.2867
vn 0.1533 0.9458 -0.2863
vn 0.2060 0.9458 -0.2510
vn -0.8777 0.0974 0.4692
vn 0.2059 0.9457 -0.2514
vn -0.8444 0.2885 0.4514
vn -0.7785 0.4702 0.4159
vn 0.2511 0.9458 -0.2061
vn 0.2253 -0.6314 -0.7420
vn -0.7786 0.4696 0.4161
vn -0.6831 0.6325 0.3651
vn 0.3608 0.8844 -0.2961
vn 0.2249 -0.6321 -0.7415
vn -0.6833 0.6322 0.3653
vn 0.2865 0.9458 -0.1531
vn 0.2561 -0.4704 -0.8445
vn -0.8778 -0.0974 0.4691
vn 0.4117 0.8844 -0.2200
vn 0.2782 -0.2885 -0.9162
vn 0.2777 -0.2900 -0.9158
vn 0.2892 -0.0971 -0.9523
vn 0.0968 0.1512 -0.9837
vn 0.0458 0.8844 -0.4644
vn 0.0286 -0.9567 -0.2896
vn -0.4527 -0.8810 0.1374
vn 0.0605 0.7871 -0.6138
vn -0.4522 -0.8812 0.1374
vn 0.0978 0.0000 -0.9952
vn -0.6094 -0.7710 0.1848
vn -0.6089 -0.7714 0.1848
vn -0.7415 -0.6321 0.2248
vn -0.1790 0.7871 -0.5903
vn -0.6834 -0.6322 0.3652
vn 0.2902 0.0000 -0.9570
vn 0.0867 -0.4705 -0.8781
vn -0.7414 -0.6323 0.2249
vn -0.8450 -0.4694 0.2563
vn -0.0458 0.8843 -0.4646
vn 0.0971 0.1517 -0.9836
vn -0.8820 0.0000 0.4712
vn -0.7730 0.0000 0.6344
vn -0.2870 0.1516 -0.9459
vn -0.0968 0.1517 -0.9837
vn -0.9525 -0.0971 0.2887
vn -0.0971 0.1512 -0.9837
vn -0.4169 -0.8812 0.2230
vn 0.0605 0.7872 -0.6138
vn 0.7730 0.0000 -0.6343
vn -0.5612 -0.7714 0.3000
vn 0.0755 0.6389 -0.7656
vn -0.5609 -0.7716 0.3000
vn -0.0605 0.7872 -0.6138
vn 0.4709 0.0000 -0.8822
vn 0.4713 0.0001 -0.8820
vn -0.6831 -0.6325 0.3652
vn 0.0756 0.6390 -0.7655
vn 0.6343 0.0002 -0.7731
vn 0.0889 0.4265 -0.9001
vn 0.9570 0.0000 -0.2902
vn -0.7787 -0.4696 0.4160
vn -0.7731 0.0000 -0.6343
vn -0.7784 -0.4702 0.4160
vn -0.8445 -0.2885 0.4512
vn -0.8441 -0.2895 0.4512
vn -0.9570 0.0000 -0.2902
vn -0.8777 -0.0979 0.4692
vn -0.0639 -0.9949 0.0778
vn -0.6821 -0.4703 0.5600
vn -0.0605 0.7871 -0.6138
vn -0.0755 0.6390 -0.7655
vn -0.7400 -0.2885 0.6075
vn -0.0756 0.6389 -0.7656
vn -0.0889 0.4265 -0.9001
vn -0.7400 -0.2886 0.6075
vn -0.7692 -0.0976 0.6315
vn -0.7691 -0.0980 0.6315
vn -0.7730 0.0000 -0.6343
vn -0.4917 0.6319 0.5991
vn 0.4714 0.0000 0.8819
vn -0.4037 0.7716 0.4917
vn -0.6344 0.0000 -0.7730
vn 0.1371 -0.9567 -0.2566
vn -0.2909 0.7871 -0.5440
vn -0.4039 0.7712 0.4921
vn -0.3000 0.8812 0.3654
vn 0.1371 -0.9568 -0.2565
vn -0.1845 0.9568 0.2248
vn 0.2230 -0.8810 -0.4173
vn -0.1845 0.9568 0.2249
vn 0.2227 -0.8812 -0.4170
vn 0.2998 -0.7714 -0.5613
vn -0.2902 0.0000 -0.9570
vn 0.0845 -0.9567 -0.2784
vn -0.2999 0.7714 0.5612
vn -0.0979 0.0000 -0.9952
vn 0.0844 -0.9568 -0.2782
vn -0.2999 0.7712 0.5615
vn -0.2228 0.8812 0.4169
vn -0.2229 0.8810 0.4173
vn -0.1373 0.9567 0.2565
vn 0.0914 0.0000 -0.9958
vn -0.1373 0.9566 0.2569
vn 0.2907 0.0000 -0.9568
vn -0.0464 0.9951 0.0869
vn -0.0098 -0.9950 0.0998
vn 0.4711 0.0000 -0.8821
vn -0.0311 -0.9936 0.1085
vn -0.4690 0.0982 0.8777
vn -0.4879 0.6391 -0.5945
vn -0.4691 -0.0979 0.8777
vn 0.6347 0.0000 -0.7728
vn -0.0292 -0.9949 0.0961
vn -0.6073 0.2900 0.7397
vn -0.5737 0.4266 -0.6992
vn -0.4690 0.0979 0.8778
vn 0.7731 0.0000 -0.6342
vn -0.5739 0.4264 -0.6992
vn -0.6072 0.2889 0.7401
vn -0.5601 0.4694 0.6827
vn -0.3623 0.6392 -0.6784
vn -0.3628 0.6388 -0.6785
vn 0.4713 -0.0001 -0.8820
vn 0.4730 0.0000 -0.8811
vn -0.4261 0.4264 -0.7978
vn 0.8816 0.0000 -0.4719
vn -0.4262 0.4264 -0.7978
vn -0.2232 0.6388 -0.7362
vn -0.2233 0.6388 -0.7363
vn -0.2625 0.4266 -0.8655
vn -0.8816 0.0000 -0.4719
vn 0.0292 -0.9949 -0.0962
vn -0.2626 0.4265 -0.8655
vn -0.7731 0.0000 -0.6342
vn -0.4513 0.2901 0.8439
vn -0.4657 0.1518 -0.8718
vn -0.0286 -0.9952 0.0936
vn -0.4659 0.1516 -0.8718
vn -0.4512 0.2888 0.8444
vn -0.2869 0.1518 -0.9459
vn -0.4165 0.4694 0.7785
vn 0.0187 0.9814 -0.1910
vn 0.0316 0.9458 -0.3233
vn 0.0474 -0.9949 -0.0887
vn -0.4165 0.4689 0.7789
vn -0.6347 0.0000 -0.7728
vn -0.3651 0.6332 0.6824
vn -0.0316 0.9458 -0.3233
vn -0.0637 -0.9950 0.0776
vn -0.3652 0.6320 0.6835
vn -0.2892 0.0985 0.9522
vn -0.4711 0.0000 -0.8821
vn -0.2889 0.0971 0.9524
vn 0.0454 0.8843 -0.4647
vn -0.2781 0.2900 0.9157
vn -0.2907 0.0000 -0.9568
vn 0.0945 0.9458 -0.3108
vn -0.2779 0.2885 0.9163
vn 0.1358 0.8845 -0.4463
vn -0.0978 0.0000 -0.9952
vn 0.1354 0.8844 -0.4467
vn -0.2888 -0.0985 0.9523
vn -0.7692 0.0980 0.6315
vn -0.0624 0.7715 -0.6331
vn -0.0464 0.8810 -0.4708
vn -0.7692 0.0976 0.6316
vn -0.7400 0.2886 0.6075
vn -0.7400 0.2885 0.6076
vn -0.0465 0.8809 -0.4710
vn -0.6821 0.4704 0.5599
vn -0.0286 0.9567 -0.2896
vn -0.6821 0.4702 0.5600
vn -0.5992 0.6317 0.4919
vn -0.0286 0.9567 -0.2897
vn -0.6315 0.0980 0.7691
vn -0.6315 0.0976 0.7692
vn -0.5600 0.4700 0.6823
vn -0.0845 0.9567 -0.2784
vn -0.1354 0.8845 -0.4465
vn -0.4916 0.6321 0.5989
vn -0.1359 0.8843 -0.4466
vn -0.6316 -0.0976 0.7692
vn -0.0454 0.8845 -0.4644
vn 0.0623 0.7715 -0.6331
vn 0.0465 0.8810 -0.4708
vn 0.0557 0.9814 -0.1836
vn 0.0465 0.8809 -0.4710
vn 0.0944 0.9457 -0.3109
vn 0.0286 0.9567 -0.2896
vn 0.0243 0.9980 -0.0588
vn 0.0872 0.9828 -0.1629
vn 0.0286 0.9567 -0.2897
vn -0.3004 -0.8809 0.3658
vn 0.0745 0.9809 -0.1799
vn 0.1216 0.9814 -0.1485
vn -0.2999 -0.8812 0.3655
vn -0.0764 0.6313 -0.7717
vn -0.0623 0.7718 -0.6328
vn 0.1428 0.9828 -0.1172
vn -0.2253 0.6314 -0.7420
vn -0.1846 0.7718 -0.6085
vn -0.1849 0.7714 -0.6089
vn -0.1373 0.8810 -0.4528
vn -0.1374 0.8809 -0.4529
vn -0.0844 0.9568 -0.2782
vn -0.6315 -0.0980 0.7692
vn -0.2057 0.9458 -0.2512
vn -0.1375 -0.9566 0.2569
vn -0.2061 0.9458 -0.2511
vn -0.0906 0.9814 -0.1692
vn -0.1371 -0.9567 0.2566
vn -0.1529 0.9458 -0.2865
vn -0.2230 -0.8810 0.4173
vn -0.1534 0.9457 -0.2865
vn -0.2227 -0.8812 0.4170
vn -0.4716 0.0000 -0.8818
vn -0.3000 -0.7712 0.5614
vn -0.0537 0.9828 -0.1768
vn -0.0944 0.9458 -0.3108
vn -0.2998 -0.7714 0.5613
vn -0.0946 0.9457 -0.3108
vn -0.0744 0.9809 -0.1798
vn 0.0000 0.9980 -0.0636
vn -0.3656 -0.6320 0.6833
vn 0.0000 0.9823 -0.1874
vn -0.0096 0.9952 -0.0979
vn -0.0187 0.9814 -0.1910
vn -0.0097 0.9951 -0.0980
vn -0.3647 -0.6332 0.6826
vn -0.4167 -0.4689 0.7788
vn 0.0096 0.9951 -0.0980
vn -0.0096 0.9952 0.0979
vn 0.0097 0.9952 0.0979
vn -0.4117 0.8844 -0.2200
vn -0.4164 -0.4694 0.7786
vn -0.4515 -0.2888 0.8443
vn -0.0933 0.0000 -0.9956
vn -0.4510 -0.2901 0.8441
vn -0.4690 -0.0982 0.8777
vn 0.0518 0.9943 0.0932
vn -0.5441 0.7871 -0.2907
vn -0.2892 -0.0971 0.9523
vn 0.0096 0.9952 0.0978
vn -0.5993 -0.6317 0.4917
vn -0.2511 0.9458 -0.2061
vn -0.5988 -0.6323 0.4916
vn -0.3608 0.8844 -0.2962
vn 0.0097 0.9952 -0.0979
vn -0.6821 -0.4702 0.5600
vn -0.3609 0.8844 -0.2961
vn -0.0286 0.9951 -0.0942
vn -0.8822 0.0000 0.4708
vn -0.0286 0.9951 -0.0943
vn -0.2961 0.8844 -0.3608
vn -0.7727 0.0000 0.6347
vn -0.4040 -0.7712 0.4920
vn -0.4660 0.0000 -0.8848
vn -0.4713 -0.0001 -0.8820
vn -0.4036 -0.7716 0.4918
vn -0.3913 0.7871 -0.4768
vn 0.0464 0.9951 0.0868
vn -0.6347 0.0000 0.7727
vn -0.2197 0.8845 -0.4116
vn -0.2201 0.8844 -0.4116
vn -0.4917 -0.6319 0.5991
vn 0.0285 0.9951 0.0945
vn 0.0286 0.9951 0.0941
vn -0.4916 -0.6321 0.5990
vn -0.5602 -0.4693 0.6825
vn -0.5599 -0.4700 0.6824
vn -0.4767 0.7871 -0.3913
vn -0.6075 -0.2889 0.7400
vn -0.4768 0.7871 -0.3913
vn -0.6070 -0.2900 0.7399
vn -0.1371 0.9568 -0.2565
vn -0.5946 0.6390 -0.4880
vn -0.1371 0.9567 -0.2566
vn -0.0464 0.9951 -0.0869
vn 0.9850 0.0000 0.1726
vn -0.0937 0.2899 -0.9525
vn -0.9460 0.1509 -0.2869
vn -0.9460 0.1508 -0.2869
vn -0.0941 0.2885 -0.9528
vn 0.4540 0.0000 -0.8910
vn -0.0867 0.4705 -0.8781
vn -0.8717 0.1512 -0.4662
vn -0.2777 0.2900 -0.9158
vn -0.8719 0.1508 -0.4659
vn -0.7642 0.1511 -0.6271
vn -0.0870 0.4698 -0.8785
vn -0.7643 0.1509 -0.6270
vn -0.0759 0.6325 -0.7708
vn -0.6270 0.1516 -0.7642
vn -0.6273 0.1510 -0.7640
vn -0.2888 0.0985 -0.9523
vn -0.2892 0.0971 -0.9523
vn -0.8910 0.0000 -0.4540
vn -0.2782 0.2885 -0.9162
vn -0.7359 0.6392 -0.2233
vn -0.2561 0.4705 -0.8444
vn -0.8654 0.4267 -0.2627
vn -0.4164 0.4694 -0.7786
vn -0.2561 0.4704 -0.8445
vn -0.8656 0.4264 -0.2625
vn -0.2249 0.6321 -0.7415
vn -0.5442 0.7870 -0.2907
vn -0.6782 0.6392 -0.3627
vn -0.6787 0.6388 -0.3625
vn -0.7975 0.4267 -0.4265
vn -0.5949 0.6388 -0.4879
vn -0.6992 0.4268 -0.5736
vn -0.6993 0.4266 -0.5735
vn 0.9838 0.1512 -0.0966
vn -0.4515 0.2888 -0.8443
vn 0.9838 0.1510 -0.0968
vn 0.9837 0.1512 0.0968
vn 0.9838 0.1510 0.0967
vn -0.4160 0.4703 -0.7783
vn -0.3652 0.6322 -0.6834
vn -0.3653 0.6320 -0.6835
vn 0.0869 0.4705 -0.8781
vn 0.9002 0.4264 -0.0884
vn 0.0867 0.4698 -0.8785
vn 0.0763 0.6325 -0.7708
vn 0.8291 0.0000 -0.5592
vn -0.0867 -0.4698 -0.8785
vn 0.4465 0.8845 -0.1353
vn 0.0764 -0.6313 -0.7717
vn 0.4466 0.8844 -0.1356
vn 0.5904 0.7869 -0.1793
vn 0.0870 -0.4698 -0.8785
vn 0.4644 0.8845 -0.0454
vn 0.4646 0.8843 -0.0459
vn -0.0286 -0.9567 -0.2897
vn -0.0885 0.0000 -0.9961
vn -0.0286 -0.9567 -0.2896
vn 0.1875 0.0000 -0.9823
vn -0.0019 0.0000 -1.0000
vn 0.4644 0.8845 0.0458
vn 0.3411 0.0000 -0.9400
vn -0.0465 -0.8809 -0.4710
vn 0.2743 0.0000 -0.9616
vn 0.4646 0.8843 0.0455
vn -0.0465 -0.8810 -0.4708
vn -0.0535 0.0000 -0.9986
vn 0.8654 0.0000 -0.5011
vn 0.6142 0.7869 0.0601
vn 0.4467 0.8844 0.1355
vn -0.0763 -0.6325 -0.7708
vn -0.5011 0.0000 0.8654
vn 0.5435 0.0000 0.8394
vn -0.0844 -0.9567 -0.2784
vn 0.6138 0.7872 -0.0600
vn -0.1373 -0.8809 -0.4529
vn 0.7062 0.0000 -0.7081
vn -0.1373 -0.8810 -0.4528
vn 0.6141 0.7869 -0.0605
vn 0.7655 0.6390 -0.0755
vn 0.0099 -0.9949 -0.1000
vn 0.9002 0.4265 -0.0884
vn 0.6138 0.7872 0.0605
vn 0.0286 -0.9567 -0.2897
vn 0.7653 0.6393 0.0755
vn 0.0465 -0.8809 -0.4710
vn 0.7655 0.6390 0.0752
vn 0.9002 0.4265 0.0885
vn 0.0464 -0.8810 -0.4708
vn 0.9002 0.4264 0.0884
vn 0.2406 0.0000 0.9706
vn 0.0624 -0.7715 -0.6331
vn 0.0623 -0.7718 -0.6328
vn 0.0759 -0.6325 -0.7708
vn 0.1726 0.0000 0.9850
vn 0.4867 0.0000 0.8736
vn 0.3178 0.0000 0.9482
vn -0.0869 -0.4705 -0.8781
vn 0.2557 0.0000 -0.9668
vn 0.2530 0.0000 0.9675
vn -0.0940 -0.2899 -0.9524
vn 0.1376 0.9809 -0.1374
vn 0.1692 0.9814 -0.0905
vn 0.2865 0.9458 -0.1532
vn -0.2561 -0.4704 -0.8445
vn 0.5724 0.0000 0.8200
vn 0.1768 0.9828 -0.0534
vn -0.2561 -0.4705 -0.8444
vn -0.2779 -0.2885 -0.9163
vn 0.1798 0.9809 -0.0747
vn 0.3109 0.9458 -0.0940
vn 0.3109 0.9457 -0.0942
vn -0.3916 0.0000 -0.9201
vn 0.4716 0.0000 -0.8818
vn -0.2781 -0.2900 -0.9157
vn -0.3273 0.0000 -0.9449
vn 0.1910 0.9814 -0.0189
vn 0.3232 0.9458 -0.0319
vn 0.7541 0.0000 0.6567
vn 0.3233 0.9458 -0.0320
vn 0.1839 0.9828 0.0182
vn 0.1947 0.9809 0.0000
vn -0.4162 -0.4703 -0.7782
vn 0.7732 0.0000 -0.6341
vn -0.0623 -0.7715 -0.6331
vn -0.0624 -0.7718 -0.6328
vn -0.0760 -0.6313 -0.7718
vn 0.1629 0.9828 0.0871
vn 0.1797 0.9809 0.0745
vn -0.0845 -0.9568 -0.2782
vn 0.3232 0.9458 0.0321
vn 0.3233 0.9458 0.0319
vn -0.2228 -0.8812 -0.4169
vn 0.1837 0.9814 0.0555
vn 0.3108 0.9458 0.0943
vn -0.1847 -0.7714 -0.6089
vn 0.3110 0.9457 0.0940
vn -0.1847 -0.7718 -0.6085
vn 0.2864 0.9458 0.1532
vn -0.2251 -0.6314 -0.7421
vn -0.2251 -0.6321 -0.7414
vn -0.2229 -0.8810 -0.4173
vn 0.2865 0.9458 0.1531
vn 0.1483 0.9814 0.1217
vn -0.2999 -0.7714 -0.5612
vn 0.1172 0.9828 0.1428
vn -0.3652 -0.6322 -0.6834
vn -0.6342 0.0000 -0.7731
vn 0.4465 0.8844 0.1356
vn 0.9340 0.0000 0.3572
vn 0.4117 0.8844 0.2200
vn 0.8005 0.0000 0.5993
vn 0.8995 0.0000 0.4369
vn -0.0099 -0.9949 0.0999
vn 0.7437 0.0000 0.6685
vn 0.0311 -0.9936 0.1085
vn 0.9210 0.0000 0.3895
vn 0.0099 -0.9950 0.0998
vn -0.4213 0.0000 0.9069
vn 0.5902 0.7871 0.1792
vn 0.2910 0.0000 0.9567
vn -0.7538 0.0000 -0.6571
vn 0.5905 0.7869 0.1790
vn 0.7359 0.6392 0.2233
vn -0.6145 0.0000 -0.7889
vn 0.4708 0.0000 0.8822
vn 0.4709 0.0000 0.8822
vn 0.0098 -0.9949 -0.0999
vn 0.7361 0.6390 0.2232
vn -0.9927 0.0000 0.1209
vn 0.8654 0.4267 0.2627
vn 0.8656 0.4264 0.2625
vn 0.6347 0.0000 0.7727
vn 0.5440 0.7871 0.2907
vn 0.6784 0.6390 0.3626
vn 0.5441 0.7871 0.2907
vn 0.0473 -0.9949 0.0886
vn 0.7975 0.4267 0.4265
vn 0.7978 0.4264 0.4263
vn -0.2406 0.0000 0.9706
vn 0.4768 0.7871 0.3913
vn 0.5946 0.6391 0.4880
vn 0.0292 -0.9950 0.0955
vn 0.0291 -0.9949 0.0961
vn 0.5946 0.6390 0.4880
vn -0.4838 0.0000 0.8752
vn 0.4880 0.6391 0.5945
vn 0.9460 0.1511 0.2869
vn -0.1371 -0.9568 -0.2565
vn 0.8716 0.1516 0.4661
vn 0.8718 0.1512 0.4659
vn 0.3265 0.0000 0.9452
vn 0.7639 0.1516 0.6273
vn -0.4708 0.0000 0.8822
vn 0.1401 0.0000 0.9901
vn -0.2913 0.0000 0.9566
vn -0.0914 0.0000 -0.9958
vn 0.2511 0.9458 0.2061
vn 0.8576 0.0000 0.5144
vn 0.3608 0.8844 0.2962
vn 0.3609 0.8843 0.2961
vn 0.4767 0.7871 0.3913
vn -0.9780 0.0000 -0.2088
vn 0.6956 0.0000 0.7185
vn -0.9609 0.0000 -0.2768
vn 0.2061 0.9458 0.2511
vn -0.0292 -0.9949 -0.0962
vn -0.9985 0.0000 0.0541
vn -0.9915 0.0000 -0.1302
vn 0.0098 -0.9949 0.0999
vn 0.7567 0.0000 0.6538
vn -0.9804 0.0000 -0.1970
vn -0.0098 -0.9949 -0.1000
vn 0.1532 0.9458 0.2865
vn -0.0099 -0.9949 -0.0999
vn -0.2998 0.7714 -0.5613
vn -0.3000 0.7712 -0.5614
vn 0.2961 0.8844 0.3608
vn 0.1530 0.9458 0.2865
vn 0.2201 0.8844 0.4116
vn 0.2202 0.8844 0.4116
vn -0.2227 0.8812 -0.4170
vn -0.2230 0.8810 -0.4173
vn -0.6679 0.0000 0.7443
vn 0.1354 0.8844 0.4467
vn -0.6149 0.0000 0.7886
vn -0.8654 0.0000 0.5011
vn 0.3913 0.7871 0.4768
vn 0.4879 0.6391 0.5945
vn -0.4713 0.0001 -0.8820
vn 0.7643 0.1509 0.6270
vn -0.9741 0.0000 0.2260
vn 0.6270 0.1516 0.7642
vn 0.6273 0.1510 0.7640
vn -0.8474 0.0000 0.5310
vn 0.6991 0.4266 0.5738
vn -0.4714 -0.0001 -0.8819
vn -0.4713 0.0000 -0.8819
vn 0.6993 0.4264 0.5737
vn 0.0624 0.9952 0.0760
vn 0.0623 0.9952 0.0758
vn 0.5737 0.4266 0.6992
vn 0.2909 0.7871 0.5440
vn -0.4916 0.6321 -0.5990
vn -0.4036 0.7716 -0.4918
vn -0.4040 0.7712 -0.4920
vn -0.2999 0.8812 -0.3655
vn 0.9987 0.0000 -0.0516
vn -0.1845 0.9568 -0.2249
vn -0.0625 0.9951 -0.0761
vn 0.4705 0.0000 -0.8824
vn -0.5011 0.0000 -0.8654
vn -0.4919 0.7715 -0.4035
vn 0.5739 0.4264 0.6992
vn -0.3004 0.8809 -0.3658
vn 0.3627 0.6392 0.6782
vn 0.4262 0.4264 0.7978
vn 0.4267 0.4259 0.7979
vn -0.3658 0.8809 -0.3002
vn 0.1790 0.7871 0.5903
vn 0.2229 0.6391 0.7361
vn 0.2232 0.6389 0.7362
vn 0.2621 0.4266 0.8656
vn 0.9706 0.0000 -0.2406
vn 0.2627 0.4259 0.8658
vn -0.8916 0.0000 -0.4528
vn -0.4690 0.0982 -0.8777
vn -0.4691 0.0979 -0.8777
vn 0.0889 0.4265 0.9001
vn -0.2889 -0.0971 -0.9524
vn 0.4657 0.1518 0.8718
vn -0.9133 0.0000 0.4073
vn 0.4659 0.1516 0.8718
vn 0.2869 0.1518 0.9459
vn 0.2870 0.1516 0.9459
vn 0.7321 0.0000 -0.6812
vn -0.4510 0.2901 -0.8441
vn 0.0450 0.9980 -0.0449
vn 0.0588 0.9980 -0.0244
vn 0.0636 0.9980 0.0000
vn 0.6755 0.0000 -0.7374
vn 0.0588 0.9980 0.0244
vn -0.9696 0.0000 0.2448
vn 0.0414 0.9979 0.0504
vn 0.0124 0.9980 0.0624
vn 0.7238 0.0000 -0.6900
vn 0.7239 0.0000 -0.6900
vn -0.0636 0.9980 0.0000
vn -0.6315 0.0980 -0.7692
vn 0.4393 0.0000 -0.8983
vn -0.0588 0.9980 -0.0244
vn -0.1796 0.9809 -0.0746
vn -0.1483 0.9814 -0.1217
vn -0.0450 0.9980 -0.0449
vn 0.1401 0.0000 -0.9901
vn -0.5602 0.4693 -0.6825
vn -0.1170 0.9828 -0.1429
vn -0.1378 0.9809 -0.1375
vn 0.0985 0.0000 -0.9951
vn 0.2087 0.0000 -0.9780
vn -0.0243 0.9980 -0.0588
vn -0.4917 0.6319 -0.5991
vn 0.4710 0.0000 -0.8821
vn -0.6316 0.0976 -0.7692
vn -0.6070 0.2900 -0.7399
vn -0.2419 0.0000 0.9703
vn -0.6075 0.2889 -0.7400
vn 0.0381 0.9809 0.1908
vn 0.6348 0.0000 -0.7727
vn -0.5599 0.4700 -0.6824
vn -0.0189 0.9979 0.0624
vn -0.0450 0.9980 0.0450
vn -0.0588 0.9980 0.0244
vn -0.7400 0.2886 -0.6075
vn -0.1798 0.9809 0.0746
vn -0.6821 0.4703 -0.5600
vn 0.8817 0.0000 -0.4719
vn -0.5993 0.6317 -0.4917
vn -0.1839 0.9828 -0.0182
vn -0.3232 0.9458 -0.0320
vn -0.1947 0.9809 0.0000
vn 0.8988 0.0000 0.4384
vn -0.3233 0.9458 -0.0319
vn -0.2892 -0.0985 -0.9522
vn -0.2999 -0.7712 -0.5615
vn -0.7727 0.0000 -0.6348
vn -0.1837 0.9814 -0.0555
vn -0.3109 0.9458 -0.0942
vn -0.3110 0.9457 -0.0940
vn -0.6348 0.0000 -0.7727
vn -0.3652 -0.6320 -0.6835
vn -0.4465 0.8845 -0.1356
vn -0.4468 0.8844 -0.1354
vn -0.1629 0.9828 -0.0871
vn -0.4162 -0.4694 -0.7787
vn -0.2864 0.9458 -0.1532
vn -0.2865 0.9458 -0.1531
vn -0.4713 0.0000 -0.8820
vn -0.5601 -0.4694 -0.6827
vn -0.4512 -0.2888 -0.8444
vn -0.1376 0.9809 0.1376
vn -0.4513 -0.2901 -0.8439
vn -0.0985 0.0000 -0.9951
vn -0.1692 0.9814 0.0905
vn -0.4690 -0.0979 -0.8778
vn 0.0984 0.0000 -0.9951
vn -0.2865 0.9458 0.1532
vn -0.6315 -0.0980 -0.7691
vn -0.4690 -0.0982 -0.8777
vn -0.1768 0.9828 0.0534
vn -0.3109 0.9458 0.0939
vn -0.3109 0.9458 0.0943
vn -0.4466 0.8844 0.1354
vn -0.1910 0.9814 0.0189
vn -0.3232 0.9458 0.0319
vn -0.6315 -0.0976 -0.7692
vn -0.3233 0.9458 0.0321
vn 0.6342 0.0000 -0.7731
vn -0.4730 0.0000 -0.8811
vn 0.0904 0.9814 0.1693
vn 0.0557 0.9814 0.1836
vn -0.0474 -0.9949 -0.0887
vn 0.0182 0.9828 0.1839
vn 0.0320 0.9458 0.3233
vn 0.8820 0.0000 -0.4712
vn -0.1371 -0.9567 -0.2566
vn -0.0189 0.9814 0.1909
vn -0.0537 0.9828 0.1768
vn 0.9567 0.0000 -0.2910
vn -0.0904 0.9814 0.1693
vn -0.3000 -0.8812 -0.3654
vn -0.1531 0.9457 0.2866
vn -0.1217 0.9814 0.1483
vn -0.4039 -0.7712 -0.4921
vn -0.4037 -0.7716 -0.4917
vn -0.8820 0.0000 -0.4712
vn 0.0943 0.9458 0.3108
vn -0.4916 -0.6321 -0.5989
vn 0.0944 0.9458 0.3108
vn -0.5600 -0.4700 -0.6823
vn -0.1845 -0.9568 -0.2249
vn 0.1355 0.8844 0.4467
vn 0.0319 0.9458 0.3232
vn -0.3002 -0.8809 -0.3659
vn 0.0459 0.8843 0.4646
vn -0.0320 0.9458 0.3232
vn -0.0319 0.9458 0.3233
vn -0.0944 0.9458 0.3108
vn -0.4917 -0.6319 -0.5991
vn -0.0943 0.9458 0.3108
vn -0.1355 0.8844 0.4467
vn -0.1532 0.9458 0.2864
vn -0.6072 -0.2889 -0.7401
vn -0.6073 -0.2900 -0.7397
vn -0.2201 0.8844 0.4116
vn 0.0978 0.0000 0.9952
vn -0.4918 -0.7715 -0.4035
vn -0.2061 0.9458 0.2511
vn -0.5992 -0.6317 -0.4919
vn -0.5989 -0.6323 -0.4914
vn -0.2961 0.8844 0.3608
vn -0.6821 -0.4704 -0.5599
vn -0.3913 0.7871 0.4768
vn -0.1428 0.9828 0.1172
vn -0.2511 0.9458 0.2061
vn -0.3608 0.8844 0.2961
vn -0.3608 0.8844 0.2962
vn -0.6343 0.0001 -0.7731
vn -0.4710 0.0000 -0.8821
vn -0.2865 0.9458 0.1531
vn -0.4117 0.8844 0.2200
vn -0.7692 0.0976 -0.6315
vn -0.7694 0.0967 -0.6314
vn 0.9569 0.0000 0.2904
vn -0.7400 0.2885 -0.6075
vn -0.6821 -0.4702 -0.5600
vn -0.7400 -0.2885 -0.6076
vn -0.7400 -0.2886 -0.6075
vn -0.7693 -0.0967 -0.6315
vn -0.7694 -0.0976 -0.6313
vn -0.1844 0.9568 -0.2248
vn -0.4768 0.7871 0.3913
vn -0.5946 0.6391 0.4879
vn -0.5946 0.6390 0.4880
vn -0.4709 0.0000 0.8822
vn -0.4768 0.7871 0.3914
vn -0.7732 0.0000 -0.6341
vn -0.5440 0.7871 0.2908
vn 0.0968 0.1517 0.9837
vn 0.0761 0.9951 0.0624
vn 0.0624 0.9951 0.0771
vn 0.0624 0.9951 0.0761
vn 0.0971 0.1512 0.9837
vn -0.0971 0.1517 0.9836
vn -0.2248 0.9568 -0.1845
vn 0.0975 0.0000 0.9952
vn -0.0968 0.1512 0.9837
vn 0.0458 0.8843 0.4646
vn 0.0605 0.7872 0.6138
vn 0.0762 0.9951 0.0624
vn 0.0605 0.7871 0.6138
vn 0.4712 0.0000 0.8820
vn 0.0755 0.6390 0.7655
vn -0.4917 0.7717 -0.4034
vn 0.0756 0.6389 0.7656
vn -0.0459 0.8843 0.4646
vn -0.3660 0.8808 -0.3003
vn -0.0458 0.8843 0.4646
vn 0.6342 0.0000 0.7731
vn -0.0605 0.7872 0.6138
vn -0.0756 0.6390 0.7655
vn -0.0755 0.6389 0.7656
vn 0.7731 0.0000 0.6342
vn -0.2249 0.9568 -0.1845
vn -0.0605 0.7871 0.6138
vn -0.0760 0.9952 -0.0624
vn -0.2566 0.9567 -0.1371
vn -0.0762 0.9951 -0.0625
vn -0.0889 0.4265 0.9001
vn -0.8830 0.0000 -0.4694
vn -0.8818 0.0001 -0.4716
vn -0.7731 -0.0001 -0.6343
vn 0.0869 0.9951 0.0464
vn -0.1354 0.8844 0.4467
vn 0.0757 0.9951 0.0639
vn -0.5609 0.7716 -0.3000
vn -0.5612 0.7714 -0.3000
vn -0.4169 0.8812 -0.2230
vn -0.2229 0.6389 0.7363
vn -0.4176 0.8808 -0.2231
vn -0.2626 0.4266 0.8655
vn -0.2622 0.4259 0.8659
vn -0.0868 0.9951 -0.0464
vn -0.2870 0.1518 0.9458
vn -0.2567 0.9567 -0.1371
vn -0.2869 0.1516 0.9459
vn -0.0867 0.9952 -0.0464
vn -0.4659 0.1518 0.8717
vn -0.8817 0.0000 0.4719
vn -0.4657 0.1516 0.8718
vn -0.6268 0.1516 0.7643
vn -0.1790 0.7871 0.5903
vn -0.7731 0.0000 0.6342
vn -0.2232 0.6391 0.7360
vn -0.6346 0.0000 0.7728
vn -0.2909 0.7871 0.5440
vn -0.8809 0.0000 -0.4732
vn 0.0943 0.9951 0.0286
vn 0.0939 0.9953 0.0233
vn -0.3627 0.6392 0.6782
vn 0.0868 0.9951 0.0464
vn -0.4712 0.0000 0.8820
vn -0.2786 0.9567 -0.0846
vn -0.4265 0.4264 0.7977
vn -0.4263 0.4259 0.7980
vn -0.0941 0.9952 -0.0286
vn -0.4879 0.6391 0.5945
vn -0.0941 0.9951 -0.0286
vn -0.4879 0.6391 0.5946
vn -0.6821 0.4702 -0.5600
vn -0.0975 0.0000 0.9952
vn -0.5738 0.4266 0.6991
vn -0.5988 0.6323 -0.4916
vn -0.5737 0.4264 0.6993
vn -0.4466 0.8844 0.1356
vn -0.5904 0.7869 0.1793
vn 0.0637 -0.9950 0.0776
vn -0.4644 0.8844 0.0455
vn -0.6138 0.7872 0.0601
vn -0.4646 0.8843 0.0459
vn 0.0637 -0.9949 0.0776
vn -0.0638 -0.9949 -0.0777
vn -0.4643 0.8845 -0.0458
vn -0.4646 0.8843 -0.0455
vn -0.1845 -0.9568 -0.2248
vn -0.6142 0.7869 -0.0601
vn -0.5903 0.7870 -0.1793
vn -0.5905 0.7869 -0.1791
vn 0.2909 0.0000 0.9568
vn 0.0777 -0.9949 0.0637
vn -0.9838 0.1509 -0.0966
vn 0.0776 -0.9950 0.0636
vn -0.8655 0.4264 0.2627
vn -0.2248 -0.9568 -0.1846
vn -0.6141 0.7869 0.0606
vn 0.4710 0.0000 0.8821
vn -0.7653 0.6393 0.0752
vn -0.2566 -0.9567 -0.1371
vn -0.7655 0.6390 0.0755
vn -0.9002 0.4265 0.0884
vn -0.2248 -0.9568 -0.1845
vn -0.9002 0.4264 0.0885
vn -0.3660 -0.8808 -0.3003
vn -0.6138 0.7872 -0.0605
vn -0.7653 0.6393 -0.0754
vn -0.7655 0.6390 -0.0752
vn -0.3659 -0.8809 -0.3001
vn -0.4917 -0.7717 -0.4034
vn -0.9002 0.4265 -0.0884
vn -0.9002 0.4264 -0.0884
vn -0.9836 0.1520 0.0967
vn -0.9837 0.1510 0.0973
vn -0.9836 0.1520 -0.0973
vn -0.7642 0.1516 0.6269
vn -0.7640 0.1509 0.6273
vn -0.8718 0.1516 0.4659
vn -0.8717 0.1511 0.4662
vn -0.9460 0.1511 0.2869
vn -0.4175 -0.8808 -0.2233
vn -0.4170 -0.8812 -0.2228
vn -0.5609 -0.7716 -0.2999
vn -0.6992 0.4264 0.5739
vn -0.5440 0.7871 0.2907
vn 0.8820 0.0000 0.4713
vn -0.6833 -0.6322 -0.3653
vn -0.6784 0.6390 0.3626
vn -0.6831 -0.6325 -0.3651
vn -0.7976 0.4267 0.4263
vn -0.7976 0.4264 0.4266
vn -0.5903 0.7871 0.1790
vn -0.7359 0.6392 0.2231
vn -0.8818 0.0000 -0.4716
vn -0.8828 0.0000 -0.4697
vn -0.7360 0.6390 0.2234
vn 0.0961 -0.9949 0.0291
vn -0.8655 0.4267 0.2625
vn -0.6275 0.1510 0.7638
vn -0.6269 0.1517 0.7642
vn 0.0963 -0.9949 0.0293
vn -0.6992 0.4266 0.5736
vn 0.0886 -0.9949 0.0474
vn 0.0887 -0.9949 0.0474
vn -0.2567 -0.9567 -0.1372
vn -0.0961 -0.9949 -0.0292
vn -0.0960 -0.9950 -0.0291
vn -0.2786 -0.9567 -0.0846
vn -0.4525 -0.8811 -0.1374
vn -0.4523 -0.8812 -0.1373
vn -0.9570 0.0001 -0.2900
vn -0.8818 -0.0001 -0.4716
vn -0.8811 0.0000 -0.4730
vn -0.7731 0.0001 -0.6343
vn -0.7732 0.0000 -0.6342
vn -0.0886 -0.9949 -0.0474
vn -0.0885 -0.9950 -0.0473
vn -0.0776 -0.9950 -0.0636
vn -0.6831 0.6325 -0.3652
vn -0.6834 0.6322 -0.3652
vn -0.2909 0.0000 0.9568
vn 0.4711 0.0000 0.8821
vn 0.6347 0.0000 0.7728
vn 0.7731 0.0000 0.6343
vn 0.9952 0.0000 -0.0978
vn 0.9952 0.0000 0.0979
vn 0.9570 0.0000 0.2902
vn -0.4714 0.0000 -0.8819
vn 0.7733 0.0000 0.6340
vn 0.6340 0.0000 0.7733
vn 0.9952 0.0000 0.0978
vn 0.9571 0.0000 0.2899
vn 0.8816 0.0000 0.4719
vn -0.9569 0.0000 0.2904
vn -0.8824 0.0000 -0.4704
vn 0.9952 0.0000 -0.0977
vn 0.9952 0.0000 0.0977
vn 0.8817 0.0000 0.4719
vn 0.7734 0.0000 0.6340
vn 0.9567 0.0000 0.2910
vn -0.9951 0.0000 -0.0988
vn -0.9951 0.0000 0.0987
vn -0.6346 0.0000 -0.7728
vn -0.8817 0.0000 -0.4719
vn -0.9951 0.0000 -0.0984
vn -0.9951 0.0000 0.0984
vn -0.6340 0.0000 -0.7733
vn -0.8821 0.0000 -0.4710
vn -0.9951 0.0000 -0.0985
vn -0.9951 0.0000 0.0985
vn -0.4719 0.0000 -0.8816
vn -0.7728 0.0000 -0.6347
vn -0.9952 0.0000 -0.0978
vn -0.9568 0.0000 0.2907
vn 0.2902 0.0000 0.9570
vn -0.0979 0.0000 0.9952
vn -0.2902 0.0000 0.9570
vn -0.6340 0.0000 0.7733
vn -0.7733 0.0000 0.6340
vn -0.9570 0.0000 0.2902
vn -0.9952 0.0000 0.0979
vn 0.2900 0.0000 0.9570
vn 0.0985 0.0000 0.9951
vn -0.0985 0.0000 0.9951
vn -0.2900 0.0000 0.9570
vn -0.4711 0.0000 0.8821
vn -0.6347 0.0000 0.7728
vn -0.8816 0.0000 0.4719
vn -0.9571 0.0000 0.2899
vn -0.9952 0.0000 0.0978
vn -0.7727 0.0000 -0.6347
vn 0.6341 0.0000 -0.7732
vn -0.0977 0.0000 -0.9952
vn 0.4716 0.0000 0.8818
vn -0.0978 0.0000 0.9952
vn -0.4719 0.0000 0.8817
vn 0.0984 0.0000 0.9951
vn -0.4716 0.0000 0.8818
vn -0.6342 0.0000 0.7731
vn 0.9951 0.0000 0.0984
vn 0.9951 0.0000 -0.0984
vn 0.4719 0.0000 -0.8817
vn -0.4719 0.0000 -0.8817
vn 0.9568 0.0000 0.2907
vn 0.9568 0.0000 -0.2907
vn 0.8821 0.0000 -0.4710
vn 0.6340 0.0000 -0.7733
vn -0.0984 0.0000 -0.9951
vn 0.9569 0.0000 -0.2905
vn 0.7728 0.0000 -0.6347
vn 0.4717 0.0000 -0.8818
vn 0.2899 0.0000 -0.9571
vn -0.2899 0.0000 -0.9571
vn 0.4918 0.7716 -0.4035
vn 0.3659 0.8809 -0.3001
vn 0.3000 0.8812 -0.3654
vn 0.3002 0.8809 -0.3659
vn 0.4037 0.7716 -0.4917
vn 0.4039 0.7712 -0.4921
vn 0.1845 0.9568 -0.2248
vn 0.1845 0.9568 -0.2249
vn 0.0625 0.9951 -0.0761
vn 0.6343 -0.0002 -0.7731
vn -0.0624 0.9952 0.0760
vn 0.3652 0.6320 -0.6835
vn 0.2999 0.7714 -0.5612
vn 0.2999 0.7712 -0.5615
vn 0.2228 0.8812 -0.4169
vn 0.2229 0.8810 -0.4173
vn 0.1371 0.9567 -0.2566
vn 0.0464 0.9951 -0.0869
vn 0.7694 0.0976 -0.6313
vn 0.7693 0.0967 -0.6315
vn 0.6315 0.0976 -0.7692
vn 0.6821 0.4704 -0.5599
vn 0.6821 0.4702 -0.5600
vn 0.5989 0.6323 -0.4914
vn 0.5992 0.6317 -0.4919
vn 0.7692 -0.0976 -0.6315
vn 0.6315 0.0980 -0.7691
vn 0.4690 0.0979 -0.8778
vn 0.6073 0.2900 -0.7397
vn 0.6072 0.2889 -0.7401
vn 0.5600 0.4700 -0.6823
vn 0.5601 0.4694 -0.6827
vn 0.4916 0.6321 -0.5989
vn 0.4917 0.6319 -0.5991
vn 0.6316 -0.0976 -0.7692
vn 0.6315 -0.0980 -0.7692
vn 0.4690 0.0982 -0.8777
vn 0.4513 0.2901 -0.8439
vn 0.4512 0.2888 -0.8444
vn 0.4162 0.4703 -0.7782
vn 0.4162 0.4694 -0.7787
vn 0.4691 -0.0979 -0.8777
vn 0.5602 -0.4693 -0.6825
vn 0.5599 -0.4700 -0.6824
vn 0.6075 -0.2889 -0.7400
vn 0.6070 -0.2900 -0.7399
vn 0.3000 -0.7712 -0.5614
vn 0.3653 -0.6320 -0.6835
vn 0.3652 -0.6322 -0.6834
vn 0.4164 -0.4694 -0.7786
vn 0.4160 -0.4703 -0.7783
vn 0.4515 -0.2888 -0.8443
vn 0.4510 -0.2901 -0.8441
vn 0.4690 -0.0982 -0.8777
vn 0.3660 -0.8808 -0.3003
vn 0.4919 -0.7715 -0.4035
vn 0.4036 -0.7716 -0.4918
vn 0.4917 -0.6319 -0.5991
vn 0.4916 -0.6321 -0.5990
vn 0.6821 -0.4702 -0.5600
usemtl None
s off
f 1//1 2//1 3//1
f 1//2 4//2 2//2
f 3//3 5//3 6//3
f 3//4 2//4 5//4
f 7//5 8//5 9//5
f 10//6 11//6 12//6
f 10//6 13//6 11//6
f 14//6 11//6 13//6
f 15//5 16//5 17//5
f 18//6 12//6 19//6
f 20//6 18//6 21//6
f 12//6 11//6 19//6
f 22//6 19//6 11//6
f 23//5 24//5 25//5
f 26//6 22//6 27//6
f 26//6 27//6 28//6
f 29//5 30//5 23//5
f 25//5 24//5 31//5
f 32//7 33//7 34//7
f 35//6 21//6 19//6
f 11//6 27//6 22//6
f 32//8 36//8 33//8
f 37//5 38//5 39//5
f 40//5 39//5 38//5
f 41//6 42//6 22//6
f 41//6 22//6 43//6
f 44//5 45//5 46//5
f 47//5 46//5 45//5
f 47//5 45//5 48//5
f 49//5 47//5 50//5
f 48//5 50//5 47//5
f 42//6 51//6 52//6
f 53//6 52//6 51//6
f 54//5 16//5 15//5
f 55//9 56//9 57//9
f 58//6 59//6 60//6
f 55//10 61//10 56//10
f 62//5 38//5 63//5
f 64//5 38//5 62//5
f 37//5 63//5 38//5
f 65//5 47//5 40//5
f 49//5 40//5 47//5
f 38//5 65//5 40//5
f 57//11 56//11 36//11
f 52//6 60//6 59//6
f 66//6 67//6 68//6
f 57//12 36//12 32//12
f 59//6 68//6 67//6
f 69//6 70//6 67//6
f 71//13 72//13 73//13
f 67//6 74//6 59//6
f 75//6 74//6 67//6
f 75//6 67//6 70//6
f 59//6 19//6 52//6
f 73//14 76//14 77//14
f 74//6 19//6 59//6
f 78//6 79//6 80//6
f 74//6 80//6 79//6
f 73//15 72//15 76//15
f 81//5 82//5 83//5
f 84//6 78//6 80//6
f 77//16 76//16 85//16
f 83//5 86//5 87//5
f 88//5 87//5 86//5
f 61//17 89//17 90//17
f 91//6 92//6 79//6
f 61//18 90//18 56//18
f 93//6 94//6 79//6
f 91//6 79//6 95//6
f 79//6 92//6 74//6
f 95//6 79//6 94//6
f 36//19 96//19 33//19
f 42//6 52//6 19//6
f 19//6 22//6 42//6
f 97//5 98//5 99//5
f 100//5 101//5 97//5
f 102//5 101//5 100//5
f 103//6 92//6 91//6
f 91//6 104//6 103//6
f 105//6 103//6 104//6
f 103//6 106//6 107//6
f 108//6 107//6 106//6
f 102//5 109//5 110//5
f 111//5 112//5 109//5
f 107//6 92//6 103//6
f 113//6 114//6 107//6
f 115//6 113//6 107//6
f 36//20 56//20 116//20
f 117//5 82//5 118//5
f 118//5 119//5 120//5
f 56//21 90//21 116//21
f 36//22 116//22 96//22
f 121//5 118//5 82//5
f 122//5 123//5 124//5
f 33//23 96//23 4//23
f 125//6 126//6 127//6
f 128//5 129//5 130//5
f 131//24 132//24 133//24
f 134//5 130//5 135//5
f 136//6 127//6 126//6
f 129//5 128//5 137//5
f 4//25 1//25 33//25
f 138//5 137//5 128//5
f 137//5 138//5 139//5
f 89//26 140//26 90//26
f 139//5 141//5 137//5
f 142//27 143//27 144//27
f 90//28 140//28 145//28
f 98//5 97//5 146//5
f 90//29 145//29 116//29
f 144//30 147//30 142//30
f 142//31 148//31 143//31
f 96//32 116//32 149//32
f 116//33 145//33 149//33
f 96//34 150//34 4//34
f 148//35 151//35 143//35
f 152//5 153//5 154//5
f 154//5 155//5 156//5
f 151//36 157//36 158//36
f 114//6 92//6 107//6
f 159//5 160//5 152//5
f 161//6 19//6 92//6
f 19//6 162//6 136//6
f 163//6 136//6 162//6
f 164//5 160//5 165//5
f 166//5 154//5 153//5
f 125//6 127//6 167//6
f 168//6 169//6 170//6
f 171//6 172//6 169//6
f 170//6 169//6 172//6
f 168//6 173//6 174//6
f 175//6 174//6 173//6
f 153//5 152//5 160//5
f 159//5 165//5 160//5
f 164//5 165//5 176//5
f 177//6 178//6 179//6
f 174//6 179//6 178//6
f 180//6 92//6 178//6
f 180//6 178//6 181//6
f 174//6 178//6 114//6
f 182//5 183//5 184//5
f 185//5 186//5 182//5
f 187//5 188//5 185//5
f 143//37 189//37 144//37
f 19//6 74//6 92//6
f 190//6 35//6 191//6
f 192//5 193//5 187//5
f 183//5 182//5 194//5
f 195//6 21//6 196//6
f 197//38 198//38 199//38
f 200//5 193//5 192//5
f 194//5 182//5 186//5
f 201//39 202//39 203//39
f 197//40 199//40 204//40
f 205//5 206//5 207//5
f 193//5 188//5 187//5
f 186//5 185//5 188//5
f 201//41 208//41 202//41
f 204//42 209//42 210//42
f 203//43 202//43 211//43
f 204//44 199//44 209//44
f 210//45 209//45 61//45
f 212//46 213//46 214//46
f 203//47 211//47 215//47
f 215//48 147//48 144//48
f 155//5 216//5 206//5
f 156//5 155//5 206//5
f 166//5 155//5 154//5
f 216//5 207//5 206//5
f 205//5 207//5 200//5
f 217//5 200//5 207//5
f 193//5 200//5 217//5
f 215//49 211//49 147//49
f 210//50 61//50 55//50
f 218//51 219//51 220//51
f 221//46 222//46 223//46
f 201//52 224//52 208//52
f 199//53 225//53 226//53
f 208//54 227//54 228//54
f 199//55 226//55 209//55
f 209//56 89//56 61//56
f 208//57 228//57 202//57
f 209//58 226//58 89//58
f 229//5 230//5 231//5
f 199//59 198//59 225//59
f 232//5 233//5 229//5
f 225//60 198//60 234//60
f 235//5 236//5 232//5
f 237//5 238//5 239//5
f 233//5 232//5 236//5
f 236//5 235//5 238//5
f 235//5 239//5 238//5
f 234//61 240//61 225//61
f 225//62 241//62 226//62
f 241//63 225//63 240//63
f 242//5 243//5 244//5
f 245//64 246//64 247//64
f 248//5 249//5 250//5
f 244//5 250//5 242//5
f 251//65 252//65 253//65
f 254//5 255//5 248//5
f 256//5 242//5 250//5
f 257//66 258//66 251//66
f 251//67 258//67 252//67
f 259//5 255//5 254//5
f 256//5 250//5 249//5
f 260//5 261//5 262//5
f 249//5 248//5 255//5
f 230//5 263//5 261//5
f 261//5 231//5 230//5
f 233//5 230//5 229//5
f 263//5 262//5 261//5
f 262//5 264//5 260//5
f 259//5 260//5 264//5
f 255//5 259//5 264//5
f 265//5 244//5 243//5
f 257//68 266//68 258//68
f 139//5 99//5 98//5
f 141//5 139//5 98//5
f 234//69 198//69 252//69
f 252//70 258//70 234//70
f 245//71 267//71 246//71
f 268//72 245//72 247//72
f 135//5 130//5 129//5
f 269//5 134//5 135//5
f 124//5 270//5 134//5
f 257//73 271//73 266//73
f 268//74 247//74 272//74
f 119//5 118//5 121//5
f 119//5 112//5 120//5
f 111//5 120//5 112//5
f 273//75 274//75 275//75
f 273//75 275//75 276//75
f 273//76 277//76 274//76
f 110//5 109//5 112//5
f 268//77 272//77 278//77
f 279//5 102//5 110//5
f 280//78 281//78 282//78
f 278//79 272//79 283//79
f 284//80 285//80 286//80
f 287//81 286//81 285//81
f 288//82 289//82 284//82
f 285//83 290//83 291//83
f 146//5 97//5 101//5
f 279//5 101//5 102//5
f 117//5 83//5 82//5
f 278//84 283//84 292//84
f 284//81 293//81 285//81
f 284//85 289//85 293//85
f 292//86 294//86 224//86
f 88//5 295//5 296//5
f 285//87 293//87 290//87
f 293//88 289//88 290//88
f 297//89 298//89 299//89
f 290//90 289//90 288//90
f 292//91 283//91 294//91
f 208//92 224//92 294//92
f 300//5 296//5 295//5
f 247//93 246//93 301//93
f 302//94 303//94 304//94
f 304//95 213//95 212//95
f 305//96 272//96 247//96
f 306//5 307//5 308//5
f 247//97 301//97 305//97
f 309//98 219//98 218//98
f 310//99 222//99 221//99
f 311//5 312//5 313//5
f 283//100 314//100 294//100
f 315//5 316//5 311//5
f 317//5 318//5 319//5
f 320//101 321//101 214//101
f 322//5 316//5 315//5
f 319//5 313//5 323//5
f 184//5 183//5 324//5
f 142//102 325//102 326//102
f 327//103 328//103 329//103
f 309//104 330//104 219//104
f 331//5 322//5 332//5
f 316//5 322//5 331//5
f 312//5 311//5 316//5
f 323//5 313//5 312//5
f 322//5 324//5 332//5
f 183//5 332//5 324//5
f 333//5 334//5 335//5
f 328//105 336//105 337//105
f 338//106 337//106 336//106
f 339//5 340//5 333//5
f 299//107 298//107 341//107
f 337//108 338//108 342//108
f 343//5 344//5 339//5
f 345//5 335//5 334//5
f 328//109 337//109 342//109
f 346//5 344//5 343//5
f 347//110 348//110 349//110
f 350//5 265//5 351//5
f 243//5 351//5 265//5
f 334//5 333//5 340//5
f 340//5 339//5 344//5
f 350//5 351//5 346//5
f 352//5 346//5 351//5
f 344//5 346//5 352//5
f 353//111 349//111 348//111
f 354//5 306//5 308//5
f 306//5 354//5 300//5
f 296//5 300//5 354//5
f 87//5 88//5 355//5
f 355//5 88//5 296//5
f 81//5 83//5 87//5
f 306//5 356//5 307//5
f 356//5 31//5 307//5
f 282//112 357//112 358//112
f 325//113 359//113 326//113
f 358//114 360//114 361//114
f 276//115 275//115 362//115
f 347//116 349//116 326//116
f 363//5 23//5 30//5
f 364//117 365//117 366//117
f 367//5 368//5 369//5
f 370//118 353//118 348//118
f 371//5 372//5 369//5
f 366//119 365//119 373//119
f 9//5 372//5 371//5
f 374//120 375//120 290//120
f 191//121 376//121 190//121
f 196//121 377//121 195//121
f 378//122 379//122 380//122
f 378//123 380//123 288//123
f 378//124 288//124 284//124
f 7//5 123//5 8//5
f 374//125 288//125 380//125
f 270//5 124//5 123//5
f 374//90 290//90 288//90
f 380//126 379//126 374//126
f 381//127 382//127 383//127
f 384//128 385//128 386//128
f 387//5 388//5 389//5
f 383//129 390//129 391//129
f 392//128 393//128 394//128
f 383//130 395//130 390//130
f 396//131 397//131 398//131
f 399//128 400//128 401//128
f 391//132 390//132 370//132
f 390//133 395//133 370//133
f 402//128 403//128 404//128
f 405//5 406//5 407//5
f 408//134 409//134 410//134
f 411//5 412//5 413//5
f 414//135 415//135 416//135
f 417//5 411//5 413//5
f 396//136 418//136 419//136
f 420//5 421//5 417//5
f 422//5 413//5 412//5
f 423//5 422//5 412//5
f 424//137 425//137 426//137
f 381//138 427//138 382//138
f 395//127 383//127 382//127
f 428//139 429//139 381//139
f 381//140 430//140 427//140
f 431//141 382//141 427//141
f 427//142 430//142 431//142
f 432//5 433//5 420//5
f 395//143 382//143 370//143
f 431//143 370//143 382//143
f 429//144 431//144 430//144
f 434//5 435//5 436//5
f 431//145 353//145 370//145
f 379//146 378//146 437//146
f 438//147 437//147 378//147
f 439//148 440//148 438//148
f 318//5 317//5 434//5
f 437//149 441//149 374//149
f 379//150 437//150 374//150
f 313//5 319//5 318//5
f 435//5 434//5 317//5
f 441//151 442//151 374//151
f 437//152 438//152 443//152
f 443//147 438//147 444//147
f 438//148 440//148 444//148
f 411//5 417//5 421//5
f 421//5 420//5 445//5
f 446//5 433//5 447//5
f 435//5 446//5 436//5
f 447//5 436//5 446//5
f 432//5 447//5 433//5
f 445//5 420//5 433//5
f 441//153 437//153 443//153
f 148//154 157//154 151//154
f 440//155 441//155 444//155
f 443//156 444//156 441//156
f 448//157 449//157 394//157
f 157//158 450//158 158//158
f 388//5 407//5 451//5
f 406//5 451//5 407//5
f 422//5 423//5 405//5
f 406//5 405//5 423//5
f 451//5 389//5 388//5
f 176//5 387//5 389//5
f 389//5 452//5 176//5
f 164//5 176//5 452//5
f 396//159 419//159 453//159
f 418//160 398//160 454//160
f 418//161 396//161 398//161
f 455//5 456//5 457//5
f 239//5 457//5 237//5
f 454//162 375//162 442//162
f 375//163 454//163 398//163
f 442//164 375//164 374//164
f 458//165 459//165 450//165
f 460//166 461//166 403//166
f 462//5 463//5 464//5
f 428//167 465//167 466//167
f 428//168 466//168 429//168
f 430//168 381//168 429//168
f 467//5 468//5 464//5
f 428//169 469//169 470//169
f 428//170 470//170 465//170
f 471//5 472//5 467//5
f 473//171 385//171 384//171
f 431//172 429//172 458//172
f 458//172 429//172 466//172
f 474//173 393//173 392//173
f 458//174 466//174 465//174
f 465//175 470//175 458//175
f 475//5 476//5 471//5
f 472//5 468//5 467//5
f 462//5 464//5 468//5
f 450//176 431//176 458//176
f 477//5 478//5 475//5
f 472//5 471//5 476//5
f 148//177 142//177 326//177
f 479//5 478//5 480//5
f 481//178 419//178 482//178
f 148//179 349//179 157//179
f 148//180 326//180 349//180
f 353//181 157//181 349//181
f 453//182 419//182 481//182
f 157//183 353//183 450//183
f 353//184 431//184 450//184
f 483//5 335//5 484//5
f 345//5 484//5 335//5
f 483//5 484//5 485//5
f 486//5 485//5 484//5
f 487//5 485//5 486//5
f 227//185 208//185 294//185
f 488//186 489//186 490//186
f 486//5 491//5 487//5
f 480//5 487//5 491//5
f 491//5 479//5 480//5
f 477//5 480//5 478//5
f 476//5 475//5 478//5
f 488//187 490//187 492//187
f 202//188 493//188 211//188
f 492//189 494//189 495//189
f 455//5 496//5 456//5
f 497//5 457//5 456//5
f 237//5 457//5 497//5
f 498//5 456//5 496//5
f 463//5 498//5 496//5
f 496//5 499//5 463//5
f 499//5 464//5 463//5
f 228//190 493//190 202//190
f 269//5 124//5 134//5
f 211//191 493//191 500//191
f 492//192 490//192 494//192
f 495//193 494//193 501//193
f 211//194 500//194 147//194
f 502//5 9//5 8//5
f 372//5 9//5 502//5
f 147//195 500//195 325//195
f 495//196 501//196 481//196
f 367//5 369//5 372//5
f 453//197 481//197 501//197
f 503//5 369//5 368//5
f 147//198 325//198 142//198
f 29//5 503//5 30//5
f 368//5 30//5 503//5
f 227//199 294//199 314//199
f 24//5 23//5 363//5
f 488//200 504//200 489//200
f 505//5 31//5 24//5
f 504//201 506//201 489//201
f 307//5 31//5 505//5
f 228//202 507//202 508//202
f 228//203 508//203 493//203
f 122//5 8//5 123//5
f 509//5 510//5 511//5
f 512//5 510//5 509//5
f 513//5 510//5 514//5
f 514//5 510//5 515//5
f 516//5 517//5 518//5
f 519//204 227//204 314//204
f 520//5 511//5 510//5
f 521//205 449//205 400//205
f 522//5 510//5 523//5
f 524//5 523//5 510//5
f 525//5 524//5 510//5
f 526//5 525//5 510//5
f 515//5 510//5 512//5
f 527//5 520//5 510//5
f 528//206 283//206 272//206
f 529//207 530//207 531//207
f 305//208 528//208 272//208
f 532//5 526//5 533//5
f 534//5 533//5 526//5
f 534//5 526//5 510//5
f 531//209 425//209 424//209
f 314//210 283//210 528//210
f 522//5 527//5 510//5
f 513//5 518//5 517//5
f 528//211 535//211 314//211
f 536//5 537//5 336//5
f 538//5 517//5 516//5
f 539//5 517//5 336//5
f 506//212 540//212 489//212
f 541//5 537//5 536//5
f 537//5 542//5 336//5
f 543//213 536//213 327//213
f 544//5 537//5 545//5
f 542//5 539//5 336//5
f 541//5 545//5 537//5
f 342//103 329//103 328//103
f 305//214 546//214 528//214
f 510//5 513//5 547//5
f 535//215 528//215 546//215
f 538//5 336//5 517//5
f 548//5 513//5 517//5
f 547//5 513//5 549//5
f 549//5 513//5 548//5
f 327//216 329//216 543//216
f 550//217 409//217 408//217
f 551//218 543//218 329//218
f 303//5 330//5 552//5
f 553//219 554//219 550//219
f 555//220 415//220 414//220
f 556//221 557//221 555//221
f 558//5 559//5 560//5
f 561//5 560//5 559//5
f 460//222 403//222 402//222
f 113//223 562//223 114//223
f 563//224 73//224 564//224
f 563//225 71//225 73//225
f 13//226 565//226 14//226
f 28//226 566//226 26//226
f 329//227 342//227 567//227
f 320//5 552//5 330//5
f 568//228 301//228 569//228
f 301//229 568//229 570//229
f 570//230 305//230 301//230
f 131//129 511//129 132//129
f 330//5 571//5 572//5
f 573//226 574//226 60//226
f 575//231 511//231 576//231
f 577//138 509//138 575//138
f 131//130 576//130 511//130
f 58//226 60//226 574//226
f 561//5 571//5 560//5
f 560//5 571//5 298//5
f 578//5 579//5 298//5
f 579//5 560//5 298//5
f 298//5 580//5 581//5
f 582//5 572//5 571//5
f 95//232 583//232 91//232
f 584//5 581//5 580//5
f 77//233 564//233 73//233
f 585//5 586//5 580//5
f 133//234 587//234 71//234
f 588//235 589//235 590//235
f 71//236 587//236 72//236
f 574//237 59//237 58//237
f 585//5 591//5 592//5
f 41//238 593//238 42//238
f 594//5 592//5 591//5
f 595//5 580//5 586//5
f 591//5 596//5 597//5
f 598//239 509//239 599//239
f 600//5 597//5 596//5
f 585//5 580//5 601//5
f 602//240 589//240 588//240
f 596//5 603//5 604//5
f 605//5 604//5 603//5
f 281//5 606//5 603//5
f 607//5 603//5 606//5
f 608//241 609//241 610//241
f 591//5 585//5 596//5
f 281//5 603//5 357//5
f 603//5 596//5 357//5
f 611//242 541//242 612//242
f 357//5 596//5 613//5
f 614//5 357//5 615//5
f 329//243 616//243 551//243
f 612//244 616//244 611//244
f 611//245 616//245 617//245
f 275//5 274//5 618//5
f 274//5 619//5 618//5
f 620//5 618//5 619//5
f 621//246 598//246 622//246
f 618//5 615//5 357//5
f 623//5 624//5 625//5
f 626//5 627//5 623//5
f 627//5 275//5 623//5
f 623//5 625//5 366//5
f 618//5 613//5 275//5
f 628//247 629//247 630//247
f 622//248 631//248 632//248
f 633//5 366//5 625//5
f 275//5 613//5 623//5
f 634//5 625//5 635//5
f 635//5 625//5 636//5
f 621//249 622//249 637//249
f 622//250 632//250 637//250
f 638//251 616//251 639//251
f 640//252 641//252 642//252
f 639//253 643//253 638//253
f 12//254 644//254 645//254
f 645//255 646//255 647//255
f 638//256 643//256 648//256
f 643//257 649//257 648//257
f 267//258 650//258 246//258
f 651//259 652//259 12//259
f 650//260 653//260 564//260
f 654//261 655//261 656//261
f 653//262 563//262 564//262
f 650//263 564//263 569//263
f 401//5 449//5 657//5
f 658//5 659//5 657//5
f 401//5 657//5 659//5
f 660//264 661//264 20//264
f 650//265 569//265 246//265
f 246//266 569//266 301//266
f 637//267 512//267 621//267
f 511//268 575//268 509//268
f 598//139 621//139 512//139
f 509//168 598//168 512//168
f 577//269 599//269 509//269
f 662//5 663//5 461//5
f 557//5 461//5 663//5
f 637//170 632//170 512//170
f 576//270 131//270 133//270
f 575//271 576//271 133//271
f 133//272 664//272 575//272
f 577//272 575//272 664//272
f 599//273 577//273 664//273
f 664//274 133//274 71//274
f 665//275 648//275 649//275
f 664//246 622//246 598//246
f 649//276 588//276 665//276
f 665//277 588//277 590//277
f 666//5 461//5 667//5
f 554//5 668//5 667//5
f 669//5 670//5 671//5
f 598//278 599//278 664//278
f 664//279 563//279 622//279
f 590//280 589//280 672//280
f 667//5 671//5 670//5
f 673//281 674//281 20//281
f 664//282 71//282 563//282
f 672//283 610//283 675//283
f 672//284 589//284 610//284
f 675//285 610//285 506//285
f 622//286 563//286 653//286
f 675//287 506//287 504//287
f 671//5 668//5 676//5
f 336//124 328//124 536//124
f 327//124 536//124 328//124
f 448//5 677//5 449//5
f 677//5 668//5 449//5
f 551//147 612//147 541//147
f 541//147 536//147 551//147
f 543//147 551//147 536//147
f 611//148 617//148 541//148
f 657//5 530//5 678//5
f 449//5 530//5 657//5
f 27//288 566//288 28//288
f 679//289 680//289 681//289
f 682//5 676//5 668//5
f 461//5 554//5 667//5
f 557//5 623//5 461//5
f 683//5 624//5 557//5
f 612//243 551//243 616//243
f 684//5 678//5 530//5
f 681//290 680//290 685//290
f 11//291 686//291 27//291
f 329//292 639//292 616//292
f 143//293 679//293 189//293
f 329//294 567//294 639//294
f 42//295 593//295 51//295
f 687//5 688//5 689//5
f 679//296 151//296 680//296
f 530//5 689//5 688//5
f 143//297 151//297 679//297
f 151//298 158//298 680//298
f 53//299 690//299 52//299
f 691//5 689//5 692//5
f 60//300 52//300 690//300
f 60//300 690//300 573//300
f 692//5 689//5 693//5
f 694//5 695//5 693//5
f 695//5 694//5 696//5
f 689//5 668//5 693//5
f 449//5 668//5 689//5
f 697//5 698//5 699//5
f 700//301 74//301 75//301
f 694//5 699//5 698//5
f 554//5 699//5 693//5
f 74//302 701//302 80//302
f 702//5 703//5 704//5
f 80//303 705//303 84//303
f 699//5 704//5 703//5
f 706//304 79//304 78//304
f 554//5 707//5 704//5
f 708//5 704//5 709//5
f 709//5 704//5 707//5
f 583//232 710//232 91//232
f 704//5 699//5 554//5
f 694//5 693//5 699//5
f 91//305 710//305 104//305
f 439//148 711//148 440//148
f 711//306 439//306 712//306
f 713//306 712//306 439//306
f 714//5 715//5 554//5
f 716//5 554//5 715//5
f 171//134 717//134 172//134
f 718//307 440//307 711//307
f 719//308 720//308 721//308
f 722//134 175//134 173//134
f 530//5 449//5 689//5
f 671//5 667//5 668//5
f 440//155 718//155 441//155
f 723//134 177//134 179//134
f 711//309 712//309 718//309
f 624//5 623//5 557//5
f 724//309 718//309 712//309
f 719//310 721//310 725//310
f 167//46 726//46 125//46
f 725//311 721//311 727//311
f 728//5 461//5 666//5
f 713//306 729//306 712//306
f 725//312 727//312 730//312
f 713//313 731//313 729//313
f 730//314 189//314 732//314
f 731//315 724//315 729//315
f 712//316 729//316 724//316
f 727//317 189//317 730//317
f 732//318 189//318 679//318
f 673//5 655//5 733//5
f 732//319 679//319 681//319
f 719//320 734//320 720//320
f 735//321 736//321 161//321
f 737//322 738//322 739//322
f 162//323 19//323 736//323
f 739//324 740//324 737//324
f 721//325 720//325 203//325
f 738//326 737//326 718//326
f 201//327 203//327 720//327
f 136//328 163//328 601//328
f 644//5 741//5 742//5
f 718//329 724//329 738//329
f 721//330 215//330 727//330
f 136//331 601//331 127//331
f 721//332 203//332 215//332
f 743//5 742//5 741//5
f 744//5 743//5 741//5
f 740//333 454//333 442//333
f 727//334 215//334 144//334
f 125//335 745//335 126//335
f 740//336 442//336 737//336
f 727//337 144//337 189//337
f 746//338 126//338 747//338
f 718//339 737//339 441//339
f 737//340 442//340 441//340
f 720//341 748//341 201//341
f 127//342 726//342 167//342
f 177//343 749//343 178//343
f 750//344 168//344 170//344
f 751//345 740//345 739//345
f 170//346 172//346 752//346
f 751//347 753//347 740//347
f 171//348 169//348 717//348
f 168//349 750//349 173//349
f 482//178 419//178 754//178
f 755//5 756//5 757//5
f 722//335 758//335 175//335
f 754//350 419//350 418//350
f 174//335 175//335 758//335
f 723//351 179//351 758//351
f 174//351 758//351 179//351
f 754//352 418//352 753//352
f 178//353 749//353 181//353
f 753//354 418//354 454//354
f 454//355 740//355 753//355
f 759//356 190//356 376//356
f 760//357 377//357 196//357
f 35//358 759//358 760//358
f 377//358 760//358 759//358
f 628//359 757//359 629//359
f 761//5 757//5 661//5
f 762//5 661//5 757//5
f 763//6 764//6 765//6
f 673//5 762//5 655//5
f 766//6 767//6 763//6
f 763//6 768//6 766//6
f 765//6 769//6 763//6
f 770//6 771//6 765//6
f 772//6 766//6 768//6
f 773//6 774//6 770//6
f 775//360 245//360 776//360
f 762//5 757//5 777//5
f 655//5 762//5 777//5
f 778//6 774//6 773//6
f 771//6 769//6 765//6
f 768//6 763//6 769//6
f 771//6 770//6 774//6
f 779//6 780//6 778//6
f 774//6 778//6 780//6
f 781//6 780//6 782//6
f 779//6 782//6 780//6
f 783//5 655//5 777//5
f 784//5 783//5 777//5
f 776//361 245//361 268//361
f 785//6 786//6 781//6
f 786//6 787//6 781//6
f 781//6 787//6 788//6
f 780//6 781//6 788//6
f 776//362 268//362 789//362
f 790//5 777//5 644//5
f 789//363 268//363 278//363
f 791//6 792//6 793//6
f 791//6 793//6 794//6
f 795//6 787//6 794//6
f 796//6 787//6 795//6
f 797//6 787//6 796//6
f 798//6 787//6 797//6
f 789//364 278//364 799//364
f 652//5 790//5 644//5
f 800//6 801//6 802//6
f 803//6 802//6 801//6
f 803//6 801//6 804//6
f 803//6 804//6 805//6
f 803//6 805//6 806//6
f 803//6 806//6 807//6
f 808//365 799//365 292//365
f 791//6 794//6 787//6
f 809//6 810//6 811//6
f 812//366 791//366 786//366
f 813//367 814//367 815//367
f 731//368 713//368 815//368
f 813//369 815//369 713//369
f 816//6 817//6 818//6
f 278//370 292//370 799//370
f 819//371 820//371 813//371
f 813//372 821//372 814//372
f 808//373 292//373 224//373
f 822//374 823//374 816//374
f 644//5 686//5 741//5
f 741//5 686//5 824//5
f 825//375 815//375 814//375
f 825//376 814//376 821//376
f 818//6 826//6 816//6
f 748//377 808//377 224//377
f 731//378 815//378 724//378
f 827//6 828//6 826//6
f 201//379 748//379 224//379
f 826//6 818//6 829//6
f 825//378 724//378 815//378
f 777//5 830//5 644//5
f 565//5 824//5 686//5
f 686//5 644//5 830//5
f 831//6 832//6 833//6
f 834//6 835//6 831//6
f 821//380 820//380 825//380
f 593//5 830//5 757//5
f 686//5 830//5 836//5
f 827//6 835//6 837//6
f 832//6 788//6 833//6
f 838//6 827//6 837//6
f 839//5 836//5 830//5
f 828//6 827//6 840//6
f 828//6 841//6 826//6
f 834//6 837//6 835//6
f 832//6 831//6 835//6
f 593//5 842//5 830//5
f 843//5 830//5 842//5
f 844//6 841//6 828//6
f 838//6 840//6 827//6
f 845//381 846//381 751//381
f 593//5 690//5 847//5
f 816//6 826//6 841//6
f 848//5 847//5 690//5
f 849//6 850//6 851//6
f 852//6 851//6 850//6
f 853//6 852//6 850//6
f 854//382 855//382 850//382
f 856//383 845//383 751//383
f 777//5 757//5 830//5
f 857//6 850//6 855//6
f 853//6 850//6 857//6
f 751//384 739//384 856//384
f 858//385 856//385 739//385
f 701//5 859//5 593//5
f 573//5 859//5 574//5
f 860//6 861//6 862//6
f 861//6 863//6 862//6
f 863//6 864//6 862//6
f 864//6 865//6 862//6
f 809//6 862//6 865//6
f 809//6 865//6 810//6
f 858//386 739//386 738//386
f 866//5 859//5 867//5
f 849//6 868//6 850//6
f 869//6 850//6 841//6
f 858//387 738//387 870//387
f 724//388 825//388 870//388
f 871//5 866//5 867//5
f 850//6 872//6 841//6
f 873//6 874//6 849//6
f 822//6 841//6 872//6
f 875//6 822//6 872//6
f 816//6 841//6 822//6
f 724//389 870//389 738//389
f 867//5 859//5 701//5
f 700//5 876//5 867//5
f 877//5 867//5 876//5
f 878//390 754//390 846//390
f 690//5 593//5 859//5
f 573//5 690//5 859//5
f 846//391 753//391 751//391
f 787//6 798//6 810//6
f 833//6 788//6 787//6
f 791//6 787//6 786//6
f 798//6 811//6 810//6
f 809//6 811//6 879//6
f 700//5 867//5 701//5
f 846//392 754//392 753//392
f 880//393 789//393 881//393
f 880//394 776//394 789//394
f 803//6 882//6 883//6
f 807//6 882//6 803//6
f 884//6 885//6 807//6
f 881//395 799//395 886//395
f 887//5 701//5 706//5
f 881//396 789//396 799//396
f 888//5 706//5 701//5
f 889//6 890//6 891//6
f 892//6 891//6 890//6
f 886//397 799//397 808//397
f 893//5 888//5 894//5
f 894//5 888//5 583//5
f 895//6 896//6 889//6
f 896//6 897//6 889//6
f 886//398 808//398 898//398
f 734//399 898//399 748//399
f 890//6 889//6 899//6
f 748//400 898//400 808//400
f 583//5 888//5 710//5
f 701//5 593//5 757//5
f 897//6 896//6 900//6
f 701//5 759//5 888//5
f 734//401 748//401 720//401
f 901//5 902//5 903//5
f 710//5 903//5 902//5
f 624//5 904//5 759//5
f 710//5 888//5 759//5
f 680//402 905//402 685//402
f 903//5 904//5 906//5
f 907//6 908//6 909//6
f 482//390 754//390 878//390
f 910//5 906//5 904//5
f 897//6 911//6 912//6
f 912//6 899//6 897//6
f 913//5 904//5 562//5
f 903//5 759//5 904//5
f 912//6 909//6 908//6
f 914//6 908//6 907//6
f 915//6 916//6 914//6
f 917//6 916//6 915//6
f 899//6 912//6 908//6
f 918//6 768//6 917//6
f 908//6 914//6 916//6
f 919//403 492//403 920//403
f 772//6 768//6 918//6
f 916//6 917//6 768//6
f 492//404 919//404 488//404
f 920//405 492//405 495//405
f 303//5 921//5 746//5
f 920//406 495//406 922//406
f 885//407 923//407 924//407
f 885//6 924//6 925//6
f 885//6 925//6 926//6
f 885//6 926//6 927//6
f 885//6 927//6 928//6
f 885//6 928//6 882//6
f 482//408 922//408 481//408
f 481//409 922//409 495//409
f 929//6 930//6 931//6
f 932//6 930//6 929//6
f 933//6 931//6 930//6
f 930//6 932//6 934//6
f 930//6 934//6 935//6
f 930//6 935//6 936//6
f 937//5 938//5 601//5
f 939//410 940//410 941//410
f 939//411 941//411 469//411
f 942//6 766//6 884//6
f 766//6 772//6 884//6
f 884//6 772//6 885//6
f 882//6 807//6 885//6
f 939//412 943//412 940//412
f 458//175 470//175 944//175
f 601//5 330//5 747//5
f 945//5 601//5 745//5
f 745//5 601//5 747//5
f 946//413 897//413 947//413
f 897//6 900//6 947//6
f 899//6 889//6 897//6
f 948//6 900//6 896//6
f 949//414 941//414 940//414
f 950//6 951//6 952//6
f 953//6 954//6 950//6
f 955//6 956//6 957//6
f 746//5 747//5 303//5
f 469//170 958//170 470//170
f 959//6 960//6 952//6
f 952//6 961//6 950//6
f 469//415 941//415 962//415
f 469//416 962//416 958//416
f 963//6 964//6 959//6
f 961//6 957//6 950//6
f 747//5 330//5 303//5
f 965//6 964//6 963//6
f 470//417 958//417 944//417
f 958//418 962//418 944//418
f 960//6 959//6 964//6
f 961//6 952//6 960//6
f 949//419 944//419 941//419
f 966//6 967//6 968//6
f 969//6 968//6 967//6
f 970//6 969//6 967//6
f 962//419 941//419 944//419
f 971//420 878//420 972//420
f 971//421 973//421 878//421
f 972//422 846//422 845//422
f 943//423 974//423 949//423
f 975//6 976//6 977//6
f 975//6 977//6 978//6
f 975//6 978//6 979//6
f 975//6 979//6 980//6
f 975//6 980//6 981//6
f 975//6 981//6 982//6
f 846//424 972//424 878//424
f 459//425 458//425 944//425
f 983//426 919//426 920//426
f 984//6 985//6 986//6
f 680//427 158//427 905//427
f 735//5 613//5 736//5
f 459//428 987//428 905//428
f 920//429 988//429 983//429
f 989//6 986//6 985//6
f 985//6 990//6 989//6
f 991//6 989//6 990//6
f 990//6 992//6 991//6
f 736//5 601//5 938//5
f 975//6 982//6 993//6
f 459//428 905//428 158//428
f 988//430 922//430 973//430
f 994//6 993//6 982//6
f 982//6 995//6 994//6
f 996//6 994//6 995//6
f 459//431 944//431 987//431
f 750//5 997//5 714//5
f 997//5 752//5 714//5
f 717//5 714//5 752//5
f 920//432 922//432 988//432
f 998//6 999//6 1000//6
f 999//6 829//6 1000//6
f 750//5 758//5 1001//5
f 973//433 922//433 482//433
f 1002//6 999//6 998//6
f 987//434 944//434 949//434
f 878//435 973//435 482//435
f 158//158 450//158 459//158
f 722//5 1001//5 758//5
f 714//5 623//5 750//5
f 1003//6 1004//6 1002//6
f 818//6 1000//6 829//6
f 750//5 623//5 758//5
f 1005//6 1004//6 1003//6
f 999//6 1002//6 1004//6
f 1006//5 723//5 749//5
f 723//5 758//5 749//5
f 1004//6 1005//6 1007//6
f 613//5 1008//5 749//5
f 1009//5 749//5 1008//5
f 983//436 1010//436 919//436
f 1011//6 1012//6 1007//6
f 1012//6 1013//6 1007//6
f 1004//6 1007//6 1014//6
f 749//5 758//5 613//5
f 554//5 623//5 714//5
f 554//5 693//5 668//5
f 562//5 904//5 624//5
f 1015//6 1016//6 1017//6
f 1018//6 1016//6 1015//6
f 1019//6 1016//6 1018//6
f 616//437 1020//437 617//437
f 874//6 1021//6 1022//6
f 1023//6 1022//6 1021//6
f 868//6 874//6 1022//6
f 1024//6 1023//6 1021//6
f 1025//6 1024//6 1021//6
f 1025//6 1021//6 1026//6
f 1027//6 1016//6 1019//6
f 1028//6 1017//6 1029//6
f 905//438 987//438 1030//438
f 613//5 585//5 736//5
f 736//5 585//5 601//5
f 554//5 461//5 623//5
f 636//5 625//5 624//5
f 624//5 759//5 636//5
f 710//5 759//5 903//5
f 376//5 636//5 759//5
f 357//5 613//5 618//5
f 613//5 758//5 623//5
f 585//5 613//5 596//5
f 330//5 601//5 580//5
f 298//5 571//5 580//5
f 330//5 580//5 571//5
f 1031//6 1014//6 1032//6
f 759//5 701//5 757//5
f 1013//6 1033//6 1034//6
f 1034//6 1014//6 1013//6
f 759//5 757//5 756//5
f 1034//6 1032//6 1014//6
f 1035//6 1036//6 1031//6
f 1037//6 1038//6 1035//6
f 1014//6 1007//6 1013//6
f 957//6 1038//6 1039//6
f 1014//6 1031//6 1036//6
f 955//6 957//6 1039//6
f 1040//306 544//306 1041//306
f 996//366 957//366 956//366
f 1037//6 1039//6 1038//6
f 1036//6 1035//6 1038//6
f 1042//5 1043//5 1044//5
f 1045//368 544//368 1046//368
f 1040//439 1046//439 544//439
f 1047//440 943//440 939//440
f 1048//5 1044//5 1049//5
f 1049//5 1044//5 1050//5
f 1051//441 1052//441 1047//441
f 953//6 957//6 996//6
f 940//423 943//423 949//423
f 1053//5 1054//5 1055//5
f 950//6 957//6 953//6
f 1020//442 1056//442 1041//442
f 1054//5 1043//5 1042//5
f 1050//5 1044//5 1043//5
f 1042//5 1055//5 1054//5
f 1057//5 1054//5 1053//5
f 1058//5 1059//5 1053//5
f 1060//6 994//6 1061//6
f 1062//6 994//6 1060//6
f 1063//5 1064//5 1053//5
f 1064//5 1065//5 1053//5
f 1066//6 994//6 1067//6
f 1061//6 994//6 1066//6
f 1047//412 1068//412 943//412
f 1047//443 1052//443 1068//443
f 1020//444 1041//444 1069//444
f 1070//6 1071//6 1072//6
f 1073//6 1071//6 1070//6
f 1074//6 1071//6 1073//6
f 1075//6 1071//6 1074//6
f 1076//6 1072//6 1071//6
f 1076//6 1071//6 1077//6
f 943//445 1068//445 974//445
f 1068//446 1052//446 974//446
f 1065//5 1078//5 1053//5
f 1078//5 1079//5 1053//5
f 1057//5 1053//5 1079//5
f 1080//6 1067//6 994//6
f 994//6 1062//6 993//6
f 1081//5 1082//5 1083//5
f 1083//5 1058//5 1084//5
f 1085//5 1082//5 1081//5
f 1052//447 1051//447 974//447
f 1053//5 1084//5 1058//5
f 685//448 905//448 1030//448
f 989//366 1086//366 986//366
f 993//6 1087//6 975//6
f 1088//6 953//6 995//6
f 953//6 996//6 995//6
f 1089//449 1030//449 987//449
f 1090//5 1091//5 1085//5
f 1092//5 1093//5 1085//5
f 1087//6 986//6 1086//6
f 949//450 974//450 1089//450
f 1075//6 1016//6 1027//6
f 1029//6 1017//6 1016//6
f 1016//6 1013//6 1029//6
f 1092//5 1085//5 1091//5
f 987//451 949//451 1089//451
f 1093//5 1094//5 1085//5
f 1082//5 1085//5 1094//5
f 1095//452 515//452 1096//452
f 1097//6 1098//6 1071//6
f 1099//6 1071//6 1098//6
f 1071//6 1075//6 1097//6
f 1027//6 1097//6 1075//6
f 1100//6 1013//6 1016//6
f 1012//6 1029//6 1013//6
f 1101//6 1029//6 1012//6
f 1102//5 1083//5 1103//5
f 1086//6 975//6 1087//6
f 1098//6 1104//6 1099//6
f 1105//366 1104//366 1098//366
f 986//6 1099//6 1104//6
f 1106//5 1053//5 1107//5
f 873//6 1104//6 1105//6
f 873//6 1105//6 874//6
f 868//6 849//6 874//6
f 872//6 850//6 868//6
f 1103//5 1083//5 1082//5
f 1108//6 986//6 1104//6
f 1096//453 1109//453 631//453
f 1058//5 1083//5 1102//5
f 1063//5 1053//5 1110//5
f 1110//5 1053//5 1111//5
f 1104//6 879//6 1108//6
f 879//454 883//454 1108//454
f 809//6 879//6 1104//6
f 1108//6 883//6 882//6
f 1112//6 930//6 1113//6
f 1111//5 1053//5 1106//5
f 1114//5 1107//5 1053//5
f 1059//5 1114//5 1053//5
f 1115//6 1116//6 1117//6
f 1095//455 1096//455 631//455
f 1118//6 1119//6 965//6
f 1120//6 1117//6 1116//6
f 1121//6 1122//6 1116//6
f 1120//6 1116//6 1122//6
f 1123//456 1124//456 1125//456
f 1126//6 1119//6 1127//6
f 1118//6 1127//6 1119//6
f 964//6 965//6 1119//6
f 1128//6 1122//6 1129//6
f 1129//6 1130//6 1128//6
f 631//457 1131//457 1095//457
f 1132//6 1133//6 1126//6
f 1133//6 1134//6 1135//6
f 1119//6 1126//6 1136//6
f 1137//6 1128//6 1130//6
f 1129//6 1122//6 1121//6
f 1135//6 1138//6 1136//6
f 1125//458 1124//458 1139//458
f 1140//6 1141//6 967//6
f 967//6 1141//6 970//6
f 1142//459 1116//459 1143//459
f 1115//459 1143//459 1116//459
f 1144//6 1134//6 1133//6
f 992//6 1145//6 967//6
f 1134//407 1140//407 967//407
f 1146//6 1147//6 1148//6
f 1149//382 1150//382 1146//382
f 1151//6 1152//6 1146//6
f 1151//6 1146//6 1148//6
f 1153//6 1154//6 1148//6
f 1155//6 1156//6 1153//6
f 1157//460 1130//460 1158//460
f 1129//460 1158//460 1130//460
f 648//461 1124//461 1123//461
f 1159//6 1156//6 1155//6
f 1129//462 1121//462 1158//462
f 1123//463 638//463 648//463
f 1154//6 1153//6 1156//6
f 1151//6 1148//6 1154//6
f 892//6 890//6 1159//6
f 1160//462 1158//462 1121//462
f 1156//6 1159//6 890//6
f 648//464 665//464 1124//464
f 1121//465 1116//465 1142//465
f 1121//465 1142//465 1160//465
f 1161//6 947//6 1162//6
f 1163//6 947//6 1161//6
f 1164//6 1162//6 900//6
f 1165//6 947//6 1166//6
f 1167//6 1168//6 1169//6
f 1170//6 1169//6 1168//6
f 1170//6 1168//6 1171//6
f 1170//6 1171//6 1172//6
f 1124//466 1173//466 1139//466
f 1166//6 947//6 1163//6
f 1162//6 947//6 900//6
f 1139//467 1173//467 1174//467
f 1113//6 984//6 1112//6
f 1175//6 936//6 1165//6
f 930//6 936//6 1175//6
f 947//6 1165//6 936//6
f 1173//468 1176//468 1174//468
f 1170//6 1172//6 1177//6
f 1177//6 1172//6 1178//6
f 1108//6 1112//6 984//6
f 1179//469 1180//469 1131//469
f 1143//6 1181//6 1182//6
f 1183//6 1136//6 1138//6
f 1184//6 1185//6 1142//6
f 1131//470 631//470 1179//470
f 267//471 1180//471 1179//471
f 1186//6 1136//6 1183//6
f 1187//6 1186//6 1183//6
f 1179//472 650//472 267//472
f 1188//6 1189//6 1190//6
f 1191//6 1189//6 1187//6
f 775//471 1180//471 267//471
f 1192//6 1188//6 1190//6
f 1193//6 1151//6 1194//6
f 1192//6 1194//6 1151//6
f 1191//6 1190//6 1189//6
f 1186//6 1187//6 1189//6
f 245//473 775//473 267//473
f 1195//474 1196//474 1197//474
f 1198//6 1152//6 1193//6
f 1152//6 1151//6 1193//6
f 631//475 653//475 1179//475
f 1199//6 1200//6 1177//6
f 1188//6 1192//6 1151//6
f 1201//374 1202//374 1203//374
f 1201//6 1203//6 1204//6
f 1201//6 1204//6 1205//6
f 1201//6 1205//6 1206//6
f 1201//6 1206//6 1207//6
f 1201//6 1207//6 1199//6
f 650//472 1179//472 653//472
f 1208//441 513//441 1209//441
f 1210//6 1211//6 1212//6
f 1213//6 1212//6 1211//6
f 1214//6 1213//6 1211//6
f 1215//6 1214//6 1211//6
f 1124//476 665//476 1173//476
f 1216//477 1217//477 1218//477
f 1176//478 1173//478 590//478
f 1200//6 984//6 1219//6
f 1113//454 1219//454 984//454
f 1220//6 1201//6 1152//6
f 1221//6 1157//6 1222//6
f 1160//6 1142//6 1185//6
f 1182//6 1184//6 1142//6
f 665//479 590//479 1173//479
f 1157//6 1158//6 1222//6
f 1223//480 1176//480 672//480
f 1185//6 1222//6 1158//6
f 1178//6 1224//6 1201//6
f 1152//6 1201//6 1224//6
f 1201//6 1199//6 1178//6
f 1224//6 1149//6 1152//6
f 1225//6 1149//6 1224//6
f 1149//6 1146//6 1152//6
f 1177//6 1178//6 1199//6
f 1219//6 1177//6 1200//6
f 986//6 1108//6 984//6
f 1160//6 1185//6 1158//6
f 1142//6 1143//6 1182//6
f 1215//6 1211//6 990//6
f 990//6 1211//6 992//6
f 123//481 1185//481 270//481
f 1184//481 270//481 1185//481
f 1176//480 590//480 672//480
f 1182//482 134//482 270//482
f 1182//482 270//482 1184//482
f 1223//483 672//483 675//483
f 1126//6 1133//6 1135//6
f 1136//6 1126//6 1135//6
f 1134//6 967//6 1145//6
f 1145//6 1135//6 1134//6
f 967//6 991//6 992//6
f 134//484 1182//484 130//484
f 1223//485 675//485 1196//485
f 1226//6 1227//6 1228//6
f 1229//486 1230//486 1117//486
f 1196//487 504//487 1197//487
f 1231//488 1229//488 1117//488
f 1231//488 1117//488 1120//488
f 1231//489 1120//489 1122//489
f 1175//6 1113//6 930//6
f 504//490 1196//490 675//490
f 1221//491 9//491 1232//491
f 780//492 1233//492 774//492
f 1197//493 504//493 488//493
f 780//492 1234//492 1233//492
f 1232//491 9//491 371//491
f 1235//494 775//494 1236//494
f 1236//495 775//495 776//495
f 488//496 919//496 1197//496
f 1222//497 7//497 9//497
f 1222//497 9//497 1221//497
f 1236//498 776//498 880//498
f 780//499 788//499 1234//499
f 1185//500 123//500 7//500
f 1185//500 7//500 1222//500
f 1237//499 1234//499 788//499
f 832//501 1238//501 1237//501
f 832//501 1237//501 788//501
f 1239//502 1240//502 537//502
f 1241//6 1242//6 1228//6
f 1243//6 1244//6 1241//6
f 1218//503 1180//503 1235//503
f 832//129 835//129 1238//129
f 1245//129 1238//129 835//129
f 1228//489 1231//489 1122//489
f 1235//504 1180//504 775//504
f 1245//505 827//505 1246//505
f 1128//506 1241//506 1228//506
f 1128//506 1228//506 1122//506
f 1241//507 1128//507 1243//507
f 1137//507 1243//507 1128//507
f 835//505 827//505 1245//505
f 1045//368 1247//368 537//368
f 827//508 1248//508 1246//508
f 542//509 537//509 1240//509
f 1247//510 1239//510 537//510
f 1249//511 17//511 16//511
f 1249//511 16//511 1250//511
f 1248//508 827//508 826//508
f 1045//512 1251//512 1247//512
f 512//170 632//170 515//170
f 1109//170 515//170 632//170
f 1252//410 514//410 1095//410
f 514//513 515//513 1095//513
f 1109//514 1096//514 515//514
f 829//515 1253//515 826//515
f 1248//515 826//515 1253//515
f 1254//516 1253//516 999//516
f 829//516 999//516 1253//516
f 1216//412 513//412 1217//412
f 513//517 514//517 1217//517
f 1252//412 1217//412 514//412
f 518//518 513//518 1208//518
f 1216//519 1209//519 513//519
f 1109//248 632//248 631//248
f 1255//520 890//520 1256//520
f 899//520 1256//520 890//520
f 1249//6 1250//6 1257//6
f 1258//6 1257//6 1250//6
f 908//521 1259//521 1256//521
f 908//521 1256//521 899//521
f 1257//6 1260//6 1249//6
f 1252//457 1095//457 1131//457
f 1260//6 1261//6 1249//6
f 916//522 1262//522 1259//522
f 916//522 1259//522 908//522
f 631//523 622//523 653//523
f 1262//524 916//524 1263//524
f 1257//525 1264//525 1260//525
f 1217//477 1131//477 1218//477
f 1209//526 1216//526 1218//526
f 768//524 1263//524 916//524
f 768//527 1265//527 1263//527
f 1217//528 1252//528 1131//528
f 769//527 1265//527 768//527
f 771//529 1265//529 769//529
f 1131//530 1180//530 1218//530
f 771//529 1266//529 1265//529
f 1233//531 1266//531 771//531
f 1233//531 771//531 774//531
f 1208//532 1209//532 1218//532
f 1267//533 765//533 764//533
f 1267//533 764//533 1268//533
f 1269//534 766//534 1270//534
f 767//535 766//535 1269//535
f 1271//536 1270//536 766//536
f 766//537 1272//537 1271//537
f 1273//533 1271//533 1272//533
f 1274//532 1208//532 1275//532
f 764//511 763//511 1276//511
f 764//511 1276//511 1268//511
f 1270//538 1276//538 1269//538
f 1257//539 1258//539 1264//539
f 1277//539 1264//539 1258//539
f 1268//511 1276//511 1278//511
f 1276//540 1270//540 1271//540
f 1269//541 1276//541 763//541
f 1269//542 763//542 767//542
f 1276//542 1271//542 1278//542
f 1273//543 1278//543 1271//543
f 1260//525 1264//525 1279//525
f 1280//544 770//544 765//544
f 1280//544 765//544 1267//544
f 1281//6 1282//6 1283//6
f 1284//545 773//545 770//545
f 1284//545 770//545 1280//545
f 681//546 1285//546 1286//546
f 1287//547 1288//547 1289//547
f 1287//547 1289//547 1290//547
f 1291//548 778//548 773//548
f 1291//548 773//548 1284//548
f 1292//549 1288//549 1287//549
f 1251//550 1125//550 1293//550
f 1294//551 779//551 778//551
f 1294//551 778//551 1291//551
f 681//552 685//552 1285//552
f 1295//553 1290//553 1289//553
f 1295//553 1289//553 1296//553
f 1293//554 1139//554 1297//554
f 1298//555 782//555 779//555
f 1298//555 779//555 1294//555
f 1299//6 1300//6 1301//6
f 1125//556 1139//556 1293//556
f 1301//6 1302//6 1299//6
f 1303//6 1299//6 1302//6
f 1304//557 786//557 785//557
f 1304//557 785//557 1305//557
f 1297//558 1174//558 1306//558
f 1307//6 1303//6 1308//6
f 1308//6 1309//6 1307//6
f 1310//511 781//511 782//511
f 1310//511 782//511 1298//511
f 1139//559 1174//559 1297//559
f 1311//6 1307//6 1309//6
f 781//560 1310//560 1305//560
f 781//561 1305//561 785//561
f 1302//6 1312//6 1303//6
f 1308//6 1303//6 1312//6
f 786//562 1304//562 1313//562
f 786//562 1313//562 812//562
f 1314//563 1309//563 1315//563
f 1308//563 1315//563 1309//563
f 1316//564 766//564 1317//564
f 1308//565 1312//565 1318//565
f 1308//565 1318//565 1315//565
f 1319//564 1317//564 766//564
f 1320//562 1272//562 1316//562
f 1272//566 766//566 1316//566
f 942//562 1319//562 766//562
f 1318//567 1312//567 1321//567
f 1302//567 1321//567 1312//567
f 1322//568 798//568 797//568
f 1322//568 797//568 1323//568
f 1302//569 1301//569 1324//569
f 1302//569 1324//569 1321//569
f 796//570 1325//570 1323//570
f 796//570 1323//570 797//570
f 1325//571 796//571 795//571
f 1325//571 795//571 1326//571
f 1299//572 1327//572 1300//572
f 1326//573 795//573 794//573
f 1326//573 794//573 1328//573
f 1299//574 1303//574 1329//574
f 1329//575 1303//575 1307//575
f 1328//576 794//576 793//576
f 1328//576 793//576 1330//576
f 1331//577 719//577 725//577
f 1330//578 793//578 792//578
f 1330//578 792//578 1332//578
f 1333//579 1334//579 1306//579
f 791//580 1335//580 1332//580
f 791//580 1332//580 792//580
f 725//581 1336//581 1331//581
f 1337//582 1336//582 730//582
f 1338//6 1339//6 1340//6
f 800//583 1341//583 1342//583
f 800//583 1342//583 801//583
f 1333//584 1306//584 1174//584
f 1334//585 1333//585 1343//585
f 802//586 1344//586 1341//586
f 802//586 1341//586 800//586
f 1324//6 1340//6 1339//6
f 725//587 730//587 1336//587
f 1345//588 1346//588 802//588
f 803//589 1345//589 802//589
f 1337//590 730//590 732//590
f 807//591 806//591 1347//591
f 1348//592 1349//592 806//592
f 1337//593 732//593 1286//593
f 1348//594 806//594 805//594
f 1348//594 805//594 1350//594
f 1315//6 1351//6 1314//6
f 1334//595 1343//595 1352//595
f 804//596 1353//596 1350//596
f 804//596 1350//596 805//596
f 681//597 1286//597 732//597
f 1354//6 1355//6 1321//6
f 1318//6 1321//6 1355//6
f 1356//6 1315//6 1355//6
f 1339//6 1354//6 1321//6
f 1352//598 1343//598 1195//598
f 801//599 1342//599 1353//599
f 801//599 1353//599 804//599
f 1223//600 1343//600 1333//600
f 1351//6 1315//6 1356//6
f 1343//601 1196//601 1195//601
f 1318//6 1355//6 1315//6
f 1223//602 1196//602 1343//602
f 1321//6 1324//6 1339//6
f 1352//603 1195//603 1357//603
f 798//604 1322//604 1358//604
f 798//604 1358//604 811//604
f 306//85 1359//85 356//85
f 1357//605 1010//605 1360//605
f 1356//606 31//606 356//606
f 1356//606 356//606 1351//606
f 812//604 1313//604 1335//604
f 812//604 1335//604 791//604
f 1355//607 25//607 31//607
f 1355//607 31//607 1356//607
f 25//306 1355//306 1354//306
f 25//306 1354//306 23//306
f 1195//608 1010//608 1357//608
f 1354//609 1339//609 29//609
f 1354//609 29//609 23//609
f 811//610 1358//610 1361//610
f 811//611 1361//611 879//611
f 1339//612 1338//612 29//612
f 1362//610 1361//610 1358//610
f 1363//6 1364//6 1329//6
f 1365//6 1366//6 1363//6
f 1367//6 1368//6 1329//6
f 817//613 1369//613 1370//613
f 817//613 1370//613 818//613
f 1174//614 1176//614 1333//614
f 1371//615 822//615 1372//615
f 1299//572 1373//572 1327//572
f 1333//600 1176//600 1223//600
f 1329//574 1373//574 1299//574
f 1374//616 1375//616 1376//616
f 822//617 1376//617 1375//617
f 1375//618 1372//618 822//618
f 822//619 1371//619 823//619
f 1307//575 1363//575 1329//575
f 1311//620 1365//620 1363//620
f 1311//620 1363//620 1307//620
f 1377//621 1378//621 1379//621
f 1369//622 817//622 1380//622
f 816//622 1380//622 817//622
f 1372//623 1380//623 1371//623
f 1378//624 898//624 1379//624
f 1369//622 1380//622 1381//622
f 1380//625 1372//625 1375//625
f 1197//626 1010//626 1195//626
f 1371//627 1380//627 816//627
f 1371//628 816//628 823//628
f 919//629 1010//629 1197//629
f 1380//630 1375//630 1381//630
f 1374//631 1381//631 1375//631
f 1382//632 49//632 50//632
f 617//148 1069//148 545//148
f 617//148 545//148 541//148
f 1069//306 1041//306 545//306
f 545//306 1041//306 544//306
f 1383//633 1384//633 1331//633
f 45//634 1385//634 48//634
f 1386//635 822//635 1387//635
f 537//368 544//368 1045//368
f 45//636 44//636 1385//636
f 1388//635 1387//635 822//635
f 1389//635 1376//635 1386//635
f 1376//635 822//635 1386//635
f 875//635 1388//635 822//635
f 1069//437 617//437 1020//437
f 1388//637 872//637 1387//637
f 886//638 1378//638 1390//638
f 1387//637 1391//637 1386//637
f 1040//442 1041//442 1056//442
f 872//631 1388//631 875//631
f 1392//5 1393//5 1394//5
f 1390//639 881//639 886//639
f 1046//640 1040//640 1056//640
f 1395//5 1396//5 1394//5
f 1386//641 1397//641 1389//641
f 1398//642 833//642 787//642
f 1398//642 787//642 1399//642
f 1400//5 1394//5 1393//5
f 1395//5 1394//5 1400//5
f 1378//643 886//643 898//643
f 1401//644 831//644 833//644
f 1401//644 833//644 1398//644
f 1379//645 898//645 734//645
f 1402//646 834//646 831//646
f 1402//646 831//646 1401//646
f 1403//5 1394//5 1404//5
f 1405//5 1406//5 1404//5
f 616//647 638//647 1020//647
f 834//648 1402//648 1407//648
f 834//648 1407//648 837//648
f 1384//649 1379//649 734//649
f 1020//650 638//650 1123//650
f 1403//5 1404//5 1406//5
f 837//651 1407//651 1408//651
f 837//651 1408//651 838//651
f 1046//652 1056//652 1045//652
f 1384//653 719//653 1331//653
f 1409//5 1404//5 1394//5
f 1410//654 838//654 1411//654
f 1020//655 1123//655 1056//655
f 1384//656 734//656 719//656
f 1251//512 1045//512 1056//512
f 1409//5 1394//5 1412//5
f 1412//5 1394//5 1288//5
f 1288//5 1394//5 1289//5
f 1413//657 1414//657 1408//657
f 838//657 1408//657 1414//657
f 1414//658 1411//658 838//658
f 838//657 1410//657 840//657
f 1296//5 1394//5 1396//5
f 1289//5 1394//5 1296//5
f 1239//659 1247//659 1251//659
f 1056//660 1125//660 1251//660
f 844//661 1415//661 1416//661
f 844//661 1416//661 841//661
f 1417//6 1418//6 1419//6
f 1420//6 1421//6 1422//6
f 1423//6 1421//6 1419//6
f 1125//662 1056//662 1123//662
f 1411//663 1424//663 1410//663
f 1419//553 47//553 1423//553
f 1424//663 1411//663 1414//663
f 1410//663 1424//663 828//663
f 1410//619 828//619 840//619
f 1417//525 39//525 1418//525
f 1424//615 1414//615 1425//615
f 1413//615 1425//615 1414//615
f 1239//664 1251//664 1240//664
f 1415//665 844//665 1424//665
f 828//666 1424//666 844//666
f 40//667 1418//667 39//667
f 1415//668 1424//668 1425//668
f 1426//6 1382//6 1427//6
f 1285//669 1428//669 1429//669
f 1430//670 869//670 1416//670
f 841//670 1416//670 869//670
f 1418//6 1427//6 1382//6
f 1418//6 1382//6 1431//6
f 1418//6 1431//6 1385//6
f 1418//6 1385//6 1432//6
f 1418//6 1432//6 1433//6
f 1419//6 1418//6 1433//6
f 1434//671 849//671 851//671
f 1434//671 851//671 1435//671
f 49//672 1426//672 40//672
f 1427//672 40//672 1426//672
f 1428//673 1030//673 1436//673
f 49//632 1382//632 1426//632
f 685//674 1030//674 1428//674
f 852//675 1437//675 1435//675
f 852//675 1435//675 851//675
f 853//676 1438//676 1437//676
f 853//676 1437//676 852//676
f 1439//677 1440//677 1441//677
f 50//678 48//678 1431//678
f 50//678 1431//678 1382//678
f 1431//634 48//634 1385//634
f 854//679 1442//679 1443//679
f 1385//636 44//636 1432//636
f 850//680 1444//680 1442//680
f 850//680 1442//680 854//680
f 44//549 46//549 1433//549
f 44//549 1433//549 1432//549
f 1436//681 1439//681 1441//681
f 1445//511 860//511 862//511
f 1445//511 862//511 1446//511
f 47//547 1419//547 46//547
f 1439//682 1447//682 1440//682
f 1418//667 40//667 1427//667
f 1438//683 853//683 857//683
f 1438//683 857//683 1448//683
f 1449//684 1450//684 1451//684
f 1448//685 857//685 855//685
f 1448//685 855//685 1443//685
f 854//679 1443//679 855//679
f 1452//6 1453//6 1454//6
f 1455//6 1454//6 1453//6
f 1456//6 1457//6 1458//6
f 1459//686 861//686 860//686
f 1459//686 860//686 1445//686
f 1451//687 1460//687 1461//687
f 1462//481 1451//481 1461//481
f 809//688 1463//688 1446//688
f 809//688 1446//688 862//688
f 1464//689 810//689 865//689
f 1464//689 865//689 1465//689
f 1047//690 1466//690 1051//690
f 1467//518 1051//518 1466//518
f 864//691 1468//691 1465//691
f 864//691 1465//691 865//691
f 1469//6 1470//6 1471//6
f 1472//692 1462//692 1461//692
f 863//635 1473//635 1468//635
f 863//635 1468//635 864//635
f 1460//693 1450//693 1472//693
f 1461//694 1460//694 1472//694
f 1454//6 1474//6 1470//6
f 1474//6 1471//6 1470//6
f 1475//6 1470//6 1469//6
f 1295//6 1456//6 1458//6
f 861//695 1459//695 1473//695
f 861//695 1473//695 863//695
f 1447//696 1051//696 1467//696
f 1476//6 1454//6 1477//6
f 1455//6 1477//6 1454//6
f 1470//6 1452//6 1454//6
f 1447//447 974//447 1051//447
f 849//697 1478//697 873//697
f 1479//698 5//698 1480//698
f 1475//6 1458//6 1470//6
f 1481//699 1472//699 1479//699
f 1447//700 1439//700 974//700
f 1457//6 1470//6 1458//6
f 1287//6 1290//6 1458//6
f 1295//6 1458//6 1290//6
f 1480//701 1481//701 1479//701
f 849//697 1434//697 1478//697
f 1433//547 46//547 1419//547
f 1482//702 1483//702 1466//702
f 1466//703 1484//703 1467//703
f 1453//704 1392//704 1394//704
f 1453//704 1394//704 1455//704
f 1467//705 1484//705 1447//705
f 1452//706 1393//706 1453//706
f 1392//706 1453//706 1393//706
f 869//697 1444//697 850//697
f 1452//707 1470//707 1400//707
f 1452//707 1400//707 1393//707
f 1457//708 1395//708 1400//708
f 1457//708 1400//708 1470//708
f 1430//697 1444//697 869//697
f 1485//709 1486//709 1487//709
f 873//710 1478//710 1488//710
f 1486//481 1485//481 1462//481
f 1451//481 1462//481 1485//481
f 1403//711 1455//711 1394//711
f 1483//712 1447//712 1484//712
f 1481//713 1487//713 1486//713
f 1458//714 1475//714 1489//714
f 1458//714 1489//714 1490//714
f 809//715 1104//715 1488//715
f 1285//716 685//716 1428//716
f 1463//715 809//715 1488//715
f 1491//714 1489//714 1475//714
f 1472//717 1481//717 1462//717
f 1486//717 1462//717 1481//717
f 1492//718 1491//718 1475//718
f 1492//718 1475//718 1469//718
f 1493//718 1492//718 1469//718
f 810//715 1464//715 1399//715
f 810//715 1399//715 787//715
f 1030//719 1089//719 1436//719
f 879//720 1361//720 883//720
f 1471//721 1494//721 1495//721
f 1471//721 1495//721 1496//721
f 807//722 1347//722 884//722
f 1319//540 884//540 1317//540
f 1436//723 1089//723 1439//723
f 1469//721 1471//721 1493//721
f 1496//721 1493//721 1471//721
f 1089//700 974//700 1439//700
f 1361//538 1345//538 883//538
f 1317//724 884//724 1347//724
f 1484//702 1466//702 1483//702
f 1405//672 1497//672 1406//672
f 803//725 883//725 1345//725
f 1474//726 1497//726 1494//726
f 1494//726 1471//726 1474//726
f 1344//588 802//588 1346//588
f 1344//588 1346//588 1498//588
f 1440//682 1447//682 1499//682
f 1347//592 806//592 1349//592
f 1349//592 1348//592 1500//592
f 1501//727 1502//727 1503//727
f 1482//702 1504//702 1483//702
f 1361//728 1362//728 1346//728
f 1491//729 1492//729 1409//729
f 1492//730 1493//730 1409//730
f 1493//731 1496//731 1409//731
f 1495//730 1409//730 1496//730
f 286//732 1505//732 1482//732
f 1482//733 1506//733 1504//733
f 1485//709 1487//709 1503//709
f 1454//734 1476//734 1497//734
f 1499//712 1483//712 1504//712
f 1499//735 1504//735 1506//735
f 1362//728 1498//728 1346//728
f 1316//725 1317//725 1347//725
f 1316//736 1347//736 1349//736
f 1507//737 1508//737 1509//737
f 1499//712 1447//712 1483//712
f 1497//738 1474//738 1454//738
f 1361//736 1346//736 1345//736
f 1404//678 1409//678 1494//678
f 1495//678 1494//678 1409//678
f 884//739 1319//739 942//739
f 1509//740 1503//740 1502//740
f 1500//541 1320//541 1349//541
f 1316//541 1349//541 1320//541
f 1409//730 1412//730 1491//730
f 1501//709 1503//709 1487//709
f 1507//741 1509//741 1502//741
f 1510//742 1511//742 1429//742
f 1512//743 891//743 892//743
f 1512//743 892//743 1513//743
f 1501//744 1487//744 1507//744
f 1514//745 896//745 895//745
f 1514//746 895//746 1515//746
f 1404//632 1494//632 1497//632
f 1405//632 1404//632 1497//632
f 1516//635 889//635 891//635
f 1516//635 891//635 1512//635
f 1481//744 1507//744 1487//744
f 1502//747 1501//747 1507//747
f 1510//748 1429//748 1517//748
f 895//749 889//749 1516//749
f 895//750 1516//750 1515//750
f 1429//751 1518//751 1517//751
f 1476//672 1406//672 1497//672
f 896//622 1514//622 1519//622
f 896//622 1519//622 948//622
f 900//752 1520//752 1521//752
f 900//752 1521//752 1164//752
f 1476//753 1477//753 1406//753
f 1477//753 1403//753 1406//753
f 1518//754 1522//754 1517//754
f 1520//755 948//755 1519//755
f 1520//755 900//755 948//755
f 1489//731 1491//731 1412//731
f 1518//756 1441//756 1522//756
f 1477//711 1455//711 1403//711
f 1440//757 1523//757 1441//757
f 1287//758 1458//758 1292//758
f 1490//758 1292//758 1458//758
f 1524//759 1525//759 907//759
f 1526//760 907//760 1525//760
f 1288//549 1292//549 1412//549
f 909//760 1527//760 907//760
f 1527//761 1524//761 907//761
f 1456//762 1396//762 1395//762
f 1456//762 1395//762 1457//762
f 1526//760 1525//760 1528//760
f 1456//763 1295//763 1296//763
f 1456//763 1296//763 1396//763
f 1529//764 897//764 1530//764
f 1292//730 1490//730 1412//730
f 1490//731 1489//731 1412//731
f 1531//765 1530//765 897//765
f 911//766 897//766 1529//766
f 897//767 1532//767 1531//767
f 1533//766 1531//766 1532//766
f 1429//768 1428//768 1518//768
f 912//769 1534//769 1527//769
f 912//770 1527//770 909//770
f 1527//771 1534//771 1524//771
f 1428//772 1436//772 1518//772
f 1535//635 1250//635 16//635
f 1518//773 1436//773 1441//773
f 1536//774 1537//774 1538//774
f 17//622 1249//622 1539//622
f 15//622 17//622 1539//622
f 1524//771 1534//771 1525//771
f 1530//775 1534//775 1529//775
f 1525//771 1534//771 1540//771
f 1525//771 1540//771 1528//771
f 1534//776 1530//776 1531//776
f 1529//777 1534//777 912//777
f 1529//778 912//778 911//778
f 1534//779 1531//779 1540//779
f 1533//780 1540//780 1531//780
f 1541//781 914//781 907//781
f 1541//781 907//781 1526//781
f 1542//782 915//782 914//782
f 1542//782 914//782 1541//782
f 1543//783 917//783 915//783
f 1543//783 915//783 1542//783
f 1544//784 918//784 917//784
f 1544//784 917//784 1543//784
f 772//785 918//785 1545//785
f 918//785 1544//785 1545//785
f 1250//6 1546//6 1258//6
f 1547//6 1548//6 1549//6
f 1549//6 1258//6 1546//6
f 1532//786 897//786 1550//786
f 1258//6 1549//6 1548//6
f 1551//6 1548//6 1547//6
f 1552//787 1550//787 897//787
f 1553//786 1532//786 1550//786
f 1554//788 1552//788 897//788
f 946//789 1554//789 897//789
f 1555//790 882//790 928//790
f 1555//790 928//790 1556//790
f 927//791 1557//791 1556//791
f 927//791 1556//791 928//791
f 1558//792 291//792 290//792
f 926//793 1559//793 1557//793
f 926//793 1557//793 927//793
f 1560//792 291//792 1558//792
f 925//794 1561//794 1559//794
f 925//794 1559//794 926//794
f 1548//672 1283//672 1258//672
f 1277//672 1258//672 1283//672
f 924//795 1562//795 1561//795
f 924//795 1561//795 925//795
f 1563//796 1564//796 1546//796
f 1538//687 510//687 1536//687
f 1536//481 510//481 1565//481
f 923//797 1566//797 1562//797
f 923//797 1562//797 924//797
f 286//798 287//798 1567//798
f 286//799 1567//799 1505//799
f 1506//800 1482//800 1505//800
f 885//801 1568//801 1566//801
f 885//802 1566//802 923//802
f 1283//6 1282//6 1277//6
f 1506//803 1505//803 1499//803
f 931//691 1569//691 929//691
f 291//803 1499//803 1505//803
f 291//804 1505//804 1567//804
f 931//691 1570//691 1569//691
f 291//805 1567//805 287//805
f 1571//704 1261//704 1279//704
f 1260//704 1279//704 1261//704
f 933//635 1572//635 1570//635
f 933//635 1570//635 931//635
f 287//87 285//87 291//87
f 1264//6 1277//6 1279//6
f 1573//695 1574//695 933//695
f 930//695 1573//695 933//695
f 1560//806 1499//806 291//806
f 16//635 54//635 1535//635
f 936//807 935//807 1575//807
f 935//808 1576//808 1577//808
f 1522//809 1441//809 1523//809
f 1576//810 935//810 934//810
f 1576//810 934//810 1578//810
f 1539//562 1535//562 15//562
f 1578//562 934//562 932//562
f 1578//562 932//562 1579//562
f 47//553 65//553 1423//553
f 1440//811 1560//811 1523//811
f 1579//689 932//689 929//689
f 1579//689 929//689 1569//689
f 65//763 38//763 1423//763
f 1440//812 1499//812 1560//812
f 63//704 37//704 1417//704
f 39//525 1417//525 37//525
f 772//813 1545//813 885//813
f 1568//813 885//813 1545//813
f 936//814 1575//814 947//814
f 1554//815 947//815 1552//815
f 1580//5 1581//5 1582//5
f 1580//5 1582//5 1583//5
f 1580//5 1583//5 1584//5
f 1580//5 1584//5 1585//5
f 1580//5 1585//5 1586//5
f 1586//5 1587//5 1580//5
f 1580//5 1588//5 1589//5
f 1580//5 1589//5 1590//5
f 1580//5 1590//5 1591//5
f 1592//5 1593//5 1591//5
f 1580//5 1591//5 1593//5
f 1588//5 1580//5 1594//5
f 1594//5 1580//5 1595//5
f 1595//5 1580//5 1587//5
f 1596//727 549//727 1597//727
f 1597//740 549//740 1598//740
f 1552//816 947//816 1575//816
f 1572//695 933//695 1574//695
f 1572//695 1574//695 1599//695
f 1575//808 935//808 1577//808
f 1577//808 1576//808 1600//808
f 1597//817 1598//817 1601//817
f 1286//818 1511//818 1602//818
f 54//562 15//562 1535//562
f 1552//819 1575//819 1550//819
f 1597//820 1601//820 1596//820
f 1596//821 1601//821 1603//821
f 1577//822 1550//822 1575//822
f 1604//823 1336//823 1605//823
f 947//824 1554//824 946//824
f 1604//825 1331//825 1336//825
f 1577//816 1553//816 1550//816
f 1605//826 1336//826 1337//826
f 1553//816 1577//816 1600//816
f 1602//827 1605//827 1337//827
f 999//828 1606//828 1254//828
f 1004//828 1606//828 999//828
f 1286//829 1602//829 1337//829
f 1607//6 1608//6 1609//6
f 1004//830 1014//830 1606//830
f 1610//830 1606//830 1014//830
f 1285//831 1429//831 1511//831
f 1611//832 1610//832 1036//832
f 1014//832 1036//832 1610//832
f 1511//833 1286//833 1285//833
f 1612//834 1611//834 1036//834
f 1539//6 1613//6 1614//6
f 1613//6 1539//6 1615//6
f 1612//834 1036//834 1038//834
f 1331//835 1604//835 1383//835
f 1612//81 957//81 1616//81
f 1617//6 1535//6 1618//6
f 547//709 1603//709 1619//709
f 549//709 1603//709 547//709
f 1596//709 1603//709 549//709
f 1038//81 957//81 1612//81
f 957//85 961//85 1620//85
f 957//85 1620//85 1616//85
f 547//481 1565//481 510//481
f 1619//481 1565//481 547//481
f 961//836 1621//836 1620//836
f 1621//836 961//836 960//836
f 1622//702 518//702 1623//702
f 960//607 964//607 1624//607
f 960//607 1624//607 1621//607
f 1218//532 1275//532 1208//532
f 1625//6 1626//6 1627//6
f 1627//6 1626//6 1628//6
f 1119//837 1624//837 964//837
f 951//838 1629//838 1630//838
f 951//838 1630//838 952//838
f 1631//6 1625//6 1627//6
f 1619//839 1603//839 1632//839
f 1633//840 953//840 1634//840
f 1601//839 1632//839 1603//839
f 1635//841 1636//841 1637//841
f 953//842 1637//842 1636//842
f 1636//843 1634//843 953//843
f 953//844 1633//844 954//844
f 1638//6 1535//6 1614//6
f 1638//6 1618//6 1535//6
f 1539//6 1614//6 1535//6
f 1626//6 1639//6 1628//6
f 1629//845 951//845 1640//845
f 950//562 1640//562 951//562
f 1634//846 1640//846 1633//846
f 1537//847 1536//847 1565//847
f 1632//847 1537//847 1565//847
f 1629//562 1640//562 1641//562
f 1642//6 1535//6 1643//6
f 1640//848 1634//848 1636//848
f 1644//849 1645//849 1646//849
f 1633//850 1640//850 950//850
f 1633//851 950//851 954//851
f 1619//852 1632//852 1565//852
f 1628//6 1639//6 1535//6
f 1647//6 1535//6 1639//6
f 1617//6 1628//6 1535//6
f 1535//6 1647//6 1643//6
f 1640//846 1636//846 1641//846
f 1635//853 1641//853 1636//853
f 1632//854 1648//854 1537//854
f 952//855 1630//855 1649//855
f 952//855 1649//855 959//855
f 1632//856 1650//856 1648//856
f 1601//857 1650//857 1632//857
f 959//858 1649//858 1651//858
f 959//858 1651//858 963//858
f 963//859 1651//859 1652//859
f 963//859 1652//859 965//859
f 1653//860 1654//860 1537//860
f 1655//6 1656//6 1657//6
f 1608//6 1657//6 1658//6
f 1659//511 953//511 1660//511
f 1648//861 1661//861 1537//861
f 1662//511 1660//511 953//511
f 1663//511 1637//511 1659//511
f 1637//862 953//862 1659//862
f 1088//511 1662//511 953//511
f 1551//6 1547//6 1664//6
f 1665//863 967//863 966//863
f 1665//864 966//864 1666//864
f 1667//6 1668//6 1664//6
f 968//865 1669//865 1666//865
f 968//865 1666//865 966//865
f 1390//866 1670//866 1671//866
f 1631//6 1672//6 1625//6
f 969//867 1673//867 1669//867
f 969//867 1669//867 968//867
f 1674//6 1535//6 1642//6
f 970//868 1675//868 1673//868
f 970//868 1673//868 969//868
f 4//869 150//869 1676//869
f 150//870 1677//870 1676//870
f 1678//6 1679//6 1250//6
f 150//871 1680//871 1677//871
f 1671//872 881//872 1390//872
f 1250//6 1679//6 1681//6
f 1682//873 978//873 977//873
f 1682//873 977//873 1683//873
f 4//874 1676//874 2//874
f 1674//6 1250//6 1535//6
f 1678//6 1250//6 1674//6
f 1546//6 1250//6 1681//6
f 976//875 1684//875 1683//875
f 976//875 1683//875 977//875
f 2//876 1685//876 5//876
f 1656//6 1655//6 1672//6
f 1631//6 1656//6 1672//6
f 1667//6 1672//6 1655//6
f 1658//6 1657//6 1656//6
f 1668//6 1667//6 1655//6
f 1551//6 1664//6 1668//6
f 1686//877 1687//877 976//877
f 975//878 1686//878 976//878
f 1390//879 1688//879 1670//879
f 1658//6 1609//6 1608//6
f 1676//880 1685//880 2//880
f 982//881 981//881 1689//881
f 1690//881 1691//881 981//881
f 1688//882 1390//882 1378//882
f 1480//698 5//698 1685//698
f 1690//883 981//883 980//883
f 1690//883 980//883 1692//883
f 979//884 1693//884 1692//884
f 979//884 1692//884 980//884
f 1609//6 1694//6 1607//6
f 978//885 1682//885 1693//885
f 978//885 1693//885 979//885
f 1539//6 1695//6 1696//6
f 1697//886 991//886 967//886
f 1697//886 967//886 1665//886
f 1698//887 1699//887 1697//887
f 1700//6 1539//6 1701//6
f 1697//887 1699//887 991//887
f 1539//6 1249//6 1702//6
f 1261//6 1702//6 1249//6
f 984//888 1200//888 1703//888
f 1702//6 1701//6 1539//6
f 1539//6 1700//6 1695//6
f 1607//6 1694//6 1695//6
f 1696//6 1695//6 1694//6
f 1539//6 1696//6 1704//6
f 1704//6 1615//6 1539//6
f 1645//889 1236//889 1646//889
f 1705//890 1614//890 1613//890
f 1705//890 1613//890 1706//890
f 1236//891 1645//891 1235//891
f 1628//892 1707//892 1627//892
f 1703//893 1708//893 985//893
f 1646//894 1236//894 880//894
f 1676//895 1677//895 1709//895
f 1707//892 1628//892 1710//892
f 984//896 1703//896 985//896
f 1711//897 1712//897 1658//897
f 1711//897 1658//897 1656//897
f 989//898 1699//898 1086//898
f 1658//704 1712//704 1713//704
f 1658//704 1713//704 1609//704
f 1714//899 1694//899 1609//899
f 1714//899 1609//899 1713//899
f 880//900 1671//900 1646//900
f 1694//901 1714//901 1715//901
f 1694//901 1715//901 1696//901
f 1662//851 995//851 1660//851
f 1671//902 880//902 881//902
f 1676//903 1709//903 1685//903
f 1699//904 1686//904 1086//904
f 975//905 1086//905 1686//905
f 1716//906 1704//906 1696//906
f 1716//906 1696//906 1715//906
f 1717//907 1685//907 1709//907
f 1716//908 1615//908 1704//908
f 1718//908 1615//908 1716//908
f 982//905 1689//905 995//905
f 1660//904 995//904 1689//904
f 1706//909 1613//909 1615//909
f 1706//909 1615//909 1718//909
f 1719//877 1684//877 1687//877
f 1684//910 976//910 1687//910
f 1480//911 1685//911 1717//911
f 1720//912 1638//912 1614//912
f 1720//912 1614//912 1705//912
f 1689//881 981//881 1691//881
f 1721//881 1691//881 1690//881
f 1722//913 1618//913 1638//913
f 1722//913 1638//913 1720//913
f 989//914 991//914 1699//914
f 1480//915 1717//915 1507//915
f 1480//916 1507//916 1481//916
f 1722//917 1617//917 1618//917
f 1719//918 1687//918 1698//918
f 1723//917 1617//917 1722//917
f 1710//919 1628//919 1617//919
f 1710//919 1617//919 1723//919
f 1699//918 1698//918 1687//918
f 1724//672 1631//672 1627//672
f 1724//672 1627//672 1707//672
f 1725//763 1626//763 1625//763
f 1726//920 516//920 1727//920
f 1660//905 1689//905 1659//905
f 1711//539 1631//539 1724//539
f 1275//921 1728//921 1622//921
f 1631//539 1711//539 1656//539
f 1625//763 1729//763 1725//763
f 1687//922 1686//922 1699//922
f 1626//923 1725//923 1639//923
f 1730//923 1639//923 1725//923
f 1691//922 1659//922 1689//922
f 1731//924 1647//924 1639//924
f 1731//924 1639//924 1730//924
f 1732//549 1643//549 1647//549
f 1732//549 1647//549 1731//549
f 995//925 1662//925 1088//925
f 1642//636 1643//636 1732//636
f 1659//926 1691//926 1663//926
f 1721//926 1663//926 1691//926
f 140//927 89//927 1733//927
f 89//928 226//928 1733//928
f 1716//6 1715//6 1707//6
f 1715//6 1714//6 1707//6
f 1714//6 1713//6 1707//6
f 1713//6 1712//6 1707//6
f 1711//6 1724//6 1712//6
f 1707//6 1712//6 1724//6
f 1370//929 1734//929 1000//929
f 1370//929 1000//929 818//929
f 1722//6 1720//6 1706//6
f 1000//930 1734//930 1735//930
f 1000//930 1735//930 998//930
f 998//931 1735//931 1736//931
f 998//931 1736//931 1002//931
f 1002//932 1736//932 1737//932
f 1002//932 1737//932 1003//932
f 1710//6 1706//6 1707//6
f 1723//6 1706//6 1710//6
f 1722//6 1706//6 1723//6
f 1705//6 1706//6 1720//6
f 1706//6 1718//6 1707//6
f 1716//6 1707//6 1718//6
f 1003//933 1737//933 1738//933
f 1003//933 1738//933 1005//933
f 1739//934 140//934 1733//934
f 1011//935 1740//935 1741//935
f 1011//936 1741//936 1012//936
f 1742//622 1007//622 1738//622
f 1005//622 1738//622 1007//622
f 1730//6 1725//6 1731//6
f 1729//6 1743//6 1725//6
f 1731//6 1725//6 1732//6
f 1011//937 1007//937 1742//937
f 1011//938 1742//938 1740//938
f 1744//939 1608//939 1607//939
f 1012//635 1741//635 1745//635
f 1012//635 1745//635 1101//635
f 1551//632 1281//632 1283//632
f 1551//632 1283//632 1548//632
f 1668//678 1746//678 1281//678
f 1668//678 1281//678 1551//678
f 1747//940 1644//940 1646//940
f 1655//941 1748//941 1746//941
f 1655//941 1746//941 1668//941
f 1748//636 1655//636 1749//636
f 1657//636 1749//636 1655//636
f 1750//942 1019//942 1018//942
f 1750//942 1018//942 1751//942
f 1749//913 1657//913 1608//913
f 1749//913 1608//913 1744//913
f 1751//943 1018//943 1015//943
f 1751//943 1015//943 1752//943
f 1546//796 1564//796 1549//796
f 150//944 96//944 149//944
f 1549//945 1564//945 1753//945
f 1549//945 1753//945 1547//945
f 1752//946 1015//946 1017//946
f 1752//946 1017//946 1754//946
f 1755//706 1664//706 1547//706
f 1755//706 1547//706 1753//706
f 1664//947 1755//947 1756//947
f 1664//947 1756//947 1667//947
f 1747//948 1671//948 1670//948
f 149//949 1680//949 150//949
f 1754//950 1017//950 1028//950
f 1754//950 1028//950 1757//950
f 1747//951 1646//951 1671//951
f 1758//952 1672//952 1667//952
f 1758//952 1667//952 1756//952
f 149//953 1759//953 1680//953
f 1758//762 1729//762 1672//762
f 1625//762 1672//762 1729//762
f 1026//954 1760//954 1761//954
f 1026//954 1761//954 1025//954
f 1688//955 1762//955 1763//955
f 1764//636 1642//636 1732//636
f 1021//956 1765//956 1760//956
f 1021//956 1760//956 1026//956
f 1743//957 1674//957 1642//957
f 1743//957 1642//957 1764//957
f 1763//958 1670//958 1688//958
f 1765//959 1021//959 1766//959
f 1767//960 1766//960 1021//960
f 874//960 1767//960 1021//960
f 1768//961 1678//961 1674//961
f 1768//961 1674//961 1743//961
f 868//962 1022//962 1391//962
f 1769//962 1397//962 1022//962
f 1770//632 1679//632 1678//632
f 1770//632 1678//632 1768//632
f 1733//963 226//963 241//963
f 1023//964 1771//964 1769//964
f 1023//964 1769//964 1022//964
f 1772//965 1681//965 1679//965
f 1772//965 1679//965 1770//965
f 1688//966 1377//966 1762//966
f 1024//586 1773//586 1771//586
f 1024//586 1771//586 1023//586
f 1563//967 1546//967 1772//967
f 1681//967 1772//967 1546//967
f 1025//968 1761//968 1773//968
f 1025//968 1773//968 1024//968
f 1098//969 1097//969 1774//969
f 1748//6 1282//6 1746//6
f 1746//6 1282//6 1281//6
f 1739//970 1733//970 1775//970
f 1776//969 1774//969 1097//969
f 1777//969 1774//969 1776//969
f 1744//6 1778//6 1749//6
f 140//971 1779//971 145//971
f 1019//972 1750//972 1780//972
f 1019//972 1780//972 1027//972
f 1757//973 1028//973 1029//973
f 1757//973 1029//973 1781//973
f 1781//974 1101//974 1745//974
f 1776//974 1097//974 1027//974
f 1776//974 1027//974 1780//974
f 140//975 1739//975 1779//975
f 1101//974 1781//974 1029//974
f 145//976 1779//976 1759//976
f 1756//6 1755//6 1758//6
f 1755//6 1753//6 1758//6
f 1753//6 1564//6 1758//6
f 1564//6 1563//6 1758//6
f 1563//6 1772//6 1758//6
f 1772//6 1770//6 1758//6
f 1770//6 1768//6 1758//6
f 1768//6 1743//6 1758//6
f 1729//6 1758//6 1743//6
f 1764//6 1725//6 1743//6
f 1732//6 1725//6 1764//6
f 1782//977 1031//977 1032//977
f 1782//977 1032//977 1783//977
f 1744//939 1607//939 1784//939
f 1785//978 1013//978 1786//978
f 1282//979 1702//979 1261//979
f 1282//979 1261//979 1571//979
f 1787//980 1788//980 1789//980
f 1013//980 1789//980 1788//980
f 1788//981 1786//981 1013//981
f 1013//980 1785//980 1033//980
f 1034//982 1790//982 1032//982
f 1791//983 1607//983 1695//983
f 145//984 1759//984 149//984
f 1786//985 1790//985 1785//985
f 1784//983 1607//983 1791//983
f 1792//986 1783//986 1790//986
f 1032//987 1790//987 1783//987
f 1791//909 1695//909 1700//909
f 1791//909 1700//909 1778//909
f 1790//988 1786//988 1788//988
f 1701//762 1793//762 1700//762
f 1778//762 1700//762 1793//762
f 1785//989 1790//989 1034//989
f 1785//990 1034//990 1033//990
f 1793//991 1701//991 1702//991
f 1793//991 1702//991 1282//991
f 1790//992 1788//992 1792//992
f 1787//993 1792//993 1788//993
f 1571//6 1277//6 1282//6
f 1571//6 1279//6 1277//6
f 1031//994 1782//994 1794//994
f 1031//994 1794//994 1035//994
f 1778//6 1744//6 1791//6
f 1035//995 1794//995 1795//995
f 1035//995 1795//995 1037//995
f 1037//996 1795//996 1796//996
f 1037//996 1796//996 1039//996
f 1775//997 1733//997 241//997
f 1744//6 1784//6 1791//6
f 1793//6 1748//6 1778//6
f 1282//6 1748//6 1793//6
f 1748//6 1749//6 1778//6
f 1039//998 1796//998 1797//998
f 1039//998 1797//998 955//998
f 955//999 1797//999 1798//999
f 955//999 1798//999 956//999
f 1423//6 1422//6 1421//6
f 1417//6 1419//6 1421//6
f 62//707 1420//707 64//707
f 1799//707 64//707 1420//707
f 1800//1000 996//1000 1798//1000
f 956//1001 1798//1001 996//1001
f 1421//706 1420//706 63//706
f 62//706 63//706 1420//706
f 996//1002 1800//1002 1801//1002
f 1688//1003 1378//1003 1377//1003
f 63//704 1417//704 1421//704
f 1789//1004 1013//1004 1802//1004
f 1803//1005 1802//1005 1013//1005
f 1804//1006 1789//1006 1802//1006
f 1805//1007 1803//1007 1013//1007
f 1100//1006 1805//1006 1013//1006
f 1799//1008 38//1008 64//1008
f 1739//1009 1806//1009 1779//1009
f 1379//1010 1807//1010 1377//1010
f 1060//1011 1808//1011 1809//1011
f 1060//1011 1809//1011 1062//1011
f 1383//1012 1807//1012 1384//1012
f 1061//1013 1810//1013 1808//1013
f 1061//1013 1808//1013 1060//1013
f 1811//6 1812//6 1813//6
f 1814//6 1813//6 1812//6
f 1812//6 1815//6 1814//6
f 1815//6 1816//6 1814//6
f 1816//6 1817//6 1814//6
f 1817//6 1818//6 1814//6
f 1819//6 1814//6 1818//6
f 1820//6 1821//6 1818//6
f 1822//6 1821//6 1820//6
f 1823//6 1821//6 1822//6
f 1824//6 1821//6 1823//6
f 1825//6 1821//6 1824//6
f 1826//6 1821//6 1825//6
f 1819//6 1818//6 1821//6
f 1818//553 1580//553 1593//553
f 1818//553 1593//553 1820//553
f 1061//1014 1827//1014 1810//1014
f 1593//763 1592//763 1822//763
f 1593//763 1822//763 1820//763
f 1384//1015 1807//1015 1379//1015
f 1828//1016 1080//1016 1829//1016
f 1759//1017 1830//1017 1680//1017
f 1592//762 1591//762 1823//762
f 1592//762 1823//762 1822//762
f 1591//952 1590//952 1824//952
f 1591//952 1824//952 1823//952
f 1590//1018 1589//1018 1825//1018
f 1590//1018 1825//1018 1824//1018
f 1589//706 1588//706 1826//706
f 1589//706 1826//706 1825//706
f 1077//622 1831//622 1832//622
f 1077//622 1832//622 1076//622
f 1594//704 1821//704 1588//704
f 1821//704 1826//704 1588//704
f 1594//525 1595//525 1819//525
f 1594//525 1819//525 1821//525
f 1827//1014 1061//1014 1066//1014
f 1833//1019 538//1019 1834//1019
f 1799//6 1420//6 1422//6
f 1067//1020 1828//1020 1827//1020
f 1067//1020 1827//1020 1066//1020
f 338//81 336//81 1835//81
f 1080//1016 1828//1016 1067//1016
f 1423//763 38//763 1422//763
f 1836//511 1073//511 1070//511
f 1836//511 1070//511 1837//511
f 1799//1008 1422//1008 38//1008
f 1076//1021 1832//1021 1838//1021
f 1076//1021 1838//1021 1072//1021
f 1839//1022 1840//1022 1661//1022
f 1841//1023 1842//1023 1077//1023
f 1071//1023 1841//1023 1077//1023
f 1819//539 1595//539 1814//539
f 1587//539 1814//539 1595//539
f 1075//1024 1074//1024 1843//1024
f 1844//1025 1845//1025 1074//1025
f 1834//1026 1726//1026 1846//1026
f 1813//672 1814//672 1586//672
f 1587//672 1586//672 1814//672
f 1648//1022 1839//1022 1661//1022
f 1586//1027 1585//1027 1811//1027
f 1586//1027 1811//1027 1813//1027
f 1073//686 1836//686 1844//686
f 1073//686 1844//686 1074//686
f 1839//1028 271//1028 1840//1028
f 1585//1029 1584//1029 1812//1029
f 1585//1029 1812//1029 1811//1029
f 1834//1030 1846//1030 1833//1030
f 1846//1031 1835//1031 1833//1031
f 1837//1032 1070//1032 1072//1032
f 1837//1032 1072//1032 1838//1032
f 1812//1033 1584//1033 1583//1033
f 1812//1033 1583//1033 1815//1033
f 1583//1034 1582//1034 1816//1034
f 1583//1034 1816//1034 1815//1034
f 1840//1035 271//1035 257//1035
f 986//1036 1087//1036 1847//1036
f 1087//1036 1848//1036 1847//1036
f 1849//1036 1847//1036 1848//1036
f 1581//549 1817//549 1816//549
f 1581//549 1816//549 1582//549
f 342//1037 1850//1037 567//1037
f 1580//912 1818//912 1817//912
f 1580//912 1817//912 1581//912
f 1851//1038 993//1038 1809//1038
f 1062//1038 1809//1038 993//1038
f 1852//6 1853//6 1854//6
f 1829//790 1080//790 994//790
f 1829//790 994//790 1801//790
f 1855//1039 234//1039 258//1039
f 1854//6 1856//6 1852//6
f 1848//1040 1087//1040 1851//1040
f 1857//6 1858//6 1859//6
f 258//1041 266//1041 1855//1041
f 1851//1040 1087//1040 993//1040
f 1859//6 1860//6 1857//6
f 1861//6 1857//6 1860//6
f 240//1042 234//1042 1855//1042
f 1861//6 1854//6 1853//6
f 1860//6 1862//6 1861//6
f 1854//6 1861//6 1862//6
f 996//1002 1801//1002 994//1002
f 986//1043 1847//1043 1099//1043
f 1856//170 1854//170 1863//170
f 1856//170 1863//170 1864//170
f 1847//1044 1841//1044 1099//1044
f 1805//1045 1016//1045 1803//1045
f 1841//1046 1071//1046 1099//1046
f 1846//1047 1644//1047 1850//1047
f 1075//1048 1843//1048 1016//1048
f 1803//1049 1016//1049 1843//1049
f 1854//506 1862//506 1863//506
f 1865//506 1863//506 1862//506
f 1644//1050 1747//1050 1850//1050
f 1648//1051 1866//1051 1839//1051
f 1865//1052 1862//1052 1867//1052
f 1860//1052 1867//1052 1862//1052
f 1868//1053 1850//1053 1747//1053
f 1869//1023 1831//1023 1842//1023
f 1831//1023 1077//1023 1842//1023
f 1860//518 1859//518 1870//518
f 1860//518 1870//518 1867//518
f 1843//695 1074//695 1845//695
f 1871//695 1845//695 1844//695
f 1868//1054 1747//1054 1670//1054
f 1868//1055 1670//1055 1763//1055
f 1847//1048 1849//1048 1842//1048
f 1869//1048 1842//1048 1849//1048
f 1842//1056 1841//1056 1847//1056
f 1803//1057 1843//1057 1802//1057
f 1845//1056 1802//1056 1843//1056
f 1861//465 1872//465 1857//465
f 518//518 1208//518 1274//518
f 1861//1058 1853//1058 1872//1058
f 1873//702 516//702 1622//702
f 518//1059 1622//1059 516//1059
f 1274//1060 1623//1060 518//1060
f 266//1061 1874//1061 1875//1061
f 1726//1062 1834//1062 538//1062
f 538//1063 516//1063 1726//1063
f 1873//1064 1727//1064 516//1064
f 538//1065 1835//1065 336//1065
f 1833//81 1835//81 538//81
f 266//1066 1875//1066 1855//1066
f 1623//1067 1274//1067 1275//1067
f 1016//1046 1805//1046 1100//1046
f 1845//1043 1804//1043 1802//1043
f 1623//921 1275//921 1622//921
f 1855//1068 1876//1068 240//1068
f 1804//1043 1845//1043 1871//1043
f 1875//1069 1876//1069 1855//1069
f 1873//921 1622//921 1728//921
f 1098//1070 1774//1070 1105//1070
f 1235//1071 1645//1071 1275//1071
f 868//1072 1391//1072 872//1072
f 1275//1071 1218//1071 1235//1071
f 1846//1026 1726//1026 1728//1026
f 1774//637 1767//637 1105//637
f 1877//6 1864//6 1878//6
f 874//1073 1105//1073 1767//1073
f 1387//1070 872//1070 1391//1070
f 1727//1074 1873//1074 1728//1074
f 1863//6 1878//6 1864//6
f 1275//1075 1645//1075 1728//1075
f 1879//959 1765//959 1766//959
f 1727//1076 1728//1076 1726//1076
f 1880//6 1878//6 1865//6
f 1650//1077 1866//1077 1648//1077
f 1728//1078 1644//1078 1846//1078
f 1391//962 1022//962 1397//962
f 1881//962 1397//962 1769//962
f 1728//1075 1645//1075 1644//1075
f 1774//1079 1777//1079 1766//1079
f 1882//1080 271//1080 1839//1080
f 1846//1081 342//1081 1835//1081
f 1777//1079 1879//1079 1766//1079
f 1883//6 1884//6 1870//6
f 1870//6 1885//6 1883//6
f 338//1081 1835//1081 342//1081
f 1866//1082 1882//1082 1839//1082
f 1865//6 1878//6 1863//6
f 1882//1083 1874//1083 271//1083
f 1397//1084 1386//1084 1391//1084
f 1846//1037 1850//1037 342//1037
f 1886//6 1880//6 1867//6
f 1865//6 1867//6 1880//6
f 1867//6 1870//6 1886//6
f 266//1085 271//1085 1874//1085
f 1884//6 1886//6 1870//6
f 1774//1084 1766//1084 1767//1084
f 1887//1086 453//1086 501//1086
f 120//1087 1877//1087 118//1087
f 501//1088 1888//1088 1887//1088
f 120//1087 1889//1087 1877//1087
f 1890//1089 396//1089 453//1089
f 1389//641 1397//641 1881//641
f 1877//1090 1878//1090 117//1090
f 1877//1090 117//1090 118//1090
f 1878//410 1880//410 117//410
f 1108//813 882//813 1891//813
f 1890//1091 453//1091 1887//1091
f 1488//710 1104//710 873//710
f 397//1092 396//1092 1890//1092
f 1892//460 1853//460 1893//460
f 1852//460 1893//460 1853//460
f 1108//816 1891//816 1112//816
f 117//410 1880//410 83//410
f 1886//1093 86//1093 83//1093
f 1886//1093 83//1093 1880//1093
f 1886//1094 1884//1094 88//1094
f 1886//1094 88//1094 86//1094
f 1884//1095 1883//1095 88//1095
f 398//1096 397//1096 1558//1096
f 1894//6 1895//6 1872//6
f 1896//6 1872//6 1895//6
f 1119//837 1897//837 1624//837
f 1898//1097 1858//1097 1896//1097
f 1857//1097 1896//1097 1858//1097
f 240//1098 1876//1098 1899//1098
f 397//1099 1560//1099 1558//1099
f 1872//465 1896//465 1857//465
f 1897//1100 1119//1100 1900//1100
f 1558//1101 375//1101 398//1101
f 1900//1100 1119//1100 1136//1100
f 1876//1102 1901//1102 1899//1102
f 1853//1058 1892//1058 1872//1058
f 1136//612 1186//612 1902//612
f 1136//612 1902//612 1900//612
f 1903//6 1904//6 1905//6
f 241//1103 240//1103 1899//1103
f 1558//1104 290//1104 375//1104
f 1905//6 1906//6 1903//6
f 1186//1105 1189//1105 1902//1105
f 1899//1106 1775//1106 241//1106
f 1907//6 1903//6 1906//6
f 1908//1105 1902//1105 1189//1105
f 1517//1107 1887//1107 1888//1107
f 1908//1108 1188//1108 1909//1108
f 1910//6 1911//6 1912//6
f 1913//6 1912//6 1911//6
f 1517//1109 1522//1109 1887//1109
f 1912//6 1913//6 1904//6
f 1914//6 1904//6 1913//6
f 1188//1108 1908//1108 1189//1108
f 1914//6 1905//6 1904//6
f 1151//1110 1909//1110 1188//1110
f 1887//1111 1522//1111 1890//1111
f 1913//574 1915//574 1914//574
f 1151//1110 1916//1110 1909//1110
f 397//1112 1890//1112 1523//1112
f 1914//574 1915//574 1917//574
f 1151//1113 1918//1113 1916//1113
f 1154//1113 1918//1113 1151//1113
f 1911//1114 1919//1114 1913//1114
f 1156//1115 1920//1115 1918//1115
f 1156//1115 1918//1115 1154//1115
f 1913//1114 1919//1114 1915//1114
f 1890//1116 1522//1116 1523//1116
f 397//1117 1523//1117 1560//1117
f 1156//1118 890//1118 1920//1118
f 1255//1118 1920//1118 890//1118
f 1118//1119 965//1119 1921//1119
f 1652//1119 1921//1119 965//1119
f 1118//1120 1921//1120 1922//1120
f 1118//1120 1922//1120 1127//1120
f 1132//1121 1923//1121 1924//1121
f 1132//1121 1924//1121 1133//1121
f 1922//562 1925//562 1126//562
f 1922//562 1126//562 1127//562
f 1132//1122 1126//1122 1925//1122
f 1132//1123 1925//1123 1923//1123
f 1926//1124 1906//1124 1927//1124
f 1905//1124 1927//1124 1906//1124
f 1133//511 1924//511 1928//511
f 1133//511 1928//511 1144//511
f 1905//1125 1914//1125 1927//1125
f 490//1126 489//1126 1929//1126
f 1141//1127 1930//1127 1675//1127
f 1141//1127 1675//1127 970//1127
f 1140//1128 1931//1128 1930//1128
f 1140//1129 1930//1129 1141//1129
f 1917//1125 1927//1125 1914//1125
f 1875//1130 1932//1130 1876//1130
f 1134//1131 1933//1131 1931//1131
f 1134//1132 1931//1132 1140//1132
f 1934//565 1904//565 1903//565
f 1144//886 1928//886 1134//886
f 1933//886 1134//886 1928//886
f 489//1133 540//1133 1929//1133
f 1935//1134 1148//1134 1147//1134
f 1935//1134 1147//1134 1936//1134
f 490//1135 1929//1135 1937//1135
f 1938//1136 1149//1136 1939//1136
f 1149//1137 1940//1137 1939//1137
f 1941//1138 1939//1138 1940//1138
f 1901//1139 1876//1139 1932//1139
f 1929//1140 1942//1140 1937//1140
f 1149//1141 1938//1141 1943//1141
f 1150//1142 1149//1142 1943//1142
f 1929//1143 1944//1143 1942//1143
f 1147//635 1146//635 1945//635
f 1946//635 1936//635 1945//635
f 1147//635 1945//635 1936//635
f 1899//1144 1947//1144 1775//1144
f 1912//1145 1904//1145 1934//1145
f 1945//1146 1939//1146 1946//1146
f 1941//1147 1946//1147 1939//1147
f 490//1148 1937//1148 494//1148
f 1943//1149 1945//1149 1146//1149
f 1943//1147 1146//1147 1150//1147
f 1945//1150 1938//1150 1939//1150
f 494//1151 1937//1151 1888//1151
f 1938//1152 1945//1152 1943//1152
f 1948//1153 1153//1153 1148//1153
f 1948//1153 1148//1153 1935//1153
f 1949//1154 1155//1154 1153//1154
f 1949//1154 1153//1154 1948//1154
f 1950//1155 1159//1155 1155//1155
f 1950//1155 1155//1155 1949//1155
f 1937//1156 1510//1156 1888//1156
f 1950//1157 1513//1157 1159//1157
f 892//1157 1159//1157 1513//1157
f 1709//1158 1951//1158 1717//1158
f 1927//6 1952//6 1926//6
f 494//1159 1888//1159 501//1159
f 1149//1160 1953//1160 1954//1160
f 1955//622 1940//622 1954//622
f 1149//622 1954//622 1940//622
f 1956//1161 1951//1161 1709//1161
f 1953//622 1149//622 1957//622
f 1225//622 1957//622 1149//622
f 1161//1162 1958//1162 1959//1162
f 1161//1162 1959//1162 1163//1162
f 1717//1163 1508//1163 1507//1163
f 506//1164 609//1164 540//1164
f 1162//988 1960//988 1958//988
f 1162//988 1958//988 1161//988
f 1164//1165 1521//1165 1960//1165
f 1164//1165 1960//1165 1162//1165
f 1717//1166 1951//1166 1508//1166
f 540//1167 1944//1167 1929//1167
f 1961//1168 1165//1168 1166//1168
f 1961//1168 1166//1168 1962//1168
f 540//1169 1963//1169 1944//1169
f 1163//1170 1959//1170 1962//1170
f 1163//1170 1962//1170 1166//1170
f 1964//6 1965//6 1919//6
f 1966//594 1167//594 1169//594
f 1966//594 1169//594 1967//594
f 1915//6 1968//6 1917//6
f 1915//6 1919//6 1968//6
f 1969//6 1917//6 1968//6
f 1170//596 1970//596 1967//596
f 1170//596 1967//596 1169//596
f 1971//6 1968//6 1919//6
f 1972//1171 1973//1171 1974//1171
f 1972//1172 1974//1172 1975//1172
f 1976//1173 1977//1173 1170//1173
f 1172//885 1978//885 1979//885
f 1980//885 1979//885 1978//885
f 1981//1174 1982//1174 1983//1174
f 1981//1175 1983//1175 1984//1175
f 1973//1174 1972//1174 1984//1174
f 1981//1176 1984//1176 1972//1176
f 1978//1177 1172//1177 1171//1177
f 1978//1177 1171//1177 1985//1177
f 1982//740 1981//740 1509//740
f 1503//1178 1509//1178 1981//1178
f 1942//1179 1510//1179 1937//1179
f 1969//6 1952//6 1917//6
f 1986//6 1926//6 1952//6
f 1987//1180 1975//1180 1974//1180
f 1985//1181 1171//1181 1168//1181
f 1985//1181 1168//1181 1988//1181
f 1989//1182 1990//1182 1975//1182
f 1917//6 1952//6 1927//6
f 1988//1183 1168//1183 1167//1183
f 1988//1183 1167//1183 1966//1183
f 1968//492 100//492 97//492
f 1968//492 97//492 1969//492
f 1991//755 1175//755 1165//755
f 1991//755 1165//755 1961//755
f 1971//1184 102//1184 100//1184
f 1971//1184 100//1184 1968//1184
f 1974//1185 1973//1185 1987//1185
f 1973//1186 1984//1186 1987//1186
f 1508//1186 1987//1186 1984//1186
f 102//501 1971//501 109//501
f 1510//1187 1517//1187 1888//1187
f 1508//1186 1984//1186 1983//1186
f 139//527 138//527 1986//527
f 1112//1188 1573//1188 930//1188
f 1952//1189 99//1189 139//1189
f 1952//1189 139//1189 1986//1189
f 1982//737 1509//737 1508//737
f 1983//1190 1982//1190 1508//1190
f 97//1191 99//1191 1952//1191
f 97//1191 1952//1191 1969//1191
f 1963//1192 1604//1192 1605//1192
f 1508//1193 1951//1193 1987//1193
f 1992//6 1993//6 1934//6
f 1994//6 1995//6 1934//6
f 1996//6 1997//6 1994//6
f 1998//6 1934//6 1993//6
f 1954//1194 1979//1194 1955//1194
f 1951//1193 1999//1193 1987//1193
f 1944//1195 1963//1195 1605//1195
f 1994//565 1934//565 1903//565
f 1903//1196 1907//1196 1994//1196
f 1996//1196 1994//1196 1907//1196
f 1980//1194 1955//1194 1979//1194
f 1224//1146 1957//1146 1225//1146
f 1944//1197 1602//1197 1942//1197
f 1177//1198 1976//1198 1170//1198
f 1970//1173 1170//1173 1977//1173
f 1998//313 2000//313 1910//313
f 1998//313 1910//313 1912//313
f 1944//1199 1605//1199 1602//1199
f 1178//1200 1172//1200 2001//1200
f 1979//1200 2001//1200 1172//1200
f 1934//1145 1998//1145 1912//1145
f 1511//1201 1942//1201 1602//1201
f 1906//6 2002//6 1907//6
f 2003//6 1907//6 2002//6
f 1113//1202 1175//1202 2004//1202
f 2005//1203 2004//1203 1991//1203
f 2006//6 2003//6 2002//6
f 2006//6 2002//6 2007//6
f 2008//6 2006//6 2007//6
f 2008//6 2007//6 2009//6
f 1953//1204 2001//1204 1954//1204
f 1942//1205 1511//1205 1510//1205
f 2009//6 1115//6 2008//6
f 1117//6 2008//6 1115//6
f 1852//6 1856//6 2010//6
f 2011//6 2010//6 1856//6
f 2011//6 2012//6 2010//6
f 2013//6 2010//6 2012//6
f 1999//1206 1951//1206 1956//1206
f 2014//6 2013//6 2012//6
f 2014//6 2012//6 2015//6
f 1911//6 1910//6 2015//6
f 2014//6 2015//6 1910//6
f 2004//1207 1977//1207 1976//1207
f 1954//1207 2001//1207 1979//1207
f 2016//6 2017//6 2018//6
f 2019//6 2018//6 2017//6
f 2017//6 2020//6 2019//6
f 1970//1173 1977//1173 2021//1173
f 2022//6 2019//6 2020//6
f 1859//6 1858//6 2020//6
f 2022//6 2020//6 1858//6
f 1175//1203 1991//1203 2004//1203
f 1130//6 2023//6 1137//6
f 2024//6 1137//6 2023//6
f 1977//1152 2004//1152 2005//1152
f 2023//6 2025//6 2024//6
f 2026//6 2024//6 2025//6
f 2027//6 2026//6 2025//6
f 2027//6 2025//6 2028//6
f 2021//1152 1977//1152 2005//1152
f 1301//6 1300//6 2028//6
f 2027//6 2028//6 1300//6
f 2018//6 1311//6 2016//6
f 1309//6 2016//6 1311//6
f 1762//1208 1377//1208 2029//1208
f 1953//1204 1224//1204 2001//1204
f 1178//1204 2001//1204 1224//1204
f 1957//1209 1224//1209 1953//1209
f 1911//1210 2015//1210 1919//1210
f 1964//1210 1919//1210 2015//1210
f 2015//1211 2012//1211 2030//1211
f 2004//1204 1976//1204 1219//1204
f 2015//1212 2030//1212 1964//1212
f 2012//1213 2011//1213 2031//1213
f 1177//1214 1219//1214 1976//1214
f 2012//1215 2031//1215 2030//1215
f 602//1216 2029//1216 2032//1216
f 1856//1217 1864//1217 2011//1217
f 2031//1217 2011//1217 1864//1217
f 1113//1152 2004//1152 1219//1152
f 1115//1218 2009//1218 1143//1218
f 1181//1218 1143//1218 2009//1218
f 1138//1219 2033//1219 2034//1219
f 1138//1219 2034//1219 1183//1219
f 1181//1220 2009//1220 2035//1220
f 2007//1221 2035//1221 2009//1221
f 1138//1222 1135//1222 2036//1222
f 2037//1223 2033//1223 2036//1223
f 1138//596 2036//596 2033//596
f 821//1224 813//1224 820//1224
f 2007//1225 2002//1225 2038//1225
f 1145//893 2036//893 1135//893
f 2007//1225 2038//1225 2035//1225
f 819//1226 1990//1226 2039//1226
f 2038//1227 2002//1227 1926//1227
f 1906//1227 1926//1227 2002//1227
f 1972//1228 1975//1228 1990//1228
f 1807//1229 2032//1229 2029//1229
f 1183//1230 2034//1230 2040//1230
f 1183//1230 2040//1230 1187//1230
f 1377//1231 1807//1231 2029//1231
f 1187//1232 2040//1232 2041//1232
f 1187//1232 2041//1232 1191//1232
f 1383//1233 2032//1233 1807//1233
f 2042//1234 1190//1234 1191//1234
f 2042//1234 1191//1234 2041//1234
f 2032//1235 1383//1235 2043//1235
f 2044//1236 1192//1236 1190//1236
f 2044//1236 1190//1236 2042//1236
f 2006//1237 2045//1237 2003//1237
f 2043//1238 1604//1238 1963//1238
f 2046//1239 1194//1239 1192//1239
f 2046//1239 1192//1239 2044//1239
f 2045//799 2006//799 2008//799
f 2047//1240 1152//1240 1198//1240
f 819//1241 2048//1241 2049//1241
f 820//1224 819//1224 2049//1224
f 2043//1242 1383//1242 1604//1242
f 819//1105 2039//1105 2048//1105
f 2050//1243 1152//1243 2047//1243
f 2051//380 825//380 820//380
f 2052//1244 1193//1244 1194//1244
f 2052//1245 1194//1245 2046//1245
f 2051//1246 820//1246 2049//1246
f 1198//1247 1193//1247 2052//1247
f 1198//1248 2052//1248 2047//1248
f 2048//1249 2039//1249 2051//1249
f 2049//1250 2048//1250 2051//1250
f 2014//1251 2053//1251 2013//1251
f 2054//1252 1220//1252 2050//1252
f 1152//1253 2050//1253 1220//1253
f 2055//1249 2051//1249 2039//1249
f 1885//1254 1870//1254 2020//1254
f 1859//1254 2020//1254 1870//1254
f 2056//1255 643//1255 639//1255
f 2057//1256 1199//1256 1207//1256
f 2057//1256 1207//1256 2058//1256
f 1885//1257 2020//1257 2059//1257
f 2017//1258 2059//1258 2020//1258
f 1206//1259 2060//1259 2058//1259
f 1206//1259 2058//1259 1207//1259
f 2061//1260 2059//1260 2016//1260
f 2056//1261 639//1261 567//1261
f 2016//1237 2059//1237 2017//1237
f 1205//1262 2062//1262 2060//1262
f 1205//1262 2060//1262 1206//1262
f 2063//1263 649//1263 643//1263
f 1990//1105 2064//1105 2039//1105
f 1204//1264 2065//1264 2062//1264
f 1204//1264 2062//1264 1205//1264
f 1990//1265 1989//1265 2064//1265
f 1203//1266 2066//1266 2065//1266
f 1203//1266 2065//1266 1204//1266
f 2063//1267 643//1267 2056//1267
f 1202//1268 2067//1268 2066//1268
f 1202//1268 2066//1268 1203//1268
f 2039//1269 2064//1269 2055//1269
f 2064//1270 1989//1270 2055//1270
f 1201//1271 2068//1271 2067//1271
f 1201//1272 2067//1272 1202//1272
f 2063//1273 2069//1273 649//1273
f 2022//1220 2070//1220 2019//1220
f 1212//622 2071//622 2072//622
f 1212//622 2072//622 1210//622
f 1858//1274 1898//1274 2022//1274
f 2063//1275 1762//1275 2069//1275
f 1214//810 2073//810 2074//810
f 1214//810 2074//810 1213//810
f 1215//562 2075//562 2073//562
f 1215//562 2073//562 1214//562
f 1309//124 1314//124 2061//124
f 1309//124 2061//124 2016//124
f 649//1276 2069//1276 588//1276
f 1708//1277 2076//1277 1215//1277
f 1989//1278 1975//1278 2055//1278
f 1340//509 1324//509 2028//509
f 1301//509 2028//509 1324//509
f 588//1279 2069//1279 602//1279
f 1211//1032 2077//1032 2078//1032
f 2079//1032 2078//1032 2077//1032
f 2028//1280 2025//1280 2080//1280
f 2028//1280 2080//1280 1340//1280
f 1210//1281 2072//1281 2077//1281
f 1210//1281 2077//1281 1211//1281
f 2069//1282 2029//1282 602//1282
f 2025//1283 2023//1283 2080//1283
f 2081//1284 2080//1284 2023//1284
f 2071//1023 1212//1023 1213//1023
f 2071//1023 1213//1023 2074//1023
f 2082//1285 1200//1285 2057//1285
f 1130//1286 1157//1286 2081//1286
f 1130//1286 2081//1286 2023//1286
f 608//1287 610//1287 589//1287
f 2057//1285 1200//1285 1199//1285
f 608//1288 589//1288 602//1288
f 2083//1289 1243//1289 2024//1289
f 2068//1285 1220//1285 2054//1285
f 2051//1290 2055//1290 2084//1290
f 2026//1215 2083//1215 2024//1215
f 609//1291 506//1291 610//1291
f 1220//1285 2068//1285 1201//1285
f 2027//1211 2085//1211 2026//1211
f 1300//1292 1327//1292 2027//1292
f 2086//888 1703//888 2082//888
f 1200//888 2082//888 1703//888
f 2079//1293 2037//1293 2078//1293
f 2036//1293 2078//1293 2037//1293
f 1971//6 1919//6 1965//6
f 567//1294 1868//1294 2056//1294
f 990//1277 1708//1277 1215//1277
f 2075//1277 1215//1277 2076//1277
f 1850//1295 1868//1295 567//1295
f 1965//6 1964//6 2087//6
f 992//1032 1211//1032 2088//1032
f 2078//1032 2088//1032 1211//1032
f 1868//1296 1763//1296 2056//1296
f 2030//6 2087//6 1964//6
f 1763//1297 2063//1297 2056//1297
f 2036//1298 2088//1298 2078//1298
f 2089//1299 2090//1299 1956//1299
f 2089//1300 2091//1300 2090//1300
f 2076//1298 1708//1298 1703//1298
f 2030//6 2031//6 2087//6
f 2090//1301 1999//1301 1956//1301
f 2063//1302 1763//1302 1762//1302
f 2075//1277 2076//1277 2092//1277
f 2087//6 2031//6 1889//6
f 2069//1303 1762//1303 2029//1303
f 2076//1304 1703//1304 2086//1304
f 2092//1304 2076//1304 2086//1304
f 2093//1305 2091//1305 2094//1305
f 608//1306 602//1306 2032//1306
f 1877//6 1889//6 1864//6
f 2036//1307 1145//1307 2088//1307
f 992//1304 2088//1304 1145//1304
f 2031//6 1864//6 1889//6
f 608//1308 2032//1308 2043//1308
f 2093//1309 2094//1309 2095//1309
f 990//1304 985//1304 1708//1304
f 608//1310 2043//1310 609//1310
f 2091//1311 2093//1311 2096//1311
f 1181//6 2035//6 2097//6
f 2098//6 2097//6 2035//6
f 2043//1312 1963//1312 609//1312
f 2038//6 2098//6 2035//6
f 609//1313 1963//1313 540//1313
f 1182//6 1181//6 2097//6
f 1599//1314 1574//1314 2099//1314
f 2091//1315 2096//1315 2090//1315
f 2090//1316 2096//1316 2084//1316
f 2100//6 2098//6 2038//6
f 2038//6 1926//6 2100//6
f 2099//813 1891//813 1555//813
f 882//813 1555//813 1891//813
f 1891//1317 1573//1317 1112//1317
f 1891//1314 2099//1314 1574//1314
f 1573//822 1891//822 1574//822
f 2090//1318 2084//1318 1999//1318
f 1986//6 2100//6 1926//6
f 2101//6 2102//6 2103//6
f 2104//6 2105//6 2102//6
f 2106//6 2105//6 2104//6
f 1999//1319 2055//1319 1987//1319
f 1999//141 2084//141 2055//141
f 2107//6 2106//6 2108//6
f 1987//1278 2055//1278 1975//1278
f 2109//6 2108//6 2110//6
f 2106//6 2110//6 2108//6
f 2107//6 2111//6 2106//6
f 2106//6 2111//6 2112//6
f 2112//6 2113//6 2106//6
f 2106//6 2113//6 2114//6
f 2114//6 2115//6 2106//6
f 2106//6 2115//6 2116//6
f 2103//6 2102//6 2105//6
f 2117//6 2106//6 2118//6
f 2119//6 2106//6 2120//6
f 2118//6 2106//6 2119//6
f 2105//6 2106//6 2117//6
f 2121//6 2120//6 2106//6
f 2122//6 2123//6 2106//6
f 2124//6 2125//6 2126//6
f 2093//1320 2127//1320 2096//1320
f 2128//6 2106//6 2129//6
f 2121//6 2106//6 2128//6
f 2130//6 2129//6 2106//6
f 2116//6 2131//6 2106//6
f 2131//6 2132//6 2106//6
f 2132//6 2133//6 2106//6
f 2133//6 2122//6 2106//6
f 2123//6 2134//6 2106//6
f 2134//6 2135//6 2106//6
f 2136//6 2106//6 2135//6
f 2130//6 2106//6 2136//6
f 2137//1321 2106//1321 2138//1321
f 2139//1322 2110//1322 2137//1322
f 2138//1323 2106//1323 2140//1323
f 2104//1323 2140//1323 2106//1323
f 2104//1324 2102//1324 2141//1324
f 2104//1324 2141//1324 2140//1324
f 2141//1325 2102//1325 2142//1325
f 2143//1326 2101//1326 2144//1326
f 2102//1327 2101//1327 2143//1327
f 2102//1327 2143//1327 2142//1327
f 2145//1328 2146//1328 2147//1328
f 2148//1329 2103//1329 2149//1329
f 2150//6 2151//6 2152//6
f 2153//6 2152//6 2151//6
f 2101//1330 2103//1330 2148//1330
f 2101//1330 2148//1330 2144//1330
f 2154//1331 2116//1331 2155//1331
f 2146//1332 2156//1332 2147//1332
f 2157//1333 2115//1333 2158//1333
f 2151//6 2159//6 2153//6
f 2160//6 2153//6 2159//6
f 2157//1334 2155//1334 2116//1334
f 2116//1335 2115//1335 2157//1335
f 2161//1336 2158//1336 2115//1336
f 2161//1336 2115//1336 2114//1336
f 2095//1337 2094//1337 2162//1337
f 2161//1338 2114//1338 2163//1338
f 2164//1339 2113//1339 2165//1339
f 2164//1340 2163//1340 2114//1340
f 2114//1340 2113//1340 2164//1340
f 2166//1341 2165//1341 2113//1341
f 2166//1341 2113//1341 2112//1341
f 2166//1342 2112//1342 2167//1342
f 2111//1343 2168//1343 2169//1343
f 2170//6 2160//6 2159//6
f 2159//6 2171//6 2170//6
f 2169//1344 2167//1344 2112//1344
f 2111//1344 2169//1344 2112//1344
f 2172//1345 2168//1345 2111//1345
f 2107//1345 2172//1345 2111//1345
f 2173//1346 517//1346 2174//1346
f 2172//1347 2107//1347 2175//1347
f 2176//1348 2177//1348 2178//1348
f 2179//1349 2175//1349 2107//1349
f 2179//1349 2107//1349 2108//1349
f 2179//1350 2108//1350 2180//1350
f 2181//1351 2180//1351 2108//1351
f 2181//1351 2108//1351 2109//1351
f 2181//1352 2109//1352 2182//1352
f 2183//1353 2110//1353 2139//1353
f 2183//1354 2182//1354 2109//1354
f 2183//1354 2109//1354 2110//1354
f 2177//1355 2176//1355 2156//1355
f 2106//1322 2137//1322 2110//1322
f 2149//1356 2103//1356 2184//1356
f 2105//1356 2184//1356 2103//1356
f 2184//1357 2105//1357 2185//1357
f 517//1175 2186//1175 548//1175
f 2187//1358 2117//1358 2188//1358
f 2105//1359 2117//1359 2187//1359
f 2105//1359 2187//1359 2185//1359
f 2189//1360 2190//1360 2191//1360
f 2117//1361 2118//1361 2192//1361
f 2117//1361 2192//1361 2188//1361
f 2193//6 2194//6 2195//6
f 2192//1362 2118//1362 2196//1362
f 2146//1363 2177//1363 2156//1363
f 2118//1364 2119//1364 2197//1364
f 2118//1364 2197//1364 2196//1364
f 2197//1365 2119//1365 2198//1365
f 2199//1366 2120//1366 2200//1366
f 2190//1367 2173//1367 2174//1367
f 2201//6 2202//6 2195//6
f 2119//1368 2120//1368 2199//1368
f 2119//1368 2199//1368 2198//1368
f 2120//1369 2121//1369 2203//1369
f 2120//1369 2203//1369 2200//1369
f 2203//1370 2121//1370 2204//1370
f 2205//1371 548//1371 2206//1371
f 2186//1176 2206//1176 548//1176
f 2207//1372 2136//1372 2208//1372
f 2209//6 2195//6 2202//6
f 2202//6 2210//6 2209//6
f 2136//1372 2207//1372 2130//1372
f 2211//1372 2130//1372 2207//1372
f 2212//1373 2135//1373 2213//1373
f 2214//6 2209//6 2210//6
f 2210//6 2215//6 2214//6
f 2136//1374 2135//1374 2212//1374
f 2136//1375 2212//1375 2208//1375
f 2173//1174 2186//1174 517//1174
f 2216//1376 2146//1376 2145//1376
f 2135//1377 2134//1377 2217//1377
f 2135//1377 2217//1377 2213//1377
f 2217//1378 2134//1378 2218//1378
f 2216//1379 2219//1379 2146//1379
f 2220//1380 2123//1380 2221//1380
f 2134//1381 2123//1381 2220//1381
f 2134//1381 2220//1381 2218//1381
f 2222//6 2214//6 2215//6
f 2223//6 2222//6 2215//6
f 2173//1382 2190//1382 2186//1382
f 2145//1383 2224//1383 2216//1383
f 2123//1384 2122//1384 2221//1384
f 2225//1384 2221//1384 2122//1384
f 2226//1385 2227//1385 2224//1385
f 2228//1386 2225//1386 2122//1386
f 2228//1386 2122//1386 2133//1386
f 2224//1387 2145//1387 2226//1387
f 2228//1388 2133//1388 2229//1388
f 2230//1389 2229//1389 2133//1389
f 2230//1389 2133//1389 2132//1389
f 2230//1390 2132//1390 2231//1390
f 2232//1391 2131//1391 2233//1391
f 2234//6 2125//6 2152//6
f 2235//6 2236//6 2223//6
f 2215//6 2235//6 2223//6
f 2237//6 2223//6 2236//6
f 2126//6 2237//6 2236//6
f 2236//6 2124//6 2126//6
f 2234//6 2126//6 2125//6
f 2150//6 2152//6 2125//6
f 2232//1392 2231//1392 2132//1392
f 2232//1392 2132//1392 2131//1392
f 2238//1393 2178//1393 2177//1393
f 2233//1394 2131//1394 2154//1394
f 2116//1394 2154//1394 2131//1394
f 2238//1395 2177//1395 2219//1395
f 2128//1396 2239//1396 2240//1396
f 549//1397 548//1397 1598//1397
f 2201//6 2195//6 2194//6
f 2128//1398 2240//1398 2121//1398
f 2204//1398 2121//1398 2240//1398
f 2186//1382 2241//1382 2206//1382
f 2146//1399 2219//1399 2177//1399
f 2128//1400 2129//1400 2242//1400
f 2128//1400 2242//1400 2239//1400
f 2242//1401 2129//1401 2243//1401
f 2244//1402 2130//1402 2211//1402
f 2129//1403 2130//1403 2244//1403
f 2129//1403 2244//1403 2243//1403
f 2141//5 2142//5 2155//5
f 2206//1404 2241//1404 2205//1404
f 2154//5 2155//5 2184//5
f 2140//5 2141//5 2155//5
f 2184//5 2155//5 2149//5
f 2143//5 2155//5 2142//5
f 2143//5 2144//5 2155//5
f 2148//5 2155//5 2144//5
f 2149//5 2155//5 2148//5
f 2139//5 2137//5 2161//5
f 2205//817 2241//817 1598//817
f 2166//5 2183//5 2165//5
f 2172//5 2183//5 2168//5
f 2179//5 2183//5 2175//5
f 2183//5 2179//5 2181//5
f 2245//6 2246//6 2247//6
f 2248//6 2249//6 2250//6
f 1601//1405 2251//1405 1650//1405
f 2137//5 2138//5 2155//5
f 2155//5 2157//5 2137//5
f 2157//5 2158//5 2137//5
f 2158//5 2161//5 2137//5
f 2163//5 2183//5 2161//5
f 2164//5 2183//5 2163//5
f 2165//5 2183//5 2164//5
f 2167//5 2183//5 2166//5
f 2169//5 2183//5 2167//5
f 2168//5 2183//5 2169//5
f 2175//5 2183//5 2172//5
f 2180//5 2181//5 2179//5
f 2182//5 2183//5 2181//5
f 2139//5 2161//5 2183//5
f 2138//5 2140//5 2155//5
f 2251//1406 2252//1406 1650//1406
f 2192//5 2196//5 2154//5
f 2197//5 2198//5 2154//5
f 2251//1407 2253//1407 2252//1407
f 2185//5 2187//5 2154//5
f 2187//5 2188//5 2154//5
f 2188//5 2192//5 2154//5
f 2196//5 2197//5 2154//5
f 2199//5 2154//5 2198//5
f 2199//5 2200//5 2154//5
f 2203//5 2154//5 2200//5
f 2204//5 2154//5 2203//5
f 2217//5 2154//5 2213//5
f 2250//6 2249//6 2254//6
f 2228//5 2154//5 2225//5
f 2252//1408 1866//1408 1650//1408
f 2230//5 2154//5 2229//5
f 2242//5 2154//5 2239//5
f 2255//1409 2256//1409 2257//1409
f 2258//6 2254//6 2259//6
f 2259//6 2260//6 2258//6
f 2261//6 2258//6 2260//6
f 2184//5 2185//5 2154//5
f 2154//5 2204//5 2240//5
f 2154//5 2240//5 2239//5
f 2154//5 2242//5 2243//5
f 2154//5 2243//5 2244//5
f 2154//5 2244//5 2211//5
f 2154//5 2211//5 2207//5
f 2154//5 2207//5 2208//5
f 2154//5 2208//5 2212//5
f 2154//5 2212//5 2213//5
f 2154//5 2217//5 2218//5
f 2154//5 2218//5 2220//5
f 2154//5 2220//5 2221//5
f 2154//5 2221//5 2225//5
f 2154//5 2228//5 2229//5
f 2231//5 2232//5 2230//5
f 2154//5 2230//5 2232//5
f 2154//5 2232//5 2233//5
f 2260//6 2262//6 2261//6
f 2263//6 2261//6 2262//6
f 2257//1410 2256//1410 2264//1410
f 2256//1411 2265//1411 2264//1411
f 2251//1412 2266//1412 2253//1412
f 2264//1413 2265//1413 2267//1413
f 2265//1414 2268//1414 2267//1414
f 2262//6 2269//6 2263//6
f 1044//1415 1048//1415 2270//1415
f 2271//1416 2272//1416 2255//1416
f 2270//1417 2273//1417 1044//1417
f 2274//1418 2256//1418 2255//1418
f 2273//1419 1042//1419 1044//1419
f 2275//6 2276//6 2277//6
f 2277//6 2278//6 2279//6
f 2280//6 2281//6 2282//6
f 2283//137 542//137 2284//137
f 1240//502 2284//502 542//502
f 1251//1420 2285//1420 1240//1420
f 2279//6 2282//6 2281//6
f 2284//1421 2285//1421 2283//1421
f 2280//6 2286//6 2281//6
f 2287//6 2281//6 2286//6
f 539//1105 542//1105 2288//1105
f 2286//6 2289//6 2287//6
f 2290//1422 2291//1422 2292//1422
f 2283//1423 2285//1423 2288//1423
f 2293//6 2287//6 2289//6
f 2294//6 2293//6 2289//6
f 2295//1114 2296//1114 2297//1114
f 2298//1424 2295//1424 2299//1424
f 2296//1425 2295//1425 2298//1425
f 2300//1426 2299//1426 2295//1426
f 2191//1172 539//1172 2301//1172
f 2284//1420 1240//1420 2285//1420
f 2247//6 2294//6 2245//6
f 2289//6 2245//6 2294//6
f 2259//6 2254//6 2249//6
f 2248//6 2247//6 2246//6
f 2246//6 2302//6 2248//6
f 2249//6 2248//6 2302//6
f 2303//1427 2297//1427 2296//1427
f 2303//1428 2296//1428 2298//1428
f 2304//1429 2297//1429 2303//1429
f 2298//1430 2299//1430 2303//1430
f 2282//6 2279//6 2278//6
f 2305//6 2306//6 2269//6
f 2263//6 2269//6 2306//6
f 2288//1431 2189//1431 2307//1431
f 2308//6 2309//6 2310//6
f 2311//1432 2312//1432 2313//1432
f 2314//6 2315//6 2310//6
f 2316//6 2310//6 2315//6
f 2313//1432 2312//1432 2317//1432
f 2299//1433 2300//1433 2318//1433
f 2318//1434 2300//1434 2319//1434
f 2315//6 2320//6 2316//6
f 2321//1430 2303//1430 2299//1430
f 2322//6 2316//6 2320//6
f 2323//6 2322//6 2320//6
f 2318//1435 2321//1435 2299//1435
f 2320//6 2324//6 2323//6
f 2325//6 2323//6 2324//6
f 2304//1436 2303//1436 2326//1436
f 2324//6 2327//6 2325//6
f 2327//6 2328//6 2325//6
f 2318//1437 2319//1437 2321//1437
f 2329//6 2325//6 2328//6
f 2330//6 2329//6 2331//6
f 2332//6 2333//6 2334//6
f 2335//1438 2270//1438 1048//1438
f 2334//6 2333//6 2336//6
f 2337//6 2336//6 2333//6
f 2338//6 2336//6 2337//6
f 2326//1439 2339//1439 2267//1439
f 2340//6 2341//6 2342//6
f 2342//6 2336//6 2338//6
f 2340//6 2342//6 2338//6
f 2343//1440 2344//1440 2345//1440
f 2346//6 2347//6 2340//6
f 2346//6 2348//6 2347//6
f 2341//6 2340//6 2347//6
f 2346//6 2349//6 2348//6
f 2309//6 2348//6 2349//6
f 2314//6 2310//6 2309//6
f 2308//6 2348//6 2309//6
f 2350//1441 2252//1441 2253//1441
f 1883//6 1885//6 2351//6
f 2059//6 2351//6 1885//6
f 2311//1442 2352//1442 2353//1442
f 2326//1443 2267//1443 2268//1443
f 2061//6 1359//6 2059//6
f 2351//6 2059//6 1359//6
f 2311//1442 2353//1442 2312//1442
f 2352//1444 2354//1444 2355//1444
f 2304//1445 2326//1445 2268//1445
f 2311//1446 2354//1446 2352//1446
f 2335//1447 2356//1447 2355//1447
f 2355//1448 2354//1448 2335//1448
f 2357//6 2358//6 2359//6
f 2359//6 2360//6 2357//6
f 2266//1449 2361//1449 2253//1449
f 2362//1450 2363//1450 2364//1450
f 2364//1451 2365//1451 2366//1451
f 2358//6 2367//6 2359//6
f 2368//6 2359//6 2367//6
f 2345//1452 2361//1452 2266//1452
f 2295//1453 2297//1453 2364//1453
f 2369//1454 2350//1454 2253//1454
f 2313//1455 2370//1455 2311//1455
f 2367//6 2371//6 2368//6
f 2372//6 2368//6 2371//6
f 2370//1456 2354//1456 2311//1456
f 2361//1457 2369//1457 2253//1457
f 2369//1458 2373//1458 2350//1458
f 2270//1459 2335//1459 2354//1459
f 2365//1451 2364//1451 2363//1451
f 2354//1460 2370//1460 2270//1460
f 2371//6 2374//6 2375//6
f 2362//1114 2364//1114 2297//1114
f 2304//1461 2365//1461 2363//1461
f 2292//1462 2313//1462 2317//1462
f 2304//1463 2363//1463 2362//1463
f 2370//1464 2313//1464 2291//1464
f 2350//1465 2373//1465 2376//1465
f 2304//1429 2362//1429 2297//1429
f 2291//1466 2273//1466 2370//1466
f 2375//6 2372//6 2371//6
f 2374//6 2377//6 2375//6
f 2378//6 2375//6 2377//6
f 2377//6 2194//6 2378//6
f 2193//6 2378//6 2194//6
f 2292//1467 2291//1467 2313//1467
f 2273//1468 2270//1468 2370//1468
f 2356//1469 2335//1469 1049//1469
f 2356//1470 1049//1470 1050//1470
f 2335//1471 1048//1471 1049//1471
f 2379//1472 2224//1472 2380//1472
f 2381//6 2382//6 2383//6
f 2383//6 2384//6 2381//6
f 2382//6 2385//6 2383//6
f 2386//6 2383//6 2385//6
f 2385//6 2387//6 2386//6
f 2388//6 2386//6 2387//6
f 2387//6 2389//6 2388//6
f 2275//6 2390//6 2276//6
f 2391//6 2276//6 2390//6
f 2392//6 2388//6 2389//6
f 2390//6 2392//6 2389//6
f 2391//6 2390//6 2389//6
f 2278//6 2277//6 2276//6
f 2345//1473 2344//1473 2361//1473
f 2393//1474 2394//1474 2395//1474
f 2396//6 2397//6 2398//6
f 2399//1475 2400//1475 2257//1475
f 2397//6 2401//6 2398//6
f 2402//6 2403//6 2401//6
f 2398//6 2401//6 2403//6
f 2404//6 2403//6 2402//6
f 2400//1476 2255//1476 2257//1476
f 1042//1477 2273//1477 2405//1477
f 2402//6 2406//6 2404//6
f 2407//6 2404//6 2406//6
f 2406//6 2408//6 2407//6
f 2408//6 2409//6 2407//6
f 2405//1478 2410//1478 1053//1478
f 2411//6 2409//6 2412//6
f 2412//6 2332//6 2334//6
f 2410//1479 2413//1479 1084//1479
f 2411//6 2407//6 2409//6
f 2332//6 2412//6 2409//6
f 1359//6 2061//6 1351//6
f 1314//6 1351//6 2061//6
f 539//1105 2288//1105 2307//1105
f 2283//1105 2288//1105 542//1105
f 2379//1480 2216//1480 2224//1480
f 2191//1172 2174//1172 517//1172
f 517//1172 539//1172 2191//1172
f 2307//1171 2301//1171 539//1171
f 2380//1481 2224//1481 2227//1481
f 1338//6 2080//6 2414//6
f 2380//1482 2227//1482 2415//1482
f 2205//740 1598//740 548//740
f 2415//1483 2271//1483 2400//1483
f 2415//1484 2227//1484 2271//1484
f 2080//6 1338//6 1340//6
f 2416//1485 2417//1485 2418//1485
f 2400//1486 2271//1486 2255//1486
f 2285//1431 2189//1431 2288//1431
f 2414//6 2080//6 1232//6
f 2301//1487 2307//1487 2189//1487
f 2292//1488 2418//1488 2290//1488
f 2081//6 1232//6 2080//6
f 2285//1489 2343//1489 2189//1489
f 2290//1490 2405//1490 2291//1490
f 1293//1491 2343//1491 2285//1491
f 1157//6 1221//6 2081//6
f 1232//6 2081//6 1221//6
f 2216//1492 2379//1492 2419//1492
f 1251//1493 1293//1493 2285//1493
f 2405//1494 2273//1494 2291//1494
f 2301//1495 2189//1495 2191//1495
f 2394//1496 2418//1496 2417//1496
f 2417//1497 2395//1497 2394//1497
f 2174//1360 2191//1360 2190//1360
f 2171//6 2420//6 2170//6
f 2394//1498 2421//1498 2418//1498
f 2190//1499 2189//1499 2345//1499
f 2189//1489 2343//1489 2345//1489
f 2418//1500 2421//1500 2290//1500
f 2186//1382 2190//1382 2241//1382
f 2421//1501 2410//1501 2290//1501
f 2410//1501 2405//1501 2290//1501
f 2190//1502 2266//1502 2241//1502
f 2393//1503 2422//1503 2394//1503
f 2345//1504 2266//1504 2190//1504
f 2423//6 2424//6 2425//6
f 1598//817 2241//817 1601//817
f 2426//1505 2427//1505 2428//1505
f 2426//1506 2429//1506 2427//1506
f 2425//6 2430//6 2431//6
f 1601//1405 2241//1405 2251//1405
f 2241//1502 2266//1502 2251//1502
f 2432//6 2431//6 2433//6
f 2421//1507 2394//1507 2422//1507
f 2413//1508 2410//1508 2421//1508
f 2433//6 2434//6 2432//6
f 2435//6 2432//6 2434//6
f 2089//1509 1680//1509 1830//1509
f 2422//1510 2413//1510 2421//1510
f 2434//6 2436//6 2435//6
f 2437//6 2435//6 2436//6
f 2438//1511 2422//1511 2393//1511
f 1830//1512 2091//1512 2089//1512
f 1680//1513 2089//1513 1677//1513
f 2436//6 2439//6 2437//6
f 2440//6 2437//6 2439//6
f 1677//1514 2089//1514 1956//1514
f 2405//1477 1055//1477 1042//1477
f 2405//1515 1053//1515 1055//1515
f 1956//1516 1709//1516 1677//1516
f 1053//1517 2410//1517 1084//1517
f 2441//6 2442//6 2443//6
f 1830//1518 2094//1518 2091//1518
f 2444//6 2357//6 2360//6
f 2360//6 2445//6 2444//6
f 2446//1519 1739//1519 1775//1519
f 2317//1520 2312//1520 2447//1520
f 2443//6 2448//6 2445//6
f 2449//6 2450//6 2440//6
f 2439//6 2449//6 2440//6
f 2451//6 2440//6 2450//6
f 2441//6 2451//6 2450//6
f 2450//6 2442//6 2441//6
f 2442//6 2448//6 2443//6
f 2444//6 2445//6 2448//6
f 2428//1521 2452//1521 2453//1521
f 2428//1522 2427//1522 2452//1522
f 2446//1523 1775//1523 1947//1523
f 2447//1524 2454//1524 2317//1524
f 1806//1525 1739//1525 2446//1525
f 2317//1526 2454//1526 2416//1526
f 2416//1526 2454//1526 2455//1526
f 2446//1527 2456//1527 1806//1527
f 2423//6 2457//6 2458//6
f 2424//6 2423//6 2458//6
f 2430//6 2425//6 2424//6
f 2433//6 2431//6 2430//6
f 2457//6 2420//6 2458//6
f 2459//6 2458//6 2420//6
f 2171//6 2459//6 2420//6
f 2238//1528 2460//1528 2461//1528
f 2462//1529 1759//1529 1779//1529
f 2317//1462 2416//1462 2292//1462
f 1779//1530 1806//1530 2462//1530
f 2463//6 2464//6 2465//6
f 1830//1531 1759//1531 2462//1531
f 2417//1532 2416//1532 2455//1532
f 2418//1533 2292//1533 2416//1533
f 2466//6 2464//6 2467//6
f 2468//6 2469//6 2467//6
f 2470//6 2467//6 2469//6
f 1947//1534 2471//1534 2472//1534
f 2454//1535 2447//1535 2473//1535
f 2474//1536 2454//1536 2473//1536
f 2469//6 2475//6 2470//6
f 2476//6 2470//6 2475//6
f 2455//1537 2454//1537 2474//1537
f 2475//6 2477//6 2476//6
f 1947//1538 2472//1538 2446//1538
f 2474//1539 2478//1539 2455//1539
f 2479//6 2476//6 2477//6
f 2477//6 2480//6 2479//6
f 2456//1540 2446//1540 2472//1540
f 1806//1541 2456//1541 2162//1541
f 2481//6 2482//6 2483//6
f 2482//6 2381//6 2483//6
f 2384//6 2483//6 2381//6
f 2484//1542 2455//1542 2478//1542
f 2453//1543 2452//1543 2485//1543
f 1806//1544 2162//1544 2462//1544
f 2478//1542 2486//1542 2484//1542
f 2487//6 2488//6 2480//6
f 2488//6 2479//6 2480//6
f 2480//6 2489//6 2487//6
f 2489//6 2490//6 2487//6
f 2481//6 2487//6 2490//6
f 2482//6 2481//6 2490//6
f 2462//1545 2162//1545 2094//1545
f 2455//1546 2484//1546 2417//1546
f 2453//1547 2485//1547 2461//1547
f 2491//6 2463//6 2465//6
f 2466//6 2465//6 2464//6
f 2468//6 2467//6 2464//6
f 2465//6 2492//6 2491//6
f 2492//6 2306//6 2491//6
f 2305//6 2491//6 2306//6
f 2094//1548 1830//1548 2462//1548
f 2493//1549 2484//1549 2486//1549
f 2238//1550 2461//1550 2485//1550
f 2328//6 2331//6 2329//6
f 1901//1551 2471//1551 1947//1551
f 2395//1552 2417//1552 2484//1552
f 2494//6 2330//6 2495//6
f 2331//6 2495//6 2330//6
f 2395//1552 2484//1552 2493//1552
f 2494//6 2495//6 2496//6
f 2460//1553 2219//1553 2419//1553
f 2497//6 2498//6 2496//6
f 2238//1554 2219//1554 2460//1554
f 2499//6 2496//6 2498//6
f 2498//6 2500//6 2499//6
f 2219//1555 2216//1555 2419//1555
f 2501//1556 1050//1556 1043//1556
f 2502//6 2499//6 2500//6
f 2500//6 2503//6 2502//6
f 2504//6 2502//6 2503//6
f 2505//6 2506//6 2503//6
f 2504//6 2503//6 2506//6
f 2507//6 2508//6 2505//6
f 2506//6 2505//6 2508//6
f 2509//6 2510//6 2507//6
f 2511//1557 2353//1557 2512//1557
f 2509//6 2513//6 2510//6
f 2508//6 2507//6 2510//6
f 2429//1558 2514//1558 2515//1558
f 2516//6 2517//6 2513//6
f 2516//6 2518//6 2517//6
f 2519//6 2513//6 2517//6
f 2520//6 2517//6 2518//6
f 2520//6 2518//6 2396//6
f 2397//6 2396//6 2518//6
f 2519//6 2510//6 2513//6
f 2497//6 2496//6 2495//6
f 1866//1559 2521//1559 1882//1559
f 1965//501 109//501 1971//501
f 1993//6 2522//6 1998//6
f 2353//1560 2352//1560 2512//1560
f 1866//1561 2252//1561 2521//1561
f 2349//1562 1993//1562 2309//1562
f 1882//1563 2523//1563 1874//1563
f 2309//1562 1993//1562 1992//1562
f 1965//129 2087//129 109//129
f 111//129 109//129 2087//129
f 2521//1564 2523//1564 1882//1564
f 2000//6 1998//6 2522//6
f 2522//6 2524//6 2000//6
f 2053//6 2000//6 2524//6
f 2525//1565 1874//1565 2523//1565
f 2526//1566 2527//1566 2528//1566
f 2014//371 1910//371 2000//371
f 2053//371 2014//371 2000//371
f 2523//1567 2529//1567 2525//1567
f 2346//1568 2522//1568 1993//1568
f 2238//1569 2485//1569 2178//1569
f 2346//1568 1993//1568 2349//1568
f 2525//1570 1875//1570 1874//1570
f 1889//138 120//138 2087//138
f 111//138 2087//138 120//138
f 2525//1571 1932//1571 1875//1571
f 2530//1572 2512//1572 2528//1572
f 2531//6 2532//6 2524//6
f 2053//1251 2532//1251 2013//1251
f 2340//501 2524//501 2346//501
f 2501//1573 2356//1573 1050//1573
f 2346//501 2524//501 2522//501
f 2053//6 2524//6 2532//6
f 2533//6 2532//6 2531//6
f 2010//1574 2533//1574 1852//1574
f 2013//1575 2532//1575 2533//1575
f 2013//1575 2533//1575 2010//1575
f 2338//1211 2531//1211 2340//1211
f 2534//1576 1054//1576 2535//1576
f 1043//1577 1054//1577 2534//1577
f 2340//1211 2531//1211 2524//1211
f 1947//1578 1899//1578 1901//1578
f 2531//6 2536//6 2533//6
f 2536//6 2537//6 2533//6
f 1893//6 2533//6 2537//6
f 2534//1579 2501//1579 1043//1579
f 2252//1580 2350//1580 2521//1580
f 1852//1574 2533//1574 1893//1574
f 2512//1581 2352//1581 2538//1581
f 2536//1582 2338//1582 2337//1582
f 2536//1582 2531//1582 2338//1582
f 2521//1583 2376//1583 2523//1583
f 1872//6 1892//6 2539//6
f 2352//1584 2355//1584 2538//1584
f 2350//1585 2376//1585 2521//1585
f 2537//1087 2337//1087 2333//1087
f 2538//1586 2528//1586 2512//1586
f 2537//1087 2536//1087 2337//1087
f 2537//6 2539//6 1893//6
f 1893//6 2539//6 1892//6
f 2540//1587 520//1587 2541//1587
f 2542//1588 2541//1588 520//1588
f 2529//1589 2523//1589 2376//1589
f 2538//1590 2355//1590 2543//1590
f 511//1591 520//1591 132//1591
f 2355//1592 2356//1592 2543//1592
f 2537//1593 2333//1593 2539//1593
f 2332//1593 2539//1593 2333//1593
f 2356//1592 2501//1592 2543//1592
f 2525//1594 2544//1594 1932//1594
f 2097//484 130//484 1182//484
f 130//1595 2097//1595 128//1595
f 2098//1595 128//1595 2097//1595
f 2525//1596 2529//1596 2544//1596
f 2542//1493 2545//1493 2541//1493
f 1932//1597 2544//1597 2546//1597
f 1230//6 1229//6 2547//6
f 2547//6 1229//6 1227//6
f 2008//486 1117//486 1230//486
f 2542//1491 2548//1491 2549//1491
f 1932//1598 2546//1598 1901//1598
f 2328//1599 2547//1599 2331//1599
f 2100//524 138//524 2098//524
f 138//524 128//524 2098//524
f 1901//1600 2546//1600 2471//1600
f 1986//527 138//527 2100//527
f 2550//6 2551//6 1230//6
f 2547//6 2550//6 1230//6
f 2541//1601 2545//1601 2540//1601
f 2008//799 1230//799 2045//799
f 2552//1602 2544//1602 2529//1602
f 2538//1603 2526//1603 2528//1603
f 2538//1604 2543//1604 2526//1604
f 2547//484 2328//484 2550//484
f 2327//484 2550//484 2328//484
f 2553//1605 2546//1605 2544//1605
f 2543//1606 2554//1606 2526//1606
f 2045//6 1230//6 2551//6
f 2534//1607 2554//1607 2501//1607
f 2544//1608 2552//1608 2553//1608
f 2003//1237 2045//1237 2555//1237
f 2546//1609 2553//1609 2556//1609
f 2543//1607 2501//1607 2554//1607
f 2546//1610 2556//1610 2471//1610
f 2550//1611 2327//1611 2551//1611
f 2324//1611 2551//1611 2327//1611
f 1996//6 2555//6 2557//6
f 2555//6 2045//6 2557//6
f 2551//6 2557//6 2045//6
f 2558//1612 2095//1612 2559//1612
f 2003//1613 2555//1613 1907//1613
f 1996//1613 1907//1613 2555//1613
f 2095//1614 2560//1614 2093//1614
f 2320//1615 2557//1615 2551//1615
f 72//1616 587//1616 2426//1616
f 2527//1617 2561//1617 2562//1617
f 2095//1618 2558//1618 2560//1618
f 2527//1566 2526//1566 2561//1566
f 2320//1615 2551//1615 2324//1615
f 2560//1619 2127//1619 2093//1619
f 1997//6 1996//6 2557//6
f 2563//1620 2426//1620 587//1620
f 2315//527 1997//527 2557//527
f 2315//527 2557//527 2320//527
f 2096//1621 2564//1621 2084//1621
f 2428//1622 72//1622 2426//1622
f 1995//6 1994//6 1997//6
f 2096//1623 2127//1623 2564//1623
f 72//1624 2428//1624 76//1624
f 2051//1290 2084//1290 2564//1290
f 2453//1625 76//1625 2428//1625
f 1997//1626 2315//1626 1995//1626
f 2314//1626 1995//1626 2315//1626
f 1992//6 1934//6 1995//6
f 2563//1627 2514//1627 2429//1627
f 2558//1628 845//1628 856//1628
f 2314//1629 2309//1629 1992//1629
f 2563//1630 2429//1630 2426//1630
f 2558//1631 856//1631 2560//1631
f 2314//1629 1992//1629 1995//1629
f 2560//1632 858//1632 2127//1632
f 2560//1633 856//1633 858//1633
f 2564//1634 2127//1634 870//1634
f 2565//1635 522//1635 2566//1635
f 2245//1562 264//1562 262//1562
f 2245//1562 262//1562 2246//1562
f 2127//1636 858//1636 870//1636
f 2567//1114 527//1114 2568//1114
f 2564//1435 870//1435 825//1435
f 2289//1637 255//1637 264//1637
f 2289//1637 264//1637 2245//1637
f 2564//1638 825//1638 2051//1638
f 2566//1639 2569//1639 2570//1639
f 255//1640 2286//1640 249//1640
f 2566//1641 2570//1641 2565//1641
f 2571//1642 2572//1642 2573//1642
f 2568//550 2565//550 2570//550
f 2574//1643 2575//1643 2576//1643
f 2286//1640 255//1640 2289//1640
f 2577//1644 2572//1644 2571//1644
f 2280//1645 256//1645 2286//1645
f 2575//1643 2578//1643 2576//1643
f 2570//1646 2549//1646 2568//1646
f 2286//1645 256//1645 249//1645
f 2579//1647 2580//1647 2581//1647
f 2582//1648 2583//1648 2578//1648
f 2573//1649 2580//1649 2571//1649
f 2282//1650 242//1650 2280//1650
f 256//1650 2280//1650 242//1650
f 2575//1651 2582//1651 2578//1651
f 2579//1652 2581//1652 2584//1652
f 2562//1617 2561//1617 2574//1617
f 2584//1653 2581//1653 2585//1653
f 2586//1654 2575//1654 2574//1654
f 523//1451 2569//1451 522//1451
f 522//1114 2568//1114 527//1114
f 2565//1114 2568//1114 522//1114
f 2561//1655 2586//1655 2574//1655
f 2542//1588 527//1588 2548//1588
f 527//1656 2542//1656 520//1656
f 2567//1657 2548//1657 527//1657
f 2586//1658 2535//1658 2575//1658
f 2278//1659 243//1659 2282//1659
f 242//1659 2282//1659 243//1659
f 2540//129 132//129 520//129
f 2535//1660 2582//1660 2575//1660
f 2526//1661 2554//1661 2561//1661
f 497//684 2305//684 237//684
f 2269//684 237//684 2305//684
f 2554//1662 2586//1662 2561//1662
f 2567//1646 2568//1646 2549//1646
f 2554//1663 2534//1663 2586//1663
f 2262//1664 238//1664 237//1664
f 2262//1664 237//1664 2269//1664
f 2549//1665 2570//1665 2514//1665
f 2534//1666 2535//1666 2586//1666
f 2549//1493 2545//1493 2542//1493
f 2260//1667 236//1667 2262//1667
f 2580//1668 971//1668 2581//1668
f 2535//1669 1057//1669 2582//1669
f 2548//1670 2567//1670 2549//1670
f 1057//1671 1079//1671 2582//1671
f 2580//1672 2573//1672 971//1672
f 1054//1673 1057//1673 2535//1673
f 2262//1667 236//1667 238//1667
f 2585//1674 2581//1674 972//1674
f 2587//1675 2588//1675 2589//1675
f 2590//1676 2511//1676 2588//1676
f 2549//1677 2563//1677 2545//1677
f 2581//1678 971//1678 972//1678
f 2259//1679 233//1679 2260//1679
f 2549//1665 2514//1665 2563//1665
f 2585//1680 972//1680 845//1680
f 2511//1681 2591//1681 2588//1681
f 132//1682 2540//1682 2545//1682
f 2260//1679 233//1679 236//1679
f 2585//1683 845//1683 2558//1683
f 2588//1676 2587//1676 2590//1676
f 132//24 2545//24 133//24
f 587//234 133//234 2545//234
f 2545//1677 2563//1677 587//1677
f 2572//1684 988//1684 2573//1684
f 233//1685 2259//1685 230//1685
f 2249//1685 230//1685 2259//1685
f 988//1686 2572//1686 983//1686
f 2590//1687 2353//1687 2511//1687
f 2573//1688 988//1688 973//1688
f 2302//1689 263//1689 230//1689
f 2302//1689 230//1689 2249//1689
f 2447//1690 2590//1690 2587//1690
f 2573//1691 973//1691 971//1691
f 2447//1692 2312//1692 2590//1692
f 262//1693 263//1693 2302//1693
f 262//1693 2302//1693 2246//1693
f 2353//1694 2590//1694 2312//1694
f 1360//1695 983//1695 2572//1695
f 2579//1696 2472//1696 2471//1696
f 2274//1697 2272//1697 2592//1697
f 2592//1698 2593//1698 2274//1698
f 2471//1699 2556//1699 2579//1699
f 2584//1700 2472//1700 2579//1700
f 2584//1701 2456//1701 2472//1701
f 2594//1702 2274//1702 2593//1702
f 2559//1703 2162//1703 2456//1703
f 2593//1704 2595//1704 2594//1704
f 2456//1705 2584//1705 2559//1705
f 2095//1706 2162//1706 2559//1706
f 2596//1707 2594//1707 2595//1707
f 2556//1708 2571//1708 2580//1708
f 2556//1709 2580//1709 2579//1709
f 2559//1710 2584//1710 2585//1710
f 2593//1711 2597//1711 2595//1711
f 2528//1712 2527//1712 2598//1712
f 2559//1713 2585//1713 2558//1713
f 2530//1714 2528//1714 2598//1714
f 2556//1715 2553//1715 2571//1715
f 2591//1681 2511//1681 2530//1681
f 2530//1716 2511//1716 2512//1716
f 2255//1717 2272//1717 2274//1717
f 2256//1718 2594//1718 2265//1718
f 2587//1719 2589//1719 2473//1719
f 2256//1720 2274//1720 2594//1720
f 2473//1721 2447//1721 2587//1721
f 2265//1722 2596//1722 2268//1722
f 2589//1723 2599//1723 2600//1723
f 2474//1724 2473//1724 2589//1724
f 2594//1725 2596//1725 2265//1725
f 2361//1726 2601//1726 2369//1726
f 2600//1727 2474//1727 2589//1727
f 2600//1728 2478//1728 2474//1728
f 2601//1729 2361//1729 2344//1729
f 2602//1730 2603//1730 2604//1730
f 2602//1731 2592//1731 2272//1731
f 2486//1732 2478//1732 2600//1732
f 2604//1733 2605//1733 2602//1733
f 2606//1734 2592//1734 2602//1734
f 2605//1735 2606//1735 2602//1735
f 2592//1736 2607//1736 2593//1736
f 2606//1737 2607//1737 2592//1737
f 2593//1738 2607//1738 2597//1738
f 2553//1739 2577//1739 2571//1739
f 2608//1740 2609//1740 2610//1740
f 2343//1741 1293//1741 1297//1741
f 2609//1742 2611//1742 2610//1742
f 2612//1743 2613//1743 2608//1743
f 2343//1744 1297//1744 2344//1744
f 2598//1745 2609//1745 2608//1745
f 1297//1746 1306//1746 2344//1746
f 2613//1747 2598//1747 2608//1747
f 2344//1748 1306//1748 2601//1748
f 2125//1749 155//1749 166//1749
f 2601//1750 1334//1750 2614//1750
f 2613//1751 2612//1751 2591//1751
f 2591//1752 2530//1752 2613//1752
f 1306//1753 1334//1753 2601//1753
f 2530//1754 2598//1754 2613//1754
f 216//1124 155//1124 2125//1124
f 2615//1755 2591//1755 2612//1755
f 2589//1756 2615//1756 2599//1756
f 2614//1757 1352//1757 2616//1757
f 2589//1758 2588//1758 2615//1758
f 2596//1759 2617//1759 2618//1759
f 2588//1760 2591//1760 2615//1760
f 2596//1761 2595//1761 2617//1761
f 2614//1762 1334//1762 1352//1762
f 1352//1763 1357//1763 2616//1763
f 2618//1764 2304//1764 2268//1764
f 2366//1451 2365//1451 2619//1451
f 2620//1124 2621//1124 2622//1124
f 2623//1191 2366//1191 2624//1191
f 2619//1191 2624//1191 2366//1191
f 2619//1765 2365//1765 2618//1765
f 2304//1765 2618//1765 2365//1765
f 2618//1766 2624//1766 2619//1766
f 2625//1767 2626//1767 2627//1767
f 2616//1768 1357//1768 2628//1768
f 2623//1124 2629//1124 2622//1124
f 1357//1769 1360//1769 2628//1769
f 2629//1770 2623//1770 2630//1770
f 2624//1191 2630//1191 2623//1191
f 2626//1767 2631//1767 2627//1767
f 2628//1771 1360//1771 2577//1771
f 2572//1772 2577//1772 1360//1772
f 2622//164 2629//164 2617//164
f 2629//1773 2630//1773 2617//1773
f 2632//1774 2631//1774 2626//1774
f 1360//1775 1010//1775 983//1775
f 2630//1776 2624//1776 2617//1776
f 2618//1776 2617//1776 2624//1776
f 2633//1777 2376//1777 2373//1777
f 2610//1778 2611//1778 2634//1778
f 2611//1778 2625//1778 2634//1778
f 2529//1779 2376//1779 2633//1779
f 2635//1780 2626//1780 2625//1780
f 2596//1781 2618//1781 2268//1781
f 2633//1782 2552//1782 2529//1782
f 2611//1783 2635//1783 2625//1783
f 2595//1784 2636//1784 2617//1784
f 2195//1785 182//1785 2193//1785
f 2595//1786 2597//1786 2636//1786
f 2609//1787 2562//1787 2611//1787
f 2209//1788 185//1788 182//1788
f 2635//1787 2611//1787 2562//1787
f 2614//1789 2369//1789 2601//1789
f 2621//1790 2620//1790 2637//1790
f 2621//1791 2637//1791 2638//1791
f 2623//1124 2622//1124 2621//1124
f 2369//1792 2614//1792 2373//1792
f 2562//1793 2574//1793 2635//1793
f 2636//1794 2638//1794 2637//1794
f 185//1795 2209//1795 187//1795
f 2527//1796 2609//1796 2598//1796
f 2527//1797 2562//1797 2609//1797
f 2616//1798 2633//1798 2373//1798
f 2636//1799 2637//1799 2620//1799
f 2620//1800 2622//1800 2636//1800
f 2614//1801 2616//1801 2373//1801
f 2617//1800 2636//1800 2622//1800
f 2616//1802 2628//1802 2633//1802
f 2633//1803 2628//1803 2552//1803
f 2626//1804 2635//1804 2576//1804
f 2553//1805 2552//1805 2577//1805
f 2576//1806 2632//1806 2626//1806
f 2552//1807 2628//1807 2577//1807
f 2639//1808 2597//1808 2607//1808
f 2576//1809 2578//1809 2632//1809
f 2607//1810 2640//1810 2639//1810
f 707//134 2641//134 2642//134
f 707//134 2642//134 709//134
f 2574//1793 2576//1793 2635//1793
f 2597//1811 2643//1811 2636//1811
f 709//137 2642//137 2644//137
f 2639//1811 2643//1811 2597//1811
f 707//1812 554//1812 2641//1812
f 2145//1813 2147//1813 2645//1813
f 1064//1814 1063//1814 2646//1814
f 2646//1815 2647//1815 1064//1815
f 2645//1816 2226//1816 2145//1816
f 733//1817 654//1817 673//1817
f 2645//1818 2604//1818 2226//1818
f 2647//1819 2648//1819 1065//1819
f 2649//1820 2645//1820 2147//1820
f 784//1817 2650//1817 783//1817
f 2647//1821 1065//1821 1064//1821
f 1078//1822 1065//1822 2648//1822
f 2603//1823 2226//1823 2604//1823
f 2648//1824 2583//1824 1078//1824
f 2603//1825 2602//1825 2272//1825
f 1079//1826 2583//1826 2582//1826
f 2583//1827 1079//1827 1078//1827
f 2156//1828 2651//1828 2652//1828
f 651//1817 641//1817 652//1817
f 2156//1829 2652//1829 2147//1829
f 2653//1817 646//1817 743//1817
f 70//1830 876//1830 75//1830
f 700//1830 75//1830 876//1830
f 2652//1831 2649//1831 2147//1831
f 2654//1832 2655//1832 2656//1832
f 2645//1833 2649//1833 2657//1833
f 2654//1834 2647//1834 2655//1834
f 2656//1832 2658//1832 2654//1832
f 2659//5 2660//5 2661//5
f 2649//1835 2662//1835 2663//1835
f 2645//1836 2657//1836 2604//1836
f 901//1830 105//1830 902//1830
f 2655//1837 2647//1837 2646//1837
f 2604//1838 2657//1838 2605//1838
f 2631//1839 2632//1839 2658//1839
f 910//1830 108//1830 906//1830
f 2664//1840 2654//1840 2658//1840
f 2658//1841 2632//1841 2664//1841
f 2648//1842 2647//1842 2654//1842
f 2654//1842 2664//1842 2648//1842
f 2665//46 746//46 2666//46
f 746//46 921//46 2666//46
f 2578//1843 2664//1843 2632//1843
f 2583//1844 2648//1844 2664//1844
f 552//46 320//46 213//46
f 2578//1845 2583//1845 2664//1845
f 2667//5 2660//5 2668//5
f 1083//1846 2413//1846 2669//1846
f 214//46 213//46 320//46
f 2652//1847 2662//1847 2649//1847
f 1083//1848 1084//1848 2413//1848
f 1081//1849 1083//1849 2669//1849
f 2670//1850 1081//1850 2669//1850
f 2659//5 2668//5 2660//5
f 2657//1851 2649//1851 2663//1851
f 582//46 219//46 572//46
f 2671//1852 2605//1852 2657//1852
f 220//46 219//46 582//46
f 2657//1853 2663//1853 2671//1853
f 2603//1854 2271//1854 2227//1854
f 561//46 559//46 222//46
f 2669//1855 2413//1855 2422//1855
f 2672//5 2673//5 2674//5
f 2674//5 2667//5 2668//5
f 2603//1856 2227//1856 2226//1856
f 223//46 222//46 559//46
f 2271//1857 2603//1857 2272//1857
f 281//1858 280//1858 2675//1858
f 281//1858 2675//1858 606//1858
f 614//117 615//117 360//117
f 361//117 360//117 2676//117
f 2676//117 360//117 615//117
f 277//117 2677//117 619//117
f 620//117 619//117 2677//117
f 2678//5 2679//5 2672//5
f 2667//5 2674//5 2680//5
f 2681//1859 2682//1859 2178//1859
f 627//117 2683//117 362//117
f 2493//1860 2684//1860 2685//1860
f 223//766 559//766 2686//766
f 558//766 2686//766 559//766
f 2687//767 579//767 297//767
f 578//767 297//767 579//767
f 2681//1861 2485//1861 2452//1861
f 341//766 581//766 2688//766
f 584//766 2688//766 581//766
f 2685//1862 2395//1862 2493//1862
f 2685//1863 2393//1863 2395//1863
f 595//766 586//766 2689//766
f 2690//766 2689//766 586//766
f 594//766 2691//766 592//766
f 2485//1864 2681//1864 2178//1864
f 2692//766 2691//766 594//766
f 2685//1865 2684//1865 2693//1865
f 2680//5 2674//5 2673//5
f 2693//1866 2684//1866 2694//1866
f 600//766 2695//766 597//766
f 2695//766 600//766 2696//766
f 2697//766 604//766 2698//766
f 605//766 2698//766 604//766
f 606//766 2675//766 607//766
f 2699//766 607//766 2675//766
f 2700//1867 2701//1867 2515//1867
f 274//76 277//76 619//76
f 615//1868 618//1868 2676//1868
f 2702//1868 2676//1868 618//1868
f 281//78 357//78 282//78
f 2701//1869 2700//1869 2703//1869
f 2696//1870 600//1870 2704//1870
f 596//1870 2704//1870 600//1870
f 594//1871 2705//1871 2692//1871
f 2706//1872 2707//1872 2694//1872
f 2708//1873 2690//1873 586//1873
f 2709//5 2710//5 2711//5
f 2712//1874 2713//1874 2515//1874
f 2714//1875 2688//1875 584//1875
f 2707//1876 2693//1876 2694//1876
f 297//89 578//89 298//89
f 2515//1877 2701//1877 2712//1877
f 560//1878 2715//1878 2686//1878
f 560//1878 2686//1878 558//1878
f 2716//1879 220//1879 582//1879
f 2707//1880 2717//1880 2693//1880
f 2718//5 2719//5 2709//5
f 2710//5 2720//5 2711//5
f 126//338 746//338 2665//338
f 2721//1881 2706//1881 2722//1881
f 2723//1882 2681//1882 2724//1882
f 321//104 330//104 309//104
f 222//1883 310//1883 571//1883
f 2715//1884 560//1884 579//1884
f 2715//1884 579//1884 2687//1884
f 2725//5 2726//5 2718//5
f 2703//1885 2727//1885 2701//1885
f 330//101 321//101 320//101
f 2728//1886 2685//1886 2693//1886
f 2701//1887 2727//1887 2729//1887
f 303//1888 302//1888 2666//1888
f 303//1888 2666//1888 921//1888
f 2701//1889 2729//1889 2712//1889
f 2685//1890 2728//1890 2393//1890
f 2730//5 2726//5 2725//5
f 552//94 213//94 303//94
f 213//94 304//94 303//94
f 2393//1891 2728//1891 2438//1891
f 2700//1892 2514//1892 2570//1892
f 2710//5 2709//5 2719//5
f 2731//5 2732//5 2730//5
f 2719//5 2718//5 2726//5
f 2438//1893 2669//1893 2422//1893
f 572//104 219//104 330//104
f 2693//1894 2717//1894 2728//1894
f 2733//5 2734//5 2731//5
f 2700//1895 2515//1895 2514//1895
f 571//1879 2716//1879 582//1879
f 571//1883 310//1883 2716//1883
f 561//1883 222//1883 571//1883
f 2717//1896 2735//1896 2728//1896
f 2726//5 2730//5 2732//5
f 298//107 581//107 341//107
f 2713//1897 2429//1897 2515//1897
f 2735//1898 2438//1898 2728//1898
f 2670//1899 2669//1899 2438//1899
f 2713//1900 2427//1900 2429//1900
f 580//1875 2714//1875 584//1875
f 2438//1901 2735//1901 2670//1901
f 580//1902 595//1902 2714//1902
f 2689//1902 2714//1902 595//1902
f 2427//1903 2713//1903 2724//1903
f 2661//5 2734//5 2733//5
f 2736//5 2734//5 2661//5
f 2736//5 2661//5 2660//5
f 2737//5 2731//5 2734//5
f 2732//5 2731//5 2737//5
f 2724//1904 2452//1904 2427//1904
f 585//1873 2708//1873 586//1873
f 2681//1905 2452//1905 2724//1905
f 585//1906 592//1906 2708//1906
f 2691//1906 2708//1906 592//1906
f 594//1871 591//1871 2705//1871
f 2695//1907 2705//1907 591//1907
f 2695//1907 591//1907 597//1907
f 2704//1908 596//1908 604//1908
f 2704//1908 604//1908 2697//1908
f 2681//1909 2723//1909 2682//1909
f 2698//1910 605//1910 2738//1910
f 603//1910 2738//1910 605//1910
f 603//1911 607//1911 2738//1911
f 2699//1911 2738//1911 607//1911
f 2178//1912 2682//1912 2176//1912
f 360//114 358//114 357//114
f 360//114 357//114 614//114
f 2739//1913 2486//1913 2600//1913
f 2486//1914 2739//1914 2740//1914
f 2740//1915 2493//1915 2486//1915
f 2723//1916 2741//1916 2682//1916
f 618//1917 620//1917 2702//1917
f 2677//1917 2702//1917 620//1917
f 275//115 627//115 362//115
f 2742//1918 2740//1918 2739//1918
f 2743//1919 2741//1919 2723//1919
f 627//117 626//117 2683//117
f 633//117 364//117 366//117
f 2682//1920 2741//1920 2744//1920
f 2745//1921 2742//1921 2739//1921
f 634//117 635//117 2746//117
f 2747//117 2746//117 635//117
f 2742//1922 2684//1922 2740//1922
f 636//562 191//562 2747//562
f 636//562 2747//562 635//562
f 2740//1923 2684//1923 2493//1923
f 623//1924 373//1924 2683//1924
f 623//1924 2683//1924 626//1924
f 193//1925 2215//1925 2210//1925
f 2682//1926 2744//1926 2176//1926
f 373//119 623//119 366//119
f 364//1927 633//1927 2748//1927
f 625//1927 2748//1927 633//1927
f 2742//1928 2745//1928 2749//1928
f 2694//1929 2684//1929 2742//1929
f 625//1930 634//1930 2748//1930
f 2746//1930 2748//1930 634//1930
f 191//121 636//121 376//121
f 2742//1931 2749//1931 2694//1931
f 756//121 755//121 377//121
f 195//121 377//121 755//121
f 2750//1932 2749//1932 2745//1932
f 404//128 403//128 666//128
f 2750//1933 2745//1933 2751//1933
f 2752//1934 2741//1934 2743//1934
f 669//128 2753//128 670//128
f 194//1935 186//1935 2201//1935
f 2754//1936 2724//1936 2713//1936
f 2753//128 669//128 2755//128
f 2712//1937 2754//1937 2713//1937
f 2724//1938 2754//1938 2723//1938
f 676//128 682//128 385//128
f 2756//1939 2757//1939 2751//1939
f 2758//1940 2756//1940 2751//1940
f 386//128 385//128 682//128
f 677//128 448//128 393//128
f 2759//1941 2727//1941 2703//1941
f 394//128 393//128 448//128
f 2750//1942 2706//1942 2749//1942
f 2706//1943 2694//1943 2749//1943
f 659//128 399//128 401//128
f 403//128 728//128 666//128
f 2727//1944 2760//1944 2761//1944
f 2750//1945 2751//1945 2757//1945
f 2706//1946 2750//1946 2722//1946
f 716//134 715//134 409//134
f 410//134 409//134 715//134
f 2729//1947 2762//1947 2712//1947
f 2757//1948 2722//1948 2750//1948
f 114//135 624//135 683//135
f 114//135 683//135 2763//135
f 416//135 415//135 662//135
f 2762//1949 2754//1949 2712//1949
f 2764//1950 2757//1950 2756//1950
f 663//135 662//135 415//135
f 2754//1951 2743//1951 2723//1951
f 2754//1952 2762//1952 2743//1952
f 399//137 659//137 2765//137
f 658//137 2765//137 659//137
f 2766//137 678//137 2767//137
f 684//137 2767//137 678//137
f 2729//1953 2727//1953 2761//1953
f 2722//1954 2757//1954 2764//1954
f 688//137 687//137 425//137
f 426//137 425//137 687//137
f 2758//1955 2768//1955 2756//1955
f 691//137 2769//137 2770//137
f 2771//1956 2762//1956 2729//1956
f 692//137 2769//137 691//137
f 2772//1957 2773//1957 2758//1957
f 2762//1958 2774//1958 2743//1958
f 695//137 696//137 2775//137
f 2773//1957 2768//1957 2758//1957
f 2776//137 2775//137 696//137
f 153//1959 2151//1959 166//1959
f 2150//1959 166//1959 2151//1959
f 697//137 2777//137 698//137
f 2721//1960 2707//1960 2706//1960
f 2778//137 698//137 2777//137
f 2779//137 703//137 2780//137
f 702//137 2780//137 703//137
f 2781//1191 2782//1191 524//1191
f 523//1191 2782//1191 2783//1191
f 2644//137 708//137 709//137
f 410//1961 715//1961 169//1961
f 714//1961 169//1961 715//1961
f 2722//1962 2784//1962 2721//1962
f 2777//1963 697//1963 2785//1963
f 699//1963 2785//1963 697//1963
f 694//1964 2786//1964 696//1964
f 2569//1965 2783//1965 2787//1965
f 426//1966 687//1966 2788//1966
f 689//1966 2788//1966 687//1966
f 2781//1967 2789//1967 2790//1967
f 2765//1968 658//1968 2791//1968
f 657//1968 2791//1968 658//1968
f 521//157 394//157 449//157
f 2790//1969 2782//1969 2781//1969
f 662//1970 2792//1970 416//1970
f 2793//1971 2707//1971 2721//1971
f 2753//801 2794//801 670//801
f 2126//1972 2234//1972 156//1972
f 2795//1973 671//1973 473//1973
f 2793//1974 2717//1974 2707//1974
f 2796//1975 2735//1975 2717//1975
f 2797//1976 668//1976 474//1976
f 154//1977 156//1977 2152//1977
f 2234//1978 2152//1978 156//1978
f 2700//1979 2570//1979 2787//1979
f 2796//1980 2717//1980 2793//1980
f 2791//1981 657//1981 678//1981
f 2791//1981 678//1981 2766//1981
f 2796//1982 2798//1982 2735//1982
f 2735//1983 2798//1983 2670//1983
f 154//1984 2152//1984 2153//1984
f 2799//1985 2793//1985 2721//1985
f 2799//1986 2800//1986 2793//1986
f 2800//1986 2796//1986 2793//1986
f 2789//1124 524//1124 2801//1124
f 2784//1987 2799//1987 2721//1987
f 159//1257 152//1257 2160//1257
f 2802//1988 2803//1988 2804//1988
f 461//1970 2792//1970 662//1970
f 2805//1989 2798//1989 2796//1989
f 159//702 2160//702 2170//702
f 2789//292 2801//292 2790//292
f 2800//1990 2805//1990 2796//1990
f 556//1991 2763//1991 683//1991
f 2784//1992 2806//1992 2799//1992
f 557//1991 556//1991 683//1991
f 2807//1993 2800//1993 2799//1993
f 663//221 415//221 557//221
f 2808//1994 2803//1994 2809//1994
f 2809//1995 2803//1995 2801//1995
f 2806//1996 2807//1996 2799//1996
f 460//166 2792//166 461//166
f 2794//1997 404//1997 666//1997
f 667//1997 2794//1997 666//1997
f 2810//1998 2807//1998 2806//1998
f 187//1795 2209//1795 2214//1795
f 670//801 2794//801 667//801
f 1085//1999 1081//1999 2670//1999
f 2760//2000 2727//2000 2759//2000
f 2798//1999 1085//1999 2670//1999
f 2805//2001 1090//2001 2798//2001
f 1090//2002 1085//2002 2798//2002
f 2795//2003 2755//2003 671//2003
f 671//2003 2755//2003 669//2003
f 2805//2004 1091//2004 1090//2004
f 187//2005 2214//2005 2222//2005
f 676//1973 385//1973 671//1973
f 473//1973 671//1973 385//1973
f 2783//1451 2569//1451 523//1451
f 2566//1451 522//1451 2569//1451
f 2797//2006 386//2006 682//2006
f 2222//2007 2223//2007 200//2007
f 2764//1962 2784//1962 2722//1962
f 525//1124 2801//1124 524//1124
f 2809//1124 2801//1124 525//1124
f 2789//2008 2781//2008 524//2008
f 524//1191 2782//1191 523//1191
f 668//2006 2797//2006 682//2006
f 2570//1639 2569//1639 2787//1639
f 200//567 2223//567 2237//567
f 393//1976 474//1976 668//1976
f 677//1976 393//1976 668//1976
f 2756//2009 2768//2009 2811//2009
f 401//205 400//205 449//205
f 2764//2009 2756//2009 2811//2009
f 2767//2010 684//2010 529//2010
f 530//2010 529//2010 684//2010
f 2784//2011 2764//2011 2812//2011
f 688//207 425//207 530//207
f 531//207 530//207 425//207
f 2803//292 2790//292 2801//292
f 2764//2012 2811//2012 2812//2012
f 2806//2013 2784//2013 2812//2013
f 689//2014 691//2014 2788//2014
f 2770//2014 2788//2014 691//2014
f 2769//2015 692//2015 2813//2015
f 693//2015 2813//2015 692//2015
f 693//2016 695//2016 2813//2016
f 2775//2016 2813//2016 695//2016
f 2768//2017 2814//2017 2811//2017
f 2776//1964 696//1964 2786//1964
f 2773//2017 2814//2017 2768//2017
f 2815//6 2816//6 2817//6
f 2790//2018 2803//2018 2759//2018
f 694//2019 698//2019 2786//2019
f 2778//2019 2786//2019 698//2019
f 2785//2020 699//2020 703//2020
f 2785//2020 703//2020 2779//2020
f 2790//2021 2787//2021 2782//2021
f 2780//2022 702//2022 2818//2022
f 704//2022 2818//2022 702//2022
f 2782//2021 2787//2021 2783//2021
f 704//2023 708//2023 2818//2023
f 2644//2023 2818//2023 708//2023
f 2790//2024 2703//2024 2787//2024
f 2819//2025 2814//2025 2773//2025
f 2790//2018 2759//2018 2703//2018
f 2641//1812 554//1812 553//1812
f 2700//2026 2787//2026 2703//2026
f 716//219 409//219 554//219
f 550//219 554//219 409//219
f 2820//6 2817//6 2816//6
f 2606//2027 2605//2027 2821//2027
f 555//221 557//221 415//221
f 461//166 728//166 403//166
f 624//223 114//223 562//223
f 2821//2028 2605//2028 2671//2028
f 2811//2029 2814//2029 2822//2029
f 2653//226 743//226 2823//226
f 744//226 2823//226 743//226
f 2822//2029 2812//2029 2811//2029
f 13//226 824//226 565//226
f 2816//6 2824//6 2825//6
f 26//226 566//226 839//226
f 836//226 839//226 566//226
f 2826//2030 2819//2030 2773//2030
f 43//226 843//226 41//226
f 842//226 41//226 843//226
f 2827//2031 2822//2031 2814//2031
f 51//226 847//226 53//226
f 848//226 53//226 847//226
f 2825//6 2824//6 2828//6
f 2814//2032 2819//2032 2827//2032
f 2606//2033 2821//2033 2640//2033
f 68//226 866//226 66//226
f 871//226 66//226 866//226
f 2829//6 2828//6 2830//6
f 2606//2034 2640//2034 2607//2034
f 876//226 70//226 877//226
f 69//226 877//226 70//226
f 108//2035 910//2035 107//2035
f 904//2035 107//2035 910//2035
f 2827//2036 2819//2036 2831//2036
f 103//2037 105//2037 901//2037
f 894//2038 583//2038 94//2038
f 95//2038 94//2038 583//2038
f 2830//6 2832//6 2829//6
f 2806//2039 2812//2039 2833//2039
f 2833//2040 2810//2040 2806//2040
f 859//237 59//237 574//237
f 2834//6 2829//6 2835//6
f 2836//1959 2837//1959 2838//1959
f 2822//2039 2833//2039 2812//2039
f 2621//2041 2638//2041 2837//2041
f 41//238 842//238 593//238
f 2805//2042 2839//2042 1091//2042
f 26//2043 839//2043 22//2043
f 830//2043 22//2043 839//2043
f 2839//2044 2840//2044 1092//2044
f 2832//6 2835//6 2829//6
f 1092//2045 1091//2045 2839//2045
f 2837//524 2841//524 2838//524
f 2823//2046 744//2046 10//2046
f 741//2046 10//2046 744//2046
f 2807//2047 2839//2047 2800//2047
f 2842//2048 2837//2048 2638//2048
f 2837//2049 2842//2049 2841//2049
f 2805//2050 2800//2050 2839//2050
f 2838//2051 2841//2051 2643//2051
f 2841//2052 2842//2052 2643//2052
f 2840//2053 2839//2053 2807//2053
f 2636//120 2643//120 2638//120
f 733//261 655//261 654//261
f 2842//120 2638//120 2643//120
f 2827//2054 2843//2054 2822//2054
f 2671//2055 2663//2055 2844//2055
f 2833//2054 2822//2054 2843//2054
f 2671//2056 2844//2056 2845//2056
f 2835//6 2846//6 2834//6
f 2847//6 2834//6 2846//6
f 2845//2057 2821//2057 2671//2057
f 2821//2058 2848//2058 2640//2058
f 640//2059 777//2059 641//2059
f 2849//2060 2639//2060 2640//2060
f 646//254 645//254 644//254
f 646//254 644//254 742//254
f 2850//2061 2643//2061 2639//2061
f 10//2062 741//2062 824//2062
f 10//2062 824//2062 13//2062
f 2849//2061 2850//2061 2639//2061
f 644//259 12//259 652//259
f 762//264 20//264 661//264
f 21//2063 195//2063 755//2063
f 2844//2064 2851//2064 2845//2064
f 2840//2065 2807//2065 2810//2065
f 2845//2066 2848//2066 2821//2066
f 2833//2067 2852//2067 2810//2067
f 35//356 190//356 759//356
f 2853//6 2854//6 2855//6
f 2843//2067 2852//2067 2833//2067
f 2856//2068 2840//2068 2810//2068
f 757//2063 21//2063 755//2063
f 2856//2069 2810//2069 2852//2069
f 2845//2070 2857//2070 2848//2070
f 2827//2071 2831//2071 2858//2071
f 761//359 629//359 757//359
f 21//359 757//359 628//359
f 2858//2071 2843//2071 2827//2071
f 2859//2072 2852//2072 2843//2072
f 2860//6 2853//6 2861//6
f 20//281 762//281 673//281
f 2858//2073 2859//2073 2843//2073
f 2859//2074 2862//2074 2852//2074
f 656//2075 655//2075 783//2075
f 2863//2075 656//2075 783//2075
f 2862//2076 2856//2076 2852//2076
f 2855//6 2861//6 2853//6
f 18//2077 2650//2077 784//2077
f 777//2077 18//2077 784//2077
f 2651//2078 2864//2078 2652//2078
f 2651//2079 2865//2079 2864//2079
f 790//2059 641//2059 777//2059
f 18//2059 777//2059 640//2059
f 2862//2080 2859//2080 2866//2080
f 2651//2081 2156//2081 2176//2081
f 2856//2082 1093//2082 2840//2082
f 11//2083 14//2083 565//2083
f 1093//2084 1092//2084 2840//2084
f 2861//6 2867//6 2860//6
f 1094//2085 1093//2085 2856//2085
f 2856//2086 2862//2086 1094//2086
f 686//2083 11//2083 565//2083
f 836//291 566//291 686//291
f 27//291 686//291 566//291
f 22//2087 830//2087 843//2087
f 22//2087 843//2087 43//2087
f 2652//2088 2864//2088 2662//2088
f 2599//2089 2739//2089 2600//2089
f 593//295 847//295 51//295
f 2868//6 2869//6 2867//6
f 2869//6 2860//6 2867//6
f 53//299 848//299 690//299
f 2599//2090 2745//2090 2739//2090
f 2599//2091 2751//2091 2745//2091
f 59//2092 859//2092 866//2092
f 59//2092 866//2092 68//2092
f 2599//2093 2758//2093 2751//2093
f 867//2094 67//2094 871//2094
f 2599//2095 2772//2095 2758//2095
f 2599//2096 2870//2096 2772//2096
f 66//2094 871//2094 67//2094
f 2867//6 2871//6 2868//6
f 2872//6 2868//6 2871//6
f 867//2097 877//2097 67//2097
f 69//2098 67//2098 877//2098
f 701//301 74//301 700//301
f 887//302 705//302 701//302
f 80//302 701//302 705//302
f 2599//2099 2873//2099 2874//2099
f 2875//2100 2864//2100 2865//2100
f 888//304 79//304 706//304
f 2830//6 2828//6 2824//6
f 2815//6 2824//6 2816//6
f 2820//6 2872//6 2817//6
f 2876//6 2872//6 2871//6
f 2817//6 2872//6 2876//6
f 888//2101 893//2101 79//2101
f 93//2101 79//2101 893//2101
f 2599//2102 2877//2102 2873//2102
f 2855//6 2854//6 2878//6
f 2879//6 2880//6 2854//6
f 104//305 710//305 902//305
f 2873//2103 2877//2103 2634//2103
f 2877//2104 2610//2104 2634//2104
f 903//2037 103//2037 901//2037
f 2599//2105 2612//2105 2877//2105
f 903//2106 906//2106 103//2106
f 106//2106 103//2106 906//2106
f 2881//2107 2663//2107 2662//2107
f 2608//2108 2610//2108 2877//2108
f 2612//2109 2608//2109 2877//2109
f 2876//2110 2737//2110 2734//2110
f 2876//2110 2734//2110 2817//2110
f 904//2111 913//2111 107//2111
f 115//2111 107//2111 913//2111
f 2599//2112 2615//2112 2612//2112
f 2881//2113 2844//2113 2663//2113
f 752//134 172//134 717//134
f 2871//1568 2732//1568 2737//1568
f 2871//1568 2737//1568 2876//1568
f 173//134 1001//134 722//134
f 1006//134 177//134 723//134
f 181//134 1009//134 180//134
f 1008//134 180//134 1009//134
f 2732//2114 2867//2114 2726//2114
f 2865//2115 2882//2115 2875//2115
f 125//46 726//46 745//46
f 2867//2114 2732//2114 2871//2114
f 2864//2116 2883//2116 2662//2116
f 726//46 945//46 745//46
f 735//2117 161//2117 92//2117
f 735//2117 92//2117 613//2117
f 162//2117 938//2117 163//2117
f 937//2117 163//2117 938//2117
f 2883//2118 2864//2118 2875//2118
f 2870//2119 2884//2119 2772//2119
f 2726//2120 2861//2120 2719//2120
f 2867//2120 2861//2120 2726//2120
f 2883//2121 2881//2121 2662//2121
f 2885//2122 2870//2122 2599//2122
f 945//331 726//331 601//331
f 2710//1215 2861//1215 2855//1215
f 2886//2123 2885//2123 2599//2123
f 2710//1215 2719//1215 2861//1215
f 19//321 161//321 736//321
f 2599//2124 2874//2124 2886//2124
f 2883//2125 2875//2125 32//2125
f 2874//2126 2887//2126 2886//2126
f 163//328 937//328 601//328
f 34//2127 2883//2127 32//2127
f 2878//2128 2720//2128 2855//2128
f 2710//2128 2855//2128 2720//2128
f 747//335 126//335 745//335
f 2888//2129 2844//2129 2881//2129
f 2889//2130 2890//2130 2874//2130
f 2889//2131 2891//2131 2890//2131
f 2873//2132 2889//2132 2874//2132
f 162//323 736//323 938//323
f 127//331 601//331 726//331
f 180//2133 1008//2133 92//2133
f 613//2133 92//2133 1008//2133
f 749//343 177//343 1006//343
f 2892//2134 2890//2134 2891//2134
f 750//344 170//344 997//344
f 2176//2135 2744//2135 2651//2135
f 2679//1218 2835//1218 2673//1218
f 170//346 752//346 997//346
f 2835//1218 2679//1218 2846//1218
f 169//348 714//348 717//348
f 750//349 1001//349 173//349
f 2729//2136 2761//2136 2771//2136
f 2832//2137 2680//2137 2673//2137
f 2832//2137 2673//2137 2835//2137
f 2893//2138 2889//2138 2873//2138
f 2627//2139 2891//2139 2889//2139
f 749//353 1009//353 181//353
f 2893//2140 2627//2140 2889//2140
f 2680//2141 2830//2141 2667//2141
f 2762//2142 2771//2142 2774//2142
f 2894//2143 2891//2143 2631//2143
f 756//358 377//358 759//358
f 2891//2144 2627//2144 2631//2144
f 2830//2141 2680//2141 2832//2141
f 1268//5 1278//5 1267//5
f 2873//2145 2634//2145 2893//2145
f 2743//2146 2774//2146 2752//2146
f 2634//2147 2625//2147 2893//2147
f 1273//5 1272//5 1278//5
f 2625//2148 2627//2148 2893//2148
f 2830//2149 2660//2149 2667//2149
f 2774//2150 2895//2150 2752//2150
f 1272//5 1545//5 1278//5
f 1545//5 1544//5 1265//5
f 1267//5 1278//5 1265//5
f 2896//2151 2744//2151 2741//2151
f 1266//5 1233//5 1280//5
f 1280//5 1267//5 1266//5
f 1265//5 1266//5 1267//5
f 2886//2152 2897//2152 2885//2152
f 2824//2149 2660//2149 2830//2149
f 1233//5 1234//5 1291//5
f 1291//5 1284//5 1233//5
f 1284//5 1280//5 1233//5
f 2815//1124 2736//1124 2660//1124
f 2815//1124 2660//1124 2824//1124
f 1234//5 1310//5 1298//5
f 1234//5 1298//5 1294//5
f 1291//5 1234//5 1294//5
f 2896//2153 2741//2153 2752//2153
f 1305//5 1310//5 1304//5
f 1310//5 1234//5 1237//5
f 2734//2154 2736//2154 2815//2154
f 2734//2154 2815//2154 2817//2154
f 2886//2155 2898//2155 2897//2155
f 2744//2156 2896//2156 2865//2156
f 1237//5 1399//5 1310//5
f 1238//5 1398//5 1237//5
f 2235//2157 217//2157 2236//2157
f 207//2157 2236//2157 217//2157
f 2898//2158 2899//2158 2897//2158
f 1330//5 1335//5 1328//5
f 1335//5 1399//5 1328//5
f 1332//5 1335//5 1330//5
f 1326//5 1328//5 1399//5
f 1323//5 1325//5 1399//5
f 1325//5 1326//5 1399//5
f 2865//2159 2896//2159 2882//2159
f 2744//2160 2865//2160 2651//2160
f 2886//2161 2887//2161 2898//2161
f 1353//5 1342//5 1350//5
f 1498//5 1500//5 1344//5
f 217//1114 2235//1114 193//1114
f 2215//1114 193//1114 2235//1114
f 1304//5 1310//5 1399//5
f 1313//5 1304//5 1335//5
f 2887//2162 2900//2162 2898//2162
f 193//1925 2210//1925 188//1925
f 1374//5 1376//5 1381//5
f 2900//2163 2899//2163 2898//2163
f 1369//5 1381//5 1370//5
f 1381//5 1416//5 1248//5
f 1425//5 1413//5 1248//5
f 1246//5 1248//5 1408//5
f 1370//5 1381//5 1248//5
f 2899//2164 2900//2164 2901//2164
f 2887//2165 2874//2165 2890//2165
f 1254//5 1734//5 1253//5
f 2892//2166 2900//2166 2887//2166
f 2882//2167 2896//2167 2902//2167
f 2890//2168 2892//2168 2887//2168
f 188//2169 2210//2169 186//2169
f 2202//2169 186//2169 2210//2169
f 2804//2041 2808//2041 525//2041
f 2809//2170 525//2170 2808//2170
f 2903//2149 2804//2149 526//2149
f 1401//5 1398//5 1238//5
f 1399//5 1237//5 1398//5
f 1238//5 1245//5 1401//5
f 2773//2171 2772//2171 2826//2171
f 1407//5 1402//5 1245//5
f 1402//5 1401//5 1245//5
f 2826//2172 2772//2172 2904//2172
f 1408//5 1248//5 1413//5
f 1408//5 1407//5 1246//5
f 1245//5 1246//5 1407//5
f 1415//5 1425//5 1416//5
f 1425//5 1248//5 1416//5
f 2202//1935 2201//1935 186//1935
f 2803//2173 2802//2173 2905//2173
f 2772//2174 2884//2174 2904//2174
f 2884//2175 2906//2175 2904//2175
f 1437//5 1438//5 1444//5
f 1448//5 1443//5 1444//5
f 1438//5 1448//5 1444//5
f 1435//5 1437//5 1444//5
f 1434//5 1435//5 1444//5
f 2905//2173 2759//2173 2803//2173
f 194//2176 2201//2176 183//2176
f 2905//2177 2760//2177 2759//2177
f 1442//5 1444//5 1443//5
f 2907//2178 2884//2178 2870//2178
f 1468//5 1473//5 1465//5
f 1473//5 1459//5 1465//5
f 1459//5 1445//5 1465//5
f 1445//5 1446//5 1465//5
f 1446//5 1463//5 1465//5
f 1464//5 1465//5 1463//5
f 2194//2176 183//2176 2201//2176
f 1444//5 1416//5 1376//5
f 1381//5 1376//5 1416//5
f 1430//5 1416//5 1444//5
f 2908//2179 2907//2179 2870//2179
f 1376//5 1881//5 1444//5
f 1434//5 1444//5 1881//5
f 1881//5 1879//5 1434//5
f 1389//5 1881//5 1376//5
f 2885//2179 2908//2179 2870//2179
f 1358//5 1322//5 1464//5
f 1322//5 1323//5 1399//5
f 1335//5 1304//5 1399//5
f 1399//5 1464//5 1322//5
f 1362//5 1358//5 1463//5
f 1463//5 1358//5 1464//5
f 332//2180 2194//2180 2377//2180
f 183//2180 2194//2180 332//2180
f 2885//2181 2909//2181 2908//2181
f 1344//5 1500//5 1341//5
f 1500//5 1348//5 1342//5
f 1348//5 1350//5 1342//5
f 2760//2182 2910//2182 2761//2182
f 2909//2183 2911//2183 2908//2183
f 2885//2184 2912//2184 2909//2184
f 2913//2185 2771//2185 2761//2185
f 2761//2186 2910//2186 2913//2186
f 1516//5 1512//5 1255//5
f 1513//5 1255//5 1512//5
f 160//2187 164//2187 2159//2187
f 2171//2187 2159//2187 164//2187
f 2914//2188 2819//2188 2826//2188
f 1255//5 1256//5 1516//5
f 1515//5 1516//5 1514//5
f 2915//2189 2774//2189 2771//2189
f 2904//2190 2914//2190 2826//2190
f 2895//2191 2774//2191 2915//2191
f 1541//5 1526//5 1259//5
f 2905//2192 2916//2192 2760//2192
f 2914//2193 2831//2193 2819//2193
f 1519//5 1514//5 1520//5
f 1256//5 1532//5 1516//5
f 2904//2194 2906//2194 2914//2194
f 2159//522 2151//522 160//522
f 153//522 160//522 2151//522
f 2916//2195 2910//2195 2760//2195
f 1540//5 1259//5 1528//5
f 2906//2196 2917//2196 2914//2196
f 2907//2197 2918//2197 2884//2197
f 2918//2198 2906//2198 2884//2198
f 1533//5 1532//5 1540//5
f 2919//2199 2907//2199 2908//2199
f 2771//2200 2913//2200 2915//2200
f 1526//5 1528//5 1259//5
f 1256//5 1259//5 1540//5
f 1540//5 1532//5 1256//5
f 2907//2201 2919//2201 2918//2201
f 2919//2202 2920//2202 2918//2202
f 1259//5 1262//5 1541//5
f 1542//5 1541//5 1262//5
f 1543//5 1542//5 1262//5
f 1262//5 1263//5 1543//5
f 2150//1749 2125//1749 166//1749
f 1544//5 1543//5 1263//5
f 1263//5 1265//5 1544//5
f 1265//5 1278//5 1545//5
f 2908//2203 2911//2203 2919//2203
f 1557//5 1559//5 1568//5
f 1559//5 1561//5 1568//5
f 1561//5 1562//5 1568//5
f 1566//5 1568//5 1562//5
f 1556//5 1557//5 1568//5
f 1555//5 1556//5 1568//5
f 2752//2204 2895//2204 2902//2204
f 1579//5 1600//5 1578//5
f 1569//5 1600//5 1579//5
f 2124//1124 216//1124 2125//1124
f 2896//2205 2752//2205 2902//2205
f 1545//5 1272//5 1568//5
f 1272//5 1500//5 1568//5
f 1320//5 1500//5 1272//5
f 1555//5 1568//5 1500//5
f 1342//5 1341//5 1500//5
f 1555//5 1500//5 1498//5
f 1498//5 1362//5 1555//5
f 2911//2206 2921//2206 2919//2206
f 2921//2206 2920//2206 2919//2206
f 1576//5 1578//5 1600//5
f 1570//5 1600//5 1569//5
f 2236//2154 207//2154 2124//2154
f 216//2154 2124//2154 207//2154
f 1520//5 1514//5 1532//5
f 2126//2207 206//2207 2237//2207
f 205//2207 2237//2207 206//2207
f 2910//2208 2922//2208 2913//2208
f 1514//5 1516//5 1532//5
f 2912//2209 2923//2209 2909//2209
f 2913//2210 197//2210 2915//2210
f 1600//5 1961//5 1553//5
f 1532//5 1553//5 1961//5
f 1599//5 1991//5 1600//5
f 1570//5 1572//5 1600//5
f 1572//5 1599//5 1600//5
f 2923//2209 2911//2209 2909//2209
f 206//1972 2126//1972 156//1972
f 1629//5 1641//5 1630//5
f 2922//2211 197//2211 2913//2211
f 2924//2212 2921//2212 2911//2212
f 1635//5 1637//5 1641//5
f 2923//2212 2924//2212 2911//2212
f 1630//5 1641//5 1620//5
f 2915//2213 197//2213 204//2213
f 2924//2214 2925//2214 2921//2214
f 1620//5 1621//5 1630//5
f 1621//5 1624//5 1649//5
f 1649//5 1630//5 1621//5
f 2912//2215 2885//2215 2897//2215
f 2153//1984 152//1984 154//1984
f 1652//5 1651//5 1624//5
f 1651//5 1649//5 1624//5
f 2926//2216 2923//2216 2912//2216
f 2926//2217 2927//2217 2923//2217
f 2927//2218 2924//2218 2923//2218
f 2897//2216 2926//2216 2912//2216
f 532//2219 2928//2219 526//2219
f 1673//5 2037//5 1669//5
f 2153//1257 2160//1257 152//1257
f 526//1791 2804//1791 525//1791
f 2929//2220 2903//2220 526//2220
f 2903//1037 2929//1037 2802//1037
f 1682//5 1719//5 1693//5
f 1692//5 1693//5 1719//5
f 1683//5 1719//5 1682//5
f 1684//5 1719//5 1683//5
f 1669//5 2037//5 1666//5
f 2804//294 2903//294 2802//294
f 2170//702 165//702 159//702
f 2808//1988 2804//1988 2803//1988
f 2897//2221 2899//2221 2926//2221
f 2930//2222 2927//2222 2926//2222
f 2930//2222 2926//2222 2899//2222
f 2882//2223 57//2223 2875//2223
f 57//2224 2882//2224 55//2224
f 165//2225 2170//2225 176//2225
f 2037//5 2079//5 1665//5
f 32//2226 2875//2226 57//2226
f 2895//2227 2915//2227 204//2227
f 1721//5 1690//5 1719//5
f 1690//5 1692//5 1719//5
f 1697//5 1665//5 2079//5
f 1849//5 2086//5 2099//5
f 184//1785 2193//1785 182//1785
f 204//2228 210//2228 2895//2228
f 2079//5 2092//5 1697//5
f 2209//1788 182//1788 2195//1788
f 1248//5 1253//5 1370//5
f 210//2229 2902//2229 2895//2229
f 1735//5 1734//5 1254//5
f 1734//5 1370//5 1253//5
f 55//2230 2902//2230 210//2230
f 1735//5 1254//5 1736//5
f 1606//5 1736//5 1254//5
f 1736//5 1606//5 1737//5
f 55//2231 2882//2231 2902//2231
f 1738//5 1737//5 1606//5
f 2640//2232 2848//2232 2849//2232
f 2931//2233 2925//2233 2924//2233
f 1610//5 1742//5 1606//5
f 2931//2234 2932//2234 2925//2234
f 1612//5 1794//5 1611//5
f 2932//2235 2933//2235 2925//2235
f 2222//2236 192//2236 187//2236
f 2927//2237 2931//2237 2924//2237
f 1740//5 1742//5 1741//5
f 1610//5 1789//5 1742//5
f 1738//5 1606//5 1742//5
f 1752//5 1780//5 1751//5
f 1754//5 1780//5 1752//5
f 1757//5 1780//5 1754//5
f 192//2007 2222//2007 200//2007
f 1773//5 1765//5 1771//5
f 1761//5 1765//5 1773//5
f 1760//5 1765//5 1761//5
f 1879//5 1769//5 1765//5
f 1757//5 1781//5 1780//5
f 1750//5 1751//5 1780//5
f 2836//2238 2934//2238 2935//2238
f 2836//1595 2935//1595 2936//1595
f 2931//2239 2927//2239 2937//2239
f 2237//567 205//567 200//567
f 2836//524 2838//524 2934//524
f 1792//5 1611//5 1783//5
f 1082//2240 1094//2240 2862//2240
f 2850//2241 2936//2241 2935//2241
f 1787//5 1789//5 1792//5
f 2850//2242 2935//2242 2934//2242
f 2643//2243 2850//2243 2838//2243
f 2934//2051 2838//2051 2850//2051
f 1082//2244 2862//2244 2866//2244
f 1611//5 1792//5 1610//5
f 1789//5 1610//5 1792//5
f 1782//5 1783//5 1611//5
f 2866//2245 2938//2245 1103//2245
f 2849//2246 2848//2246 2939//2246
f 2661//2247 2820//2247 2816//2247
f 1103//2248 1082//2248 2866//2248
f 1795//5 1794//5 1612//5
f 1794//5 1782//5 1611//5
f 2661//2247 2733//2247 2820//2247
f 1796//5 1795//5 1612//5
f 2914//2249 2917//2249 2831//2249
f 2659//146 2816//146 2825//146
f 1616//5 1620//5 1797//5
f 1797//5 1620//5 1798//5
f 1797//5 1796//5 1616//5
f 1612//5 1616//5 1796//5
f 2831//2250 2917//2250 2940//2250
f 1800//5 1798//5 1620//5
f 2941//2251 2936//2251 2850//2251
f 2661//146 2816//146 2659//146
f 1637//5 1800//5 1641//5
f 1620//5 1641//5 1800//5
f 1801//5 1800//5 1637//5
f 2940//2252 2858//2252 2831//2252
f 2668//2253 2825//2253 2828//2253
f 1827//5 1828//5 1801//5
f 1829//5 1801//5 1828//5
f 1810//5 1827//5 1801//5
f 1808//5 1810//5 1801//5
f 2659//2253 2825//2253 2668//2253
f 2940//2254 2942//2254 2858//2254
f 2888//2255 2851//2255 2844//2255
f 2942//2256 2859//2256 2858//2256
f 1844//5 1836//5 1837//5
f 1844//5 1837//5 1838//5
f 1844//5 1838//5 1832//5
f 1844//5 1832//5 1831//5
f 2942//2080 2866//2080 2859//2080
f 1851//5 1809//5 1801//5
f 1809//5 1808//5 1801//5
f 2918//2257 2943//2257 2906//2257
f 2851//2258 2857//2258 2845//2258
f 2906//2259 2943//2259 2917//2259
f 2668//2260 2828//2260 2829//2260
f 2668//2260 2829//2260 2674//2260
f 2917//2261 2944//2261 2940//2261
f 1637//5 1721//5 1801//5
f 1851//5 1801//5 1721//5
f 1663//5 1721//5 1637//5
f 1721//5 1719//5 1851//5
f 1848//5 1851//5 1719//5
f 2945//2262 2942//2262 2940//2262
f 2944//2263 2945//2263 2940//2263
f 2672//2264 2829//2264 2834//2264
f 1844//5 1831//5 1869//5
f 1871//5 1844//5 1869//5
f 2939//2265 2848//2265 2857//2265
f 2943//2266 2944//2266 2917//2266
f 2849//2267 2939//2267 2941//2267
f 1719//5 1698//5 1848//5
f 2946//2268 2939//2268 2857//2268
f 2674//2264 2829//2264 2672//2264
f 2849//2269 2941//2269 2850//2269
f 1871//5 1869//5 1776//5
f 1777//5 1776//5 1869//5
f 1776//5 1780//5 1871//5
f 1804//5 1871//5 1780//5
f 1781//5 1789//5 1780//5
f 1745//5 1741//5 1781//5
f 1741//5 1742//5 1789//5
f 1781//5 1741//5 1789//5
f 1804//5 1780//5 1789//5
f 2847//486 2678//486 2834//486
f 2945//2270 2938//2270 2942//2270
f 2947//2271 2948//2271 2949//2271
f 2947//2272 2949//2272 2950//2272
f 2948//1611 2947//1611 2936//1611
f 2836//2273 2936//2273 2947//2273
f 2938//2270 2866//2270 2942//2270
f 2941//2274 2950//2274 2949//2274
f 2834//486 2678//486 2672//486
f 1881//5 1769//5 1879//5
f 1771//5 1765//5 1769//5
f 2918//2275 2920//2275 2943//2275
f 1849//5 1848//5 1698//5
f 2948//2251 2936//2251 2941//2251
f 2949//2276 2948//2276 2941//2276
f 1849//5 1777//5 1869//5
f 1698//5 2086//5 1849//5
f 2851//2277 2888//2277 3//2277
f 1478//5 1434//5 1879//5
f 1879//5 1777//5 1478//5
f 1488//5 1478//5 1777//5
f 1//2278 3//2278 2888//2278
f 2854//740 2711//740 2879//740
f 2851//2279 3//2279 6//2279
f 2944//2280 2951//2280 2945//2280
f 2851//2281 6//2281 2857//2281
f 2099//5 1555//5 1362//5
f 1463//5 1488//5 1362//5
f 2952//2282 2938//2282 2945//2282
f 1849//5 1488//5 1777//5
f 2711//740 2953//740 2879//740
f 2951//2283 2952//2283 2945//2283
f 1362//5 1488//5 2099//5
f 2939//2284 2946//2284 2954//2284
f 1849//5 2099//5 1488//5
f 1624//5 1897//5 1652//5
f 1102//2285 2938//2285 2952//2285
f 1897//5 1925//5 1922//5
f 1897//5 1922//5 1921//5
f 1921//5 1652//5 1897//5
f 6//2286 2946//2286 2857//2286
f 1102//2287 1103//2287 2938//2287
f 2941//2288 2939//2288 2954//2288
f 1923//5 1925//5 1924//5
f 1925//5 1897//5 1900//5
f 1058//2289 1102//2289 2952//2289
f 2853//2290 2709//2290 2711//2290
f 2853//2290 2711//2290 2854//2290
f 2952//2291 2955//2291 1058//2291
f 2040//5 2034//5 1902//5
f 1900//5 2037//5 1925//5
f 2955//2292 1059//2292 1058//2292
f 1933//5 2037//5 1675//5
f 1931//5 1933//5 1930//5
f 1930//5 1933//5 1675//5
f 2956//2293 2944//2293 2943//2293
f 1924//5 1925//5 2037//5
f 1928//5 1924//5 1933//5
f 2920//2293 2956//2293 2943//2293
f 1936//5 1946//5 1935//5
f 2947//2272 2950//2272 1449//2272
f 2709//2294 2853//2294 2718//2294
f 2860//2294 2718//2294 2853//2294
f 1941//5 1940//5 1946//5
f 1451//684 1450//684 1460//684
f 2951//2295 2944//2295 2956//2295
f 1946//5 2050//5 1916//5
f 2052//5 2046//5 1916//5
f 2954//693 1472//693 1450//693
f 1916//5 1918//5 1935//5
f 1935//5 1946//5 1916//5
f 1949//5 1948//5 1920//5
f 1918//5 1920//5 1948//5
f 1948//5 1935//5 1918//5
f 1449//684 2957//684 1450//684
f 2718//2296 2860//2296 2869//2296
f 2718//2296 2869//2296 2725//2296
f 2956//2297 2920//2297 2958//2297
f 1513//5 1950//5 1255//5
f 1920//5 1255//5 1950//5
f 1950//5 1949//5 1920//5
f 2959//2272 1449//2272 2950//2272
f 1449//2298 2959//2298 2957//2298
f 1450//2299 2957//2299 2954//2299
f 2957//2300 2959//2300 2954//2300
f 2921//2297 2958//2297 2920//2297
f 1958//5 1960//5 1532//5
f 1520//5 1532//5 1960//5
f 1962//5 1959//5 1532//5
f 1520//5 1960//5 1521//5
f 2958//2301 2960//2301 2956//2301
f 1959//5 1958//5 1532//5
f 2959//2302 2950//2302 2954//2302
f 2941//2274 2954//2274 2950//2274
f 2868//2303 2730//2303 2725//2303
f 2868//2303 2725//2303 2869//2303
f 2960//2301 2951//2301 2956//2301
f 2946//2304 6//2304 1479//2304
f 2960//2305 2955//2305 2951//2305
f 1988//5 2021//5 1985//5
f 1978//5 1985//5 2021//5
f 1966//5 1967//5 1988//5
f 1970//5 1988//5 1967//5
f 2021//5 1988//5 1970//5
f 1980//5 1978//5 2021//5
f 2955//2306 2952//2306 2951//2306
f 6//2304 5//2304 1479//2304
f 2921//2214 2925//2214 2958//2214
f 2946//2307 1479//2307 1472//2307
f 2933//2308 2960//2308 2958//2308
f 1472//2309 2954//2309 2946//2309
f 2872//367 2731//367 2730//367
f 2872//367 2730//367 2868//367
f 1961//5 1600//5 1991//5
f 2925//2310 2933//2310 2958//2310
f 2883//2311 34//2311 2881//2311
f 1961//5 1962//5 1532//5
f 2731//2312 2872//2312 2733//2312
f 2820//2312 2733//2312 2872//2312
f 2961//2313 2960//2313 2933//2313
f 2881//2314 34//2314 2888//2314
f 2961//2315 2955//2315 2960//2315
f 2929//524 526//524 2928//524
f 2930//2316 2899//2316 2901//2316
f 1991//5 1599//5 2005//5
f 2247//565 261//565 260//565
f 2901//2317 2962//2317 2930//2317
f 1955//5 1980//5 1940//5
f 2082//5 2057//5 2021//5
f 2021//5 2005//5 2082//5
f 2086//5 2082//5 2005//5
f 2086//5 2005//5 2099//5
f 2928//2318 2802//2318 2929//2318
f 2900//2319 2963//2319 2901//2319
f 2963//2320 2964//2320 2901//2320
f 2892//2321 2963//2321 2900//2321
f 2037//5 1900//5 2033//5
f 1673//5 1675//5 2037//5
f 2965//1037 2966//1037 2967//1037
f 2966//2322 2928//2322 2967//2322
f 2034//5 2033//5 1900//5
f 1900//5 1902//5 2034//5
f 2968//2323 2802//2323 2966//2323
f 2891//2324 2894//2324 2892//2324
f 1902//5 1908//5 2040//5
f 2041//5 2040//5 1908//5
f 2894//2325 2963//2325 2892//2325
f 2968//2323 2905//2323 2802//2323
f 2248//565 261//565 2247//565
f 2916//2326 2905//2326 2968//2326
f 1909//5 1916//5 2044//5
f 2044//5 1916//5 2046//5
f 2044//5 2042//5 1909//5
f 1908//5 1909//5 2042//5
f 2042//5 2041//5 1908//5
f 2894//2327 2656//2327 2963//2327
f 2052//5 1916//5 2050//5
f 1940//5 2050//5 1946//5
f 2047//5 2052//5 2050//5
f 2894//2328 2631//2328 2658//2328
f 2658//2329 2656//2329 2894//2329
f 2057//5 2058//5 2060//5
f 2057//5 2060//5 2062//5
f 2057//5 2062//5 2065//5
f 2057//5 2065//5 2066//5
f 2057//5 2066//5 2067//5
f 2057//5 2067//5 2068//5
f 231//2330 2248//2330 2250//2330
f 2073//5 2075//5 2077//5
f 2075//5 2092//5 2077//5
f 2074//5 2073//5 2077//5
f 2072//5 2071//5 2077//5
f 2071//5 2074//5 2077//5
f 2969//2331 2966//2331 2970//2331
f 2050//5 1940//5 2068//5
f 2054//5 2050//5 2068//5
f 1940//5 1980//5 2068//5
f 2248//2330 231//2330 261//2330
f 2057//5 2068//5 1980//5
f 1980//5 2021//5 2057//5
f 2079//5 2077//5 2092//5
f 2971//2332 2646//2332 1063//2332
f 2965//2331 2970//2331 2966//2331
f 1698//5 1697//5 2092//5
f 2086//5 1698//5 2092//5
f 1665//5 1666//5 2037//5
f 1933//5 1924//5 2037//5
f 2972//2333 2969//2333 2973//2333
f 2970//1047 2973//1047 2969//1047
f 2005//5 1599//5 2099//5
f 2974//2334 2975//2334 2976//2334
f 2977//2335 2968//2335 2978//2335
f 2962//2336 2901//2336 2964//2336
f 2250//2337 2254//2337 229//2337
f 2979//2338 2976//2338 2962//2338
f 630//1817 629//1817 660//1817
f 2980//2339 2977//2339 2978//2339
f 2964//2340 2979//2340 2962//2340
f 654//1817 674//1817 673//1817
f 2979//2341 2971//2341 2976//2341
f 2650//1817 2863//1817 783//1817
f 2968//2342 2977//2342 2916//2342
f 2971//2343 2974//2343 2976//2343
f 2250//2337 229//2337 231//2337
f 2977//2344 253//2344 2916//2344
f 2656//2345 2964//2345 2963//2345
f 2656//2346 2655//2346 2964//2346
f 652//1817 641//1817 790//1817
f 2655//2347 2979//2347 2964//2347
f 642//1817 641//1817 651//1817
f 2916//2348 253//2348 2910//2348
f 232//1237 229//1237 2258//1237
f 742//1817 743//1817 646//1817
f 253//2349 2922//2349 2910//2349
f 2646//2350 2971//2350 2979//2350
f 2655//2351 2646//2351 2979//2351
f 647//1817 646//1817 2653//1817
f 661//1817 629//1817 761//1817
f 661//1817 660//1817 629//1817
f 2971//2352 1110//2352 2974//2352
f 1110//2353 1111//2353 2974//2353
f 2971//2354 1063//2354 1110//2354
f 1107//2355 2961//2355 2981//2355
f 706//1830 705//1830 887//1830
f 229//1237 2254//1237 2258//1237
f 1107//2356 1114//2356 2961//2356
f 84//1830 705//1830 78//1830
f 706//1830 78//1830 705//1830
f 1106//2357 1107//2357 2981//2357
f 893//1830 894//1830 93//1830
f 2982//2358 1106//2358 2981//2358
f 2974//2359 1111//2359 2982//2359
f 94//1830 93//1830 894//1830
f 1111//2359 1106//2359 2982//2359
f 105//1830 104//1830 902//1830
f 906//1830 108//1830 106//1830
f 2977//2360 251//2360 253//2360
f 235//799 232//799 2261//799
f 913//1830 562//1830 115//1830
f 113//1830 115//1830 562//1830
f 2977//2361 2980//2361 251//2361
f 232//799 2258//799 2261//799
f 2922//2362 253//2362 252//2362
f 2666//6 302//6 2665//6
f 2981//2363 2933//2363 2932//2363
f 2927//2364 2930//2364 2937//2364
f 2263//2365 239//2365 235//2365
f 2922//2366 252//2366 198//2366
f 126//6 2665//6 302//6
f 2975//2367 2932//2367 2931//2367
f 2922//2368 198//2368 197//2368
f 302//6 304//6 321//6
f 2937//2367 2975//2367 2931//2367
f 212//6 321//6 304//6
f 2975//2369 2982//2369 2932//2369
f 2983//684 534//684 1654//684
f 1538//684 1654//684 510//684
f 214//6 321//6 212//6
f 2982//2370 2981//2370 2932//2370
f 2930//2371 2962//2371 2937//2371
f 2976//2372 2937//2372 2962//2372
f 2984//2373 534//2373 2985//2373
f 2973//2374 533//2374 2972//2374
f 218//6 220//6 309//6
f 2976//2375 2975//2375 2937//2375
f 321//6 309//6 2716//6
f 1654//2376 1538//2376 1537//2376
f 2974//2377 2982//2377 2975//2377
f 2263//2365 235//2365 2261//2365
f 2961//2378 1114//2378 1059//2378
f 310//6 2715//6 2716//6
f 221//6 223//6 310//6
f 2983//860 1654//860 1653//860
f 1059//2379 2955//2379 2961//2379
f 2985//2380 2983//2380 1653//2380
f 2715//6 310//6 2686//6
f 2715//6 299//6 2716//6
f 223//6 2686//6 310//6
f 2981//2381 2961//2381 2933//2381
f 1653//2382 2984//2382 2985//2382
f 2984//2383 2969//2383 2972//2383
f 126//6 302//6 191//6
f 321//6 191//6 302//6
f 220//6 2716//6 309//6
f 2980//2384 2978//2384 2986//2384
f 2986//2385 1653//2385 1661//2385
f 2708//6 191//6 2714//6
f 297//6 299//6 2687//6
f 2715//6 2687//6 299//6
f 1653//2386 1537//2386 1661//2386
f 1840//2387 2986//2387 1661//2387
f 299//6 2714//6 2716//6
f 299//6 341//6 2714//6
f 2688//6 2714//6 341//6
f 2714//6 191//6 2716//6
f 2980//2387 2986//2387 1840//2387
f 1840//2388 257//2388 2980//2388
f 257//2389 251//2389 2980//2389
f 2689//6 2690//6 2714//6
f 510//2390 1654//2390 534//2390
f 2690//6 2708//6 2714//6
f 2984//2373 2972//2373 533//2373
f 534//2391 2984//2391 533//2391
f 2983//2392 2985//2392 534//2392
f 2965//2393 532//2393 2970//2393
f 2967//2394 532//2394 2965//2394
f 533//1595 2970//1595 532//1595
f 2973//1595 2970//1595 533//1595
f 2967//524 2928//524 532//524
f 2279//1286 244//1286 2277//1286
f 2277//1286 244//1286 265//1286
f 2691//6 2705//6 2708//6
f 136//6 126//6 191//6
f 2692//6 2705//6 2691//6
f 1653//2383 2969//2383 2984//2383
f 282//6 2708//6 2704//6
f 1653//2395 2986//2395 2969//2395
f 321//6 2716//6 191//6
f 244//1575 2281//1575 250//1575
f 2695//6 2704//6 2705//6
f 2279//1575 2281//1575 244//1575
f 2696//6 2704//6 2695//6
f 2698//6 2738//6 2697//6
f 2704//6 2697//6 2738//6
f 2969//2396 2986//2396 2978//2396
f 2802//2318 2928//2318 2966//2318
f 2699//6 2675//6 2738//6
f 2675//6 280//6 2738//6
f 2966//2397 2969//2397 2978//2397
f 282//6 2738//6 280//6
f 282//6 2704//6 2738//6
f 2966//1076 2978//1076 2968//1076
f 358//6 2702//6 282//6
f 2281//1251 2287//1251 250//1251
f 361//6 2676//6 358//6
f 1//2398 2888//2398 34//2398
f 2702//6 358//6 2676//6
f 2702//6 191//6 282//6
f 33//2399 1//2399 34//2399
f 2705//6 2704//6 2708//6
f 248//1251 250//1251 2287//1251
f 2677//6 277//6 2702//6
f 277//6 273//6 2702//6
f 276//6 191//6 2702//6
f 276//6 2702//6 273//6
f 276//6 362//6 373//6
f 2683//6 373//6 362//6
f 373//6 191//6 276//6
f 191//6 2708//6 282//6
f 191//6 373//6 2748//6
f 373//6 365//6 2748//6
f 364//6 2748//6 365//6
f 2746//6 2747//6 2748//6
f 191//6 2748//6 2747//6
f 404//6 460//6 402//6
f 248//137 2287//137 254//137
f 2293//137 254//137 2287//137
f 404//6 2794//6 460//6
f 2755//6 2795//6 2753//6
f 259//2400 254//2400 2294//2400
f 386//6 2797//6 384//6
f 473//6 384//6 2797//6
f 2294//2400 254//2400 2293//2400
f 392//6 394//6 474//6
f 521//6 474//6 394//6
f 260//1145 259//1145 2294//1145
f 260//1145 2294//1145 2247//1145
f 399//6 2765//6 2791//6
f 399//6 2791//6 400//6
f 2310//2207 98//2207 2308//2207
f 146//2207 2308//2207 98//2207
f 2792//6 556//6 555//6
f 98//563 2316//563 141//563
f 98//563 2310//563 2316//563
f 2322//2401 137//2401 2316//2401
f 141//2401 2316//2401 137//2401
f 129//2402 2322//2402 2323//2402
f 137//2402 2322//2402 129//2402
f 135//2403 2323//2403 2325//2403
f 2792//6 460//6 2794//6
f 2797//6 2792//6 2794//6
f 129//2403 2323//2403 135//2403
f 2329//832 269//832 2325//832
f 135//832 2325//832 269//832
f 2797//6 2794//6 2795//6
f 2794//6 2753//6 2795//6
f 2336//1110 119//1110 121//1110
f 473//6 2797//6 2795//6
f 2336//1110 121//1110 2334//1110
f 2342//1172 112//1172 2336//1172
f 2336//1172 112//1172 119//1172
f 474//6 521//6 2797//6
f 2341//1105 110//1105 2342//1105
f 112//1105 2342//1105 110//1105
f 279//371 2341//371 2347//371
f 110//371 2341//371 279//371
f 279//569 2348//569 101//569
f 400//6 2791//6 521//6
f 2791//6 2766//6 529//6
f 2767//6 529//6 2766//6
f 521//6 2791//6 529//6
f 2348//569 279//569 2347//569
f 146//567 2348//567 2308//567
f 521//6 2788//6 2797//6
f 101//567 2348//567 146//567
f 2539//6 1894//6 1872//6
f 529//6 531//6 2788//6
f 529//6 2788//6 521//6
f 426//6 2788//6 531//6
f 2332//2404 2409//2404 1894//2404
f 424//6 426//6 531//6
f 2332//2404 1894//2404 2539//2404
f 2792//6 2797//6 2788//6
f 88//1095 1883//1095 295//1095
f 1898//6 1896//6 2987//6
f 1895//6 2987//6 1896//6
f 2022//1274 1898//1274 2070//1274
f 1894//2405 2409//2405 1895//2405
f 2408//2405 1895//2405 2409//2405
f 300//2403 1883//2403 2351//2403
f 300//2403 295//2403 1883//2403
f 2813//6 2788//6 2769//6
f 2770//6 2769//6 2788//6
f 2987//6 2988//6 1898//6
f 2070//6 1898//6 2988//6
f 2786//6 2813//6 2775//6
f 2776//6 2786//6 2775//6
f 553//6 114//6 2785//6
f 2408//2406 2406//2406 2987//2406
f 2408//2406 2987//2406 1895//2406
f 2788//6 2813//6 2792//6
f 556//6 2792//6 2813//6
f 553//6 169//6 114//6
f 1359//81 306//81 2351//81
f 300//81 2351//81 306//81
f 2777//6 2785//6 2778//6
f 1351//85 356//85 1359//85
f 2988//6 2989//6 2070//6
f 2786//6 2778//6 2785//6
f 2780//6 2818//6 2779//6
f 2785//6 2779//6 2818//6
f 2070//1220 2990//1220 2019//1220
f 2818//6 553//6 2785//6
f 2786//6 2785//6 2813//6
f 2406//1095 2402//1095 2988//1095
f 2406//1095 2988//1095 2987//1095
f 2990//6 2070//6 2989//6
f 2991//6 2990//6 2989//6
f 2644//6 2642//6 2818//6
f 2641//6 2818//6 2642//6
f 2641//6 553//6 2818//6
f 1311//2407 2018//2407 2991//2407
f 2019//1615 2990//1615 2991//1615
f 2019//1615 2991//1615 2018//1615
f 169//6 168//6 114//6
f 408//6 410//6 550//6
f 2989//2408 2988//2408 2401//2408
f 2402//2408 2401//2408 2988//2408
f 410//6 169//6 550//6
f 553//6 550//6 169//6
f 168//6 174//6 114//6
f 2991//6 2989//6 2992//6
f 2989//2409 2397//2409 2992//2409
f 2813//6 2785//6 114//6
f 92//6 114//6 178//6
f 556//6 2813//6 114//6
f 2401//2409 2397//2409 2989//2409
f 2763//6 556//6 114//6
f 2792//6 555//6 414//6
f 416//6 2792//6 414//6
f 243//170 2278//170 351//170
f 2276//170 351//170 2278//170
f 2391//2404 352//2404 351//2404
f 2391//2404 351//2404 2276//2404
f 2389//2410 344//2410 352//2410
f 2389//2410 352//2410 2391//2410
f 2389//2411 2387//2411 340//2411
f 2389//2411 340//2411 344//2411
f 630//6 660//6 628//6
f 334//2412 2387//2412 2385//2412
f 660//6 20//6 628//6
f 334//2412 340//2412 2387//2412
f 345//2264 334//2264 2382//2264
f 2385//2264 2382//2264 334//2264
f 656//6 2863//6 18//6
f 2650//6 18//6 2863//6
f 345//2402 2381//2402 484//2402
f 640//6 12//6 18//6
f 2382//2402 2381//2402 345//2402
f 642//6 651//6 640//6
f 2381//2401 2482//2401 484//2401
f 651//6 12//6 640//6
f 645//6 10//6 12//6
f 647//6 2653//6 645//6
f 2653//6 2823//6 645//6
f 10//6 645//6 2823//6
f 19//6 136//6 191//6
f 19//6 191//6 35//6
f 35//6 760//6 21//6
f 760//6 196//6 21//6
f 21//6 18//6 19//6
f 628//6 20//6 21//6
f 18//6 20//6 656//6
f 20//6 674//6 656//6
f 654//6 656//6 674//6
f 324//2413 2378//2413 184//2413
f 2193//2413 184//2413 2378//2413
f 2993//5 2994//5 2995//5
f 2996//5 2997//5 2998//5
f 2998//5 2994//5 2993//5
f 2999//5 2995//5 2994//5
f 3000//5 2997//5 2996//5
f 2953//5 2711//5 3001//5
f 2720//5 3001//5 2711//5
f 3002//5 3000//5 3001//5
f 2997//5 3000//5 3002//5
f 3003//5 2998//5 2997//5
f 2994//5 2998//5 3003//5
f 3000//5 2953//5 3001//5
f 2368//2414 311//2414 2359//2414
f 311//1097 2368//1097 2372//1097
f 3004//6 3005//6 3006//6
f 3007//6 3006//6 3005//6
f 3008//6 3004//6 3006//6
f 3009//6 3008//6 3010//6
f 3011//6 3010//6 3008//6
f 3006//6 3011//6 3008//6
f 3012//6 2880//6 3013//6
f 3013//6 3009//6 3010//6
f 3010//6 3012//6 3013//6
f 2879//6 3013//6 2880//6
f 2878//6 2854//6 2880//6
f 2720//1593 2878//1593 3001//1593
f 2880//1593 3001//1593 2878//1593
f 3012//2415 3002//2415 3001//2415
f 3012//2415 3001//2415 2880//2415
f 3010//2416 2997//2416 3002//2416
f 3010//2416 3002//2416 3012//2416
f 3010//2406 3011//2406 3003//2406
f 3010//2406 3003//2406 2997//2406
f 3011//2417 3006//2417 2994//2417
f 2994//2417 3003//2417 3011//2417
f 2994//2418 3006//2418 2999//2418
f 3007//2418 2999//2418 3006//2418
f 3014//1237 2999//1237 3007//1237
f 2377//516 2374//516 331//516
f 2377//516 331//516 332//516
f 316//828 331//828 2371//828
f 2374//828 2371//828 331//828
f 312//2419 316//2419 2367//2419
f 2371//2419 2367//2419 316//2419
f 2358//486 323//486 2367//486
f 2367//486 323//486 312//486
f 319//1257 323//1257 2357//1257
f 2358//1257 2357//1257 323//1257
f 2357//2260 2444//2260 319//2260
f 311//2414 313//2414 2359//2414
f 2372//1097 315//1097 311//1097
f 2372//2420 2375//2420 315//2420
f 322//2420 315//2420 2375//2420
f 322//2421 2375//2421 324//2421
f 2378//2421 324//2421 2375//2421
f 3015//2422 3005//2422 2995//2422
f 3004//1667 2993//1667 2995//1667
f 3004//1667 2995//1667 3005//1667
f 3008//2423 2998//2423 3004//2423
f 3004//2423 2998//2423 2993//2423
f 3009//684 2996//684 2998//684
f 3009//684 2998//684 3008//684
f 3013//2424 3000//2424 2996//2424
f 3013//2424 2996//2424 3009//2424
f 2879//2425 2953//2425 3013//2425
f 3013//2425 2953//2425 3000//2425
f 2384//2426 2383//2426 335//2426
f 2386//1220 335//1220 2383//1220
f 335//1220 2386//1220 333//1220
f 2388//2427 333//2427 2386//2427
f 2388//2427 339//2427 333//2427
f 2392//684 343//684 2388//684
f 2388//684 343//684 339//684
f 2390//2428 346//2428 343//2428
f 2392//2428 2390//2428 343//2428
f 2275//2429 350//2429 346//2429
f 346//2429 2390//2429 2275//2429
f 265//740 350//740 2275//740
f 265//740 2275//740 2277//740
f 2396//2430 308//2430 307//2430
f 308//524 2396//524 354//524
f 2398//524 354//524 2396//524
f 354//2431 2398//2431 296//2431
f 2403//2431 296//2431 2398//2431
f 2404//521 355//521 296//521
f 2404//521 296//521 2403//521
f 2407//459 87//459 2404//459
f 2404//459 87//459 355//459
f 87//2432 2407//2432 81//2432
f 2411//2432 81//2432 2407//2432
f 2412//462 82//462 2411//462
f 82//462 81//462 2411//462
f 82//2433 2412//2433 121//2433
f 2334//2433 121//2433 2412//2433
f 1366//6 1365//6 2992//6
f 2991//6 2992//6 1365//6
f 1311//2407 2991//2407 1365//2407
f 2518//85 1366//85 2992//85
f 2518//85 2992//85 2397//85
f 1364//6 1363//6 1366//6
f 1367//6 1329//6 1364//6
f 2516//2434 1364//2434 1366//2434
f 2516//2434 1366//2434 2518//2434
f 1364//2207 2516//2207 1367//2207
f 2513//2207 1367//2207 2516//2207
f 29//612 1338//612 503//612
f 1368//6 3016//6 1373//6
f 1373//6 1329//6 1368//6
f 2509//2435 1368//2435 1367//2435
f 2509//2435 1367//2435 2513//2435
f 369//1105 1338//1105 2414//1105
f 369//1105 503//1105 1338//1105
f 1327//6 1373//6 3016//6
f 3016//6 3017//6 1327//6
f 2027//1211 3018//1211 2085//1211
f 1327//1292 3018//1292 2027//1292
f 1368//2436 2507//2436 3016//2436
f 2509//2436 2507//2436 1368//2436
f 369//1172 2414//1172 371//1172
f 1232//1172 371//1172 2414//1172
f 3018//6 1327//6 3017//6
f 3017//6 3019//6 3018//6
f 2085//6 3018//6 3019//6
f 2026//1215 2085//1215 2083//1215
f 3016//612 2505//612 3017//612
f 2507//612 2505//612 3016//612
f 2083//6 2085//6 3019//6
f 3019//6 3020//6 2083//6
f 3017//2437 2503//2437 3019//2437
f 2505//2437 2503//2437 3017//2437
f 1244//6 1243//6 3020//6
f 1137//1289 2024//1289 1243//1289
f 3019//2438 2503//2438 3020//2438
f 2500//2438 3020//2438 2503//2438
f 2083//6 3020//6 1243//6
f 2498//491 1244//491 3020//491
f 2498//491 3020//491 2500//491
f 1242//6 1241//6 1244//6
f 2497//2439 1242//2439 1244//2439
f 2497//2439 1244//2439 2498//2439
f 1226//6 1228//6 1242//6
f 2497//2440 1226//2440 1242//2440
f 2495//2440 1226//2440 2497//2440
f 1229//6 1231//6 1227//6
f 1231//6 1228//6 1227//6
f 1226//2432 2495//2432 1227//2432
f 2331//2432 1227//2432 2495//2432
f 2547//1599 1227//1599 2331//1599
f 484//2401 2482//2401 486//2401
f 2490//2441 491//2441 486//2441
f 2490//2441 486//2441 2482//2441
f 2489//2442 479//2442 491//2442
f 2489//2442 491//2442 2490//2442
f 479//2443 2489//2443 2480//2443
f 479//2443 2480//2443 478//2443
f 2480//2444 2477//2444 476//2444
f 2480//2444 476//2444 478//2444
f 476//2445 2475//2445 472//2445
f 2477//2445 2475//2445 476//2445
f 2469//2446 468//2446 2475//2446
f 472//2446 2475//2446 468//2446
f 2468//2294 462//2294 2469//2294
f 2469//2294 462//2294 468//2294
f 462//2447 2468//2447 463//2447
f 2464//2447 463//2447 2468//2447
f 2463//2448 498//2448 463//2448
f 2463//2448 463//2448 2464//2448
f 2491//2449 456//2449 498//2449
f 2491//2449 498//2449 2463//2449
f 2305//2432 497//2432 456//2432
f 2305//2432 456//2432 2491//2432
f 2459//1118 452//1118 389//1118
f 2459//1599 2171//1599 452//1599
f 2425//507 407//507 388//507
f 405//2176 407//2176 2425//2176
f 2443//620 436//620 447//620
f 2443//1749 2445//1749 436//1749
f 318//2450 2360//2450 313//2450
f 2673//5 2672//5 2679//5
f 3021//5 3022//5 3023//5
f 3023//5 3022//5 2678//5
f 3024//5 3025//5 3021//5
f 3025//5 3024//5 3026//5
f 3027//5 3028//5 3029//5
f 3029//5 3030//5 3026//5
f 3030//5 3029//5 3028//5
f 3031//5 3032//5 3027//5
f 3033//5 3034//5 3031//5
f 3028//5 3027//5 3032//5
f 3035//5 3036//5 3033//5
f 3032//5 3031//5 3034//5
f 3037//5 3036//5 3038//5
f 3034//5 3033//5 3039//5
f 3040//5 3041//5 3042//5
f 2995//5 2999//5 3015//5
f 2999//5 3014//5 3015//5
f 3042//5 3041//5 3014//5
f 3041//5 3015//5 3014//5
f 3042//5 3043//5 3040//5
f 3038//5 3040//5 3043//5
f 3043//5 3037//5 3038//5
f 3035//5 3038//5 3036//5
f 3039//5 3033//5 3036//5
f 2679//5 2678//5 3022//5
f 3044//5 3022//5 3021//5
f 3025//5 3026//5 3030//5
f 3044//5 3021//5 3025//5
f 317//2260 319//2260 2444//2260
f 421//2444 445//2444 2439//2444
f 176//2225 2170//2225 2420//2225
f 2457//2416 387//2416 2420//2416
f 388//2404 387//2404 2423//2404
f 413//2451 422//2451 2435//2451
f 2437//1925 413//1925 2435//1925
f 447//2452 432//2452 2441//2452
f 447//620 2441//620 2443//620
f 2846//6 3045//6 2847//6
f 3046//6 2847//6 3045//6
f 3047//6 3048//6 3049//6
f 3050//6 3051//6 3052//6
f 3049//6 3052//6 3051//6
f 3051//6 3050//6 3053//6
f 3054//6 3053//6 3050//6
f 3055//6 3053//6 3054//6
f 3054//6 3056//6 3055//6
f 3057//6 3055//6 3056//6
f 3056//6 3058//6 3057//6
f 3058//6 3059//6 3057//6
f 3060//6 3061//6 3062//6
f 3062//6 3063//6 3060//6
f 3064//6 3060//6 3063//6
f 3005//6 3064//6 3007//6
f 3063//6 3007//6 3064//6
f 3065//6 3066//6 3061//6
f 3059//6 3067//6 3065//6
f 3065//6 3068//6 3059//6
f 3068//6 3057//6 3059//6
f 3067//6 3066//6 3065//6
f 3062//6 3061//6 3066//6
f 3047//6 3069//6 3048//6
f 3070//6 3048//6 3069//6
f 3052//6 3049//6 3048//6
f 3045//6 3070//6 3069//6
f 3069//6 3046//6 3045//6
f 3063//1237 3014//1237 3007//1237
f 3042//2453 3014//2453 3063//2453
f 3062//2453 3042//2453 3063//2453
f 3066//2434 3043//2434 3042//2434
f 3066//2434 3042//2434 3062//2434
f 3067//565 3037//565 3043//565
f 3067//565 3043//565 3066//565
f 3037//2454 3067//2454 3059//2454
f 3037//2454 3059//2454 3036//2454
f 3059//2444 3058//2444 3039//2444
f 3059//2444 3039//2444 3036//2444
f 3039//2455 3056//2455 3034//2455
f 3058//2455 3056//2455 3039//2455
f 3034//1251 3054//1251 3032//1251
f 3056//1251 3054//1251 3034//1251
f 3032//1575 3054//1575 3028//1575
f 3050//1575 3028//1575 3054//1575
f 3028//1286 3050//1286 3030//1286
f 3052//1286 3030//1286 3050//1286
f 3048//2439 3025//2439 3030//2439
f 3048//2439 3030//2439 3052//2439
f 3070//2429 3044//2429 3025//2429
f 3070//2429 3025//2429 3048//2429
f 3045//2428 3022//2428 3044//2428
f 3045//2428 3044//2428 3070//2428
f 3045//1599 2846//1599 3022//1599
f 2679//1599 3022//1599 2846//1599
f 435//2453 317//2453 2444//2453
f 435//2453 2444//2453 2448//2453
f 446//2441 435//2441 2442//2441
f 2448//2441 2442//2441 435//2441
f 2442//2456 2450//2456 433//2456
f 2442//2456 433//2456 446//2456
f 433//2443 2450//2443 445//2443
f 2449//2443 445//2443 2450//2443
f 2449//2444 2439//2444 445//2444
f 2436//2457 411//2457 2439//2457
f 421//2457 2439//2457 411//2457
f 411//2458 2434//2458 412//2458
f 411//2458 2436//2458 2434//2458
f 423//1108 412//1108 2433//1108
f 2434//1108 2433//1108 412//1108
f 423//1574 2433//1574 406//1574
f 406//1574 2433//1574 2430//1574
f 2430//2439 2424//2439 451//2439
f 2430//2439 451//2439 406//2439
f 389//1115 451//1115 2458//1115
f 2424//1115 2458//1115 451//1115
f 389//1118 2458//1118 2459//1118
f 164//1599 452//1599 2171//1599
f 176//2416 2420//2416 387//2416
f 2457//2404 2423//2404 387//2404
f 388//507 2423//507 2425//507
f 2431//2176 405//2176 2425//2176
f 405//1935 2431//1935 422//1935
f 2432//1935 422//1935 2431//1935
f 2432//2451 2435//2451 422//2451
f 2437//1925 417//1925 413//1925
f 2440//1184 420//1184 417//1184
f 2440//1184 417//1184 2437//1184
f 420//1562 2440//1562 432//1562
f 2451//1562 432//1562 2440//1562
f 2451//2452 2441//2452 432//2452
f 434//1749 436//1749 2445//1749
f 2360//1225 318//1225 434//1225
f 2360//1225 434//1225 2445//1225
f 2359//2450 313//2450 2360//2450
f 3023//518 2678//518 3046//518
f 2847//518 3046//518 2678//518
f 3021//2459 3046//2459 3069//2459
f 3023//2459 3046//2459 3021//2459
f 3021//2460 3069//2460 3024//2460
f 3047//2460 3024//2460 3069//2460
f 3049//170 3026//170 3047//170
f 3047//170 3026//170 3024//170
f 3051//2176 3029//2176 3049//2176
f 3049//2176 3029//2176 3026//2176
f 3053//1650 3027//1650 3051//1650
f 3051//1650 3027//1650 3029//1650
f 3055//2169 3031//2169 3053//2169
f 3053//2169 3031//2169 3027//2169
f 3057//2461 3033//2461 3055//2461
f 3055//2461 3033//2461 3031//2461
f 3068//1114 3035//1114 3057//1114
f 3057//1114 3035//1114 3033//1114
f 3065//2157 3038//2157 3068//2157
f 3068//2157 3038//2157 3035//2157
f 3038//1125 3065//1125 3040//1125
f 3061//1125 3040//1125 3065//1125
f 3060//1124 3041//1124 3040//1124
f 3060//1124 3040//1124 3061//1124
f 3064//2462 3015//2462 3041//2462
f 3064//2462 3041//2462 3060//2462
f 3005//2422 3015//2422 3064//2422
f 2263//2463 2306//2463 239//2463
f 457//2463 239//2463 2306//2463
f 2492//2416 455//2416 2306//2416
f 457//2416 2306//2416 455//2416
f 496//2415 455//2415 2492//2415
f 496//2415 2492//2415 2465//2415
f 499//2464 496//2464 2466//2464
f 2465//2464 2466//2464 496//2464
f 2466//2465 2467//2465 464//2465
f 464//2465 499//2465 2466//2465
f 467//1215 2467//1215 2470//1215
f 464//1215 2467//1215 467//1215
f 471//2466 467//2466 2476//2466
f 2470//2466 2476//2466 467//2466
f 2479//1925 475//1925 471//1925
f 2476//1925 2479//1925 471//1925
f 475//1568 2488//1568 477//1568
f 2479//1568 2488//1568 475//1568
f 480//2110 2488//2110 2487//2110
f 477//2110 2488//2110 480//2110
f 480//2467 2487//2467 487//2467
f 2487//2467 2481//2467 487//2467
f 2481//1626 2483//1626 485//1626
f 485//1626 487//1626 2481//1626
f 2384//1749 485//1749 2483//1749
f 483//1749 485//1749 2384//1749
f 2384//2426 335//2426 483//2426
f 124//2463 269//2463 2330//2463
f 2329//2463 2330//2463 269//2463
f 124//2416 2330//2416 2494//2416
f 124//2416 2494//2416 122//2416
f 2494//2404 8//2404 122//2404
f 2496//2404 8//2404 2494//2404
f 8//2468 2496//2468 502//2468
f 2499//2468 502//2468 2496//2468
f 502//508 2499//508 372//508
f 2502//508 372//508 2499//508
f 2504//2469 367//2469 372//2469
f 2504//2469 372//2469 2502//2469
f 367//1645 2504//1645 368//1645
f 2506//1645 368//1645 2504//1645
f 368//2470 2506//2470 30//2470
f 2508//2470 30//2470 2506//2470
f 2510//2471 363//2471 2508//2471
f 2508//2471 363//2471 30//2471
f 2519//2110 24//2110 2510//2110
f 363//2110 2510//2110 24//2110
f 2517//2467 505//2467 2519//2467
f 505//2467 24//2467 2519//2467
f 2520//2472 307//2472 505//2472
f 2520//2472 505//2472 2517//2472
f 2396//2430 307//2430 2520//2430
f 381//6 383//6 2300//6
f 469//6 1482//6 939//6
f 1047//6 939//6 1482//6
f 1482//6 1466//6 1047//6
f 286//6 1482//6 469//6
f 428//6 381//6 2364//6
f 2366//6 469//6 2364//6
f 2837//6 469//6 2621//6
f 2621//6 469//6 2623//6
f 2295//6 2364//6 381//6
f 2836//6 469//6 2837//6
f 2623//6 469//6 2366//6
f 2300//6 2295//6 381//6
f 428//6 2364//6 469//6
f 2836//6 2947//6 469//6
f 1449//6 469//6 2947//6
f 438//6 378//6 469//6
f 378//6 284//6 469//6
f 469//6 284//6 286//6
f 1451//6 1485//6 469//6
f 713//6 439//6 469//6
f 438//6 469//6 439//6
f 713//6 469//6 813//6
f 1451//6 469//6 1449//6
f 1503//6 469//6 1485//6
f 819//6 469//6 1990//6
f 1990//6 469//6 1972//6
f 1981//6 469//6 1503//6
f 1972//6 469//6 1981//6
f 819//6 813//6 469//6
f 3071//2473 359//2473 325//2473
f 347//2474 326//2474 359//2474
f 3072//2475 2339//2475 359//2475
f 359//2476 2339//2476 347//2476
f 3071//2477 3072//2477 359//2477
f 3073//2478 3072//2478 3071//2478
f 347//2479 3074//2479 348//2479
f 2339//2480 3074//2480 347//2480
f 2321//2481 348//2481 3074//2481
f 348//2481 2321//2481 370//2481
f 383//2482 391//2482 2300//2482
f 2319//129 2300//129 391//129
f 2319//2483 391//2483 2321//2483
f 370//2483 2321//2483 391//2483
f 3073//2484 2399//2484 2257//2484
f 2257//2485 2264//2485 3073//2485
f 3073//2486 2264//2486 3072//2486
f 2339//2487 3072//2487 2267//2487
f 2264//2488 2267//2488 3072//2488
f 3074//2489 2339//2489 2326//2489
f 2326//2490 2303//2490 3074//2490
f 2303//2490 2321//2490 3074//2490
f 227//2491 519//2491 507//2491
f 507//2492 228//2492 227//2492
f 3075//2493 507//2493 519//2493
f 3076//2494 500//2494 493//2494
f 508//2495 3076//2495 493//2495
f 500//2496 3071//2496 325//2496
f 3071//2497 500//2497 3076//2497
f 314//2498 535//2498 519//2498
f 519//2499 3077//2499 3075//2499
f 3077//2500 2380//2500 3075//2500
f 507//2501 3075//2501 3078//2501
f 507//2502 3078//2502 508//2502
f 508//2503 2399//2503 3076//2503
f 3078//2504 2399//2504 508//2504
f 2399//2505 3073//2505 3076//2505
f 3076//2506 3073//2506 3071//2506
f 3077//2507 519//2507 535//2507
f 535//2508 3079//2508 3077//2508
f 3077//2509 2379//2509 2380//2509
f 3078//2510 3075//2510 2415//2510
f 2380//2511 2415//2511 3075//2511
f 3078//2512 2415//2512 2400//2512
f 3078//2513 2400//2513 2399//2513
f 3079//2514 2379//2514 3077//2514
f 570//2515 3080//2515 3081//2515
f 570//2516 3081//2516 546//2516
f 546//2517 3079//2517 535//2517
f 3079//2518 546//2518 3081//2518
f 76//2519 2453//2519 85//2519
f 85//2520 2461//2520 3080//2520
f 85//2521 2453//2521 2461//2521
f 3080//2522 2460//2522 3081//2522
f 3080//2523 2461//2523 2460//2523
f 3081//2524 2460//2524 2419//2524
f 3081//2525 2419//2525 3079//2525
f 3079//2526 2419//2526 2379//2526
f 564//2527 77//2527 569//2527
f 568//2528 569//2528 77//2528
f 77//2529 85//2529 568//2529
f 3080//2530 570//2530 568//2530
f 568//2531 85//2531 3080//2531
f 570//2532 546//2532 305//2532
